{
"type": "FeatureCollection",
"name": "buildpermits",
"crs": { "type": "name", "properties": { "name": "urn:ogc:def:crs:OGC:1.3:CRS84" } },
"features": [
{ "type": "Feature", "properties": { "type": "Single Family Dwelling (> 3 stories above grade plane)" }, "geometry": { "type": "Point", "coordinates": [ -84.600949708215893, 39.062349042309862 ] } },
{ "type": "Feature", "properties": { "type": "Single Family Dwelling (> 3 stories above grade plane)" }, "geometry": { "type": "Point", "coordinates": [ -84.602601209248419, 39.065067042071476 ] } },
{ "type": "Feature", "properties": { "type": "Single Family Dwelling (> 3 stories above grade plane)" }, "geometry": { "type": "Point", "coordinates": [ -84.604117708282331, 39.06446404235259 ] } },
{ "type": "Feature", "properties": { "type": "Single Family Dwelling (> 3 stories above grade plane)" }, "geometry": { "type": "Point", "coordinates": [ -84.604122208917261, 39.064599042486755 ] } },
{ "type": "Feature", "properties": { "type": "Single Family Dwelling (> 3 stories above grade plane)" }, "geometry": { "type": "Point", "coordinates": [ -84.604126708413673, 39.06473404261768 ] } },
{ "type": "Feature", "properties": { "type": "Single Family Dwelling (> 3 stories above grade plane)" }, "geometry": { "type": "Point", "coordinates": [ -84.603645208429697, 39.064599042660539 ] } },
{ "type": "Feature", "properties": { "type": "Single Family Dwelling (> 3 stories above grade plane)" }, "geometry": { "type": "Point", "coordinates": [ -84.605859209224306, 39.066102042153261 ] } },
{ "type": "Feature", "properties": { "type": "Townhome" }, "geometry": { "type": "Point", "coordinates": [ -84.601008209069434, 39.064797042033298 ] } },
{ "type": "Feature", "properties": { "type": "Townhome" }, "geometry": { "type": "Point", "coordinates": [ -84.602988209182143, 39.063708042426413 ] } },
{ "type": "Feature", "properties": { "type": "Single Family Dwelling (> 3 stories above grade plane)" }, "geometry": { "type": "Point", "coordinates": [ -84.609364709045948, 39.066732041882645 ] } },
{ "type": "Feature", "properties": { "type": "Single Family Dwelling (> 3 stories above grade plane)" }, "geometry": { "type": "Point", "coordinates": [ -84.606912208744433, 39.066759042270498 ] } },
{ "type": "Feature", "properties": { "type": "Single Family Dwelling (> 3 stories above grade plane)" }, "geometry": { "type": "Point", "coordinates": [ -84.606610708798797, 39.066768042375394 ] } },
{ "type": "Feature", "properties": { "type": "Single Family Dwelling (> 3 stories above grade plane)" }, "geometry": { "type": "Point", "coordinates": [ -84.606255209156913, 39.066786041873364 ] } },
{ "type": "Feature", "properties": { "type": "Townhome" }, "geometry": { "type": "Point", "coordinates": [ -84.606331708386378, 39.026241042140022 ] } },
{ "type": "Feature", "properties": { "type": "Two Family Dwelling" }, "geometry": { "type": "Point", "coordinates": [ -84.603771208104391, 39.006288042024266 ] } },
{ "type": "Feature", "properties": { "type": "Two Family Dwelling" }, "geometry": { "type": "Point", "coordinates": [ -84.603631708235355, 39.00611704242845 ] } },
{ "type": "Feature", "properties": { "type": "Two Family Dwelling" }, "geometry": { "type": "Point", "coordinates": [ -84.603807208334445, 39.006333042263812 ] } },
{ "type": "Feature", "properties": { "type": "Two Family Dwelling" }, "geometry": { "type": "Point", "coordinates": [ -84.603672208471565, 39.006162042742183 ] } },
{ "type": "Feature", "properties": { "type": "Single Family Dwelling (> 3 stories above grade plane)" }, "geometry": { "type": "Point", "coordinates": [ -84.592647209097152, 39.043800042228426 ] } },
{ "type": "Feature", "properties": { "type": "Single Family Dwelling (> 3 stories above grade plane)" }, "geometry": { "type": "Point", "coordinates": [ -84.592773208423566, 39.04438504224261 ] } },
{ "type": "Feature", "properties": { "type": "Single Family Dwelling (> 3 stories above grade plane)" }, "geometry": { "type": "Point", "coordinates": [ -84.592854208807793, 39.044817041999366 ] } },
{ "type": "Feature", "properties": { "type": "Single Family Dwelling (> 3 stories above grade plane)" }, "geometry": { "type": "Point", "coordinates": [ -84.591801209146666, 39.045249042738917 ] } },
{ "type": "Feature", "properties": { "type": "Single Family Dwelling (> 3 stories above grade plane)" }, "geometry": { "type": "Point", "coordinates": [ -84.591540209146288, 39.045222042537596 ] } },
{ "type": "Feature", "properties": { "type": "Single Family Dwelling (> 3 stories above grade plane)" }, "geometry": { "type": "Point", "coordinates": [ -84.591018208587656, 39.045168042208878 ] } },
{ "type": "Feature", "properties": { "type": "Single Family Dwelling (> 3 stories above grade plane)" }, "geometry": { "type": "Point", "coordinates": [ -84.590694209206333, 39.045627042205929 ] } },
{ "type": "Feature", "properties": { "type": "Single Family Dwelling (> 3 stories above grade plane)" }, "geometry": { "type": "Point", "coordinates": [ -84.59075720806446, 39.045393042236277 ] } },
{ "type": "Feature", "properties": { "type": "Single Family Dwelling (> 3 stories above grade plane)" }, "geometry": { "type": "Point", "coordinates": [ -84.591342208748245, 39.045726042320346 ] } },
{ "type": "Feature", "properties": { "type": "Single Family Dwelling (> 3 stories above grade plane)" }, "geometry": { "type": "Point", "coordinates": [ -84.592579708146999, 39.045627042602064 ] } },
{ "type": "Feature", "properties": { "type": "Single Family Dwelling (> 3 stories above grade plane)" }, "geometry": { "type": "Point", "coordinates": [ -84.59221070876535, 39.045015042164721 ] } },
{ "type": "Feature", "properties": { "type": "Single Family Dwelling (> 3 stories above grade plane)" }, "geometry": { "type": "Point", "coordinates": [ -84.591616708308948, 39.044862042114787 ] } },
{ "type": "Feature", "properties": { "type": "Multi-Family" }, "geometry": { "type": "Point", "coordinates": [ -84.589069708704031, 39.050154042526977 ] } },
{ "type": "Feature", "properties": { "type": "Single Family Dwelling (> 3 stories above grade plane)" }, "geometry": { "type": "Point", "coordinates": [ -84.582607708094912, 39.034161042037276 ] } },
{ "type": "Feature", "properties": { "type": "Single Family Dwelling (> 3 stories above grade plane)" }, "geometry": { "type": "Point", "coordinates": [ -84.58180670816138, 38.981574042270779 ] } },
{ "type": "Feature", "properties": { "type": "Single Family Dwelling (> 3 stories above grade plane)" }, "geometry": { "type": "Point", "coordinates": [ -84.581410708598199, 38.982420042587741 ] } },
{ "type": "Feature", "properties": { "type": "Single Family Dwelling (> 3 stories above grade plane)" }, "geometry": { "type": "Point", "coordinates": [ -84.580573708665511, 38.983401042655998 ] } },
{ "type": "Feature", "properties": { "type": "Single Family Dwelling (> 3 stories above grade plane)" }, "geometry": { "type": "Point", "coordinates": [ -84.578733208067959, 38.982753042682447 ] } },
{ "type": "Feature", "properties": { "type": "Single Family Dwelling (> 3 stories above grade plane)" }, "geometry": { "type": "Point", "coordinates": [ -84.580830208247619, 38.98224904201038 ] } },
{ "type": "Feature", "properties": { "type": "Single Family Dwelling (> 3 stories above grade plane)" }, "geometry": { "type": "Point", "coordinates": [ -84.580267708667776, 38.98156504242376 ] } },
{ "type": "Feature", "properties": { "type": "Single Family Dwelling (> 3 stories above grade plane)" }, "geometry": { "type": "Point", "coordinates": [ -84.572685207911817, 38.931813042180593 ] } },
{ "type": "Feature", "properties": { "type": "Single Family Dwelling (> 3 stories above grade plane)" }, "geometry": { "type": "Point", "coordinates": [ -84.571663708547788, 38.930364042137654 ] } },
{ "type": "Feature", "properties": { "type": "Single Family Dwelling (> 3 stories above grade plane)" }, "geometry": { "type": "Point", "coordinates": [ -84.596742208532348, 38.942883042027582 ] } },
{ "type": "Feature", "properties": { "type": "Single Family Dwelling" }, "geometry": { "type": "Point", "coordinates": [ -84.595914208480821, 38.942793042068416 ] } },
{ "type": "Feature", "properties": { "type": "Single Family Dwelling (> 3 stories above grade plane)" }, "geometry": { "type": "Point", "coordinates": [ -84.574422208226935, 38.920878042459741 ] } },
{ "type": "Feature", "properties": { "type": "Single Family Dwelling (> 3 stories above grade plane)" }, "geometry": { "type": "Point", "coordinates": [ -84.591580707693268, 38.88486004248314 ] } },
{ "type": "Feature", "properties": { "type": "Single Family Dwelling (> 3 stories above grade plane)" }, "geometry": { "type": "Point", "coordinates": [ -84.585379707397266, 38.895255042339492 ] } },
{ "type": "Feature", "properties": { "type": "Single Family Dwelling (> 3 stories above grade plane)" }, "geometry": { "type": "Point", "coordinates": [ -84.594420207848572, 38.880738042320445 ] } },
{ "type": "Feature", "properties": { "type": "Single Family Dwelling (> 3 stories above grade plane)" }, "geometry": { "type": "Point", "coordinates": [ -84.593016208328436, 38.879955042336405 ] } },
{ "type": "Feature", "properties": { "type": "Single Family Dwelling (> 3 stories above grade plane)" }, "geometry": { "type": "Point", "coordinates": [ -84.592633707886421, 38.879244042301536 ] } },
{ "type": "Feature", "properties": { "type": "Single Family Dwelling (> 3 stories above grade plane)" }, "geometry": { "type": "Point", "coordinates": [ -84.592773208100439, 38.879631042169663 ] } },
{ "type": "Feature", "properties": { "type": "Single Family Dwelling (> 3 stories above grade plane)" }, "geometry": { "type": "Point", "coordinates": [ -84.593187207194703, 38.879055042076104 ] } },
{ "type": "Feature", "properties": { "type": "Single Family Dwelling (> 3 stories above grade plane)" }, "geometry": { "type": "Point", "coordinates": [ -84.595896207987039, 38.880513042735032 ] } },
{ "type": "Feature", "properties": { "type": "Single Family Dwelling (> 3 stories above grade plane)" }, "geometry": { "type": "Point", "coordinates": [ -84.597597207479225, 38.87998204286307 ] } },
{ "type": "Feature", "properties": { "type": "Single Family Dwelling (> 3 stories above grade plane)" }, "geometry": { "type": "Point", "coordinates": [ -84.596697208025802, 38.878983042499286 ] } },
{ "type": "Feature", "properties": { "type": "Single Family Dwelling (> 3 stories above grade plane)" }, "geometry": { "type": "Point", "coordinates": [ -84.596472207482378, 38.878911042137432 ] } },
{ "type": "Feature", "properties": { "type": "Single Family Dwelling (> 3 stories above grade plane)" }, "geometry": { "type": "Point", "coordinates": [ -84.595657707843827, 38.879019042679701 ] } },
{ "type": "Feature", "properties": { "type": "Single Family Dwelling (> 3 stories above grade plane)" }, "geometry": { "type": "Point", "coordinates": [ -84.59596370782323, 38.878362042152915 ] } },
{ "type": "Feature", "properties": { "type": "Single Family Dwelling (> 3 stories above grade plane)" }, "geometry": { "type": "Point", "coordinates": [ -84.596508207436273, 38.878389042076435 ] } },
{ "type": "Feature", "properties": { "type": "Single Family Dwelling (> 3 stories above grade plane)" }, "geometry": { "type": "Point", "coordinates": [ -84.597993207812621, 38.888244042752859 ] } },
{ "type": "Feature", "properties": { "type": "Single Family Dwelling (> 3 stories above grade plane)" }, "geometry": { "type": "Point", "coordinates": [ -84.588727707222418, 38.840715042394599 ] } },
{ "type": "Feature", "properties": { "type": "Single Family Dwelling (> 3 stories above grade plane)" }, "geometry": { "type": "Point", "coordinates": [ -84.572181207275079, 38.858436042714423 ] } },
{ "type": "Feature", "properties": { "type": "Single Family Dwelling (> 3 stories above grade plane)" }, "geometry": { "type": "Point", "coordinates": [ -84.573715707690894, 38.856888042946245 ] } },
{ "type": "Feature", "properties": { "type": "Single Family Dwelling (> 3 stories above grade plane)" }, "geometry": { "type": "Point", "coordinates": [ -84.542832209072088, 39.091167042391952 ] } },
{ "type": "Feature", "properties": { "type": "Single Family Dwelling (> 3 stories above grade plane)" }, "geometry": { "type": "Point", "coordinates": [ -84.543282208972158, 39.091644042007943 ] } },
{ "type": "Feature", "properties": { "type": "Single Family Dwelling (> 3 stories above grade plane)" }, "geometry": { "type": "Point", "coordinates": [ -84.567618208427618, 39.058749042509426 ] } },
{ "type": "Feature", "properties": { "type": "Single Family Dwelling (> 3 stories above grade plane)" }, "geometry": { "type": "Point", "coordinates": [ -84.560715209075468, 39.053700042803513 ] } },
{ "type": "Feature", "properties": { "type": "Single Family Dwelling (> 3 stories above grade plane)" }, "geometry": { "type": "Point", "coordinates": [ -84.560724208889724, 39.053565042148776 ] } },
{ "type": "Feature", "properties": { "type": "Townhome" }, "geometry": { "type": "Point", "coordinates": [ -84.562294708671189, 39.053889042733211 ] } },
{ "type": "Feature", "properties": { "type": "Townhome" }, "geometry": { "type": "Point", "coordinates": [ -84.562281208409672, 39.053817042000176 ] } },
{ "type": "Feature", "properties": { "type": "Townhome" }, "geometry": { "type": "Point", "coordinates": [ -84.562263208348952, 39.053754042737076 ] } },
{ "type": "Feature", "properties": { "type": "Townhome" }, "geometry": { "type": "Point", "coordinates": [ -84.5622452083159, 39.053691042569021 ] } },
{ "type": "Feature", "properties": { "type": "Townhome" }, "geometry": { "type": "Point", "coordinates": [ -84.562222708935678, 39.053610042705024 ] } },
{ "type": "Feature", "properties": { "type": "Single Family Dwelling (> 3 stories above grade plane)" }, "geometry": { "type": "Point", "coordinates": [ -84.550360708519563, 39.01681804219141 ] } },
{ "type": "Feature", "properties": { "type": "Single Family Dwelling (> 3 stories above grade plane)" }, "geometry": { "type": "Point", "coordinates": [ -84.551931209043147, 39.015018042699253 ] } },
{ "type": "Feature", "properties": { "type": "Single Family Dwelling (> 3 stories above grade plane)" }, "geometry": { "type": "Point", "coordinates": [ -84.559581208805838, 38.991393042143812 ] } },
{ "type": "Feature", "properties": { "type": "Single Family Dwelling (> 3 stories above grade plane)" }, "geometry": { "type": "Point", "coordinates": [ -84.558523708007883, 38.991276042924959 ] } },
{ "type": "Feature", "properties": { "type": "Single Family Dwelling (> 3 stories above grade plane)" }, "geometry": { "type": "Point", "coordinates": [ -84.546225207946605, 38.983221042751417 ] } },
{ "type": "Feature", "properties": { "type": "Single Family Dwelling (> 3 stories above grade plane)" }, "geometry": { "type": "Point", "coordinates": [ -84.545500708742424, 38.983212042601515 ] } },
{ "type": "Feature", "properties": { "type": "Single Family Dwelling (> 3 stories above grade plane)" }, "geometry": { "type": "Point", "coordinates": [ -84.546535708549428, 38.982537042524562 ] } },
{ "type": "Feature", "properties": { "type": "Single Family Dwelling (> 3 stories above grade plane)" }, "geometry": { "type": "Point", "coordinates": [ -84.545842708016437, 38.98280704246072 ] } },
{ "type": "Feature", "properties": { "type": "Single Family Dwelling (> 3 stories above grade plane)" }, "geometry": { "type": "Point", "coordinates": [ -84.547237707795361, 38.982366042241047 ] } },
{ "type": "Feature", "properties": { "type": "Single Family Dwelling (> 3 stories above grade plane)" }, "geometry": { "type": "Point", "coordinates": [ -84.570268708848758, 38.987964042652933 ] } },
{ "type": "Feature", "properties": { "type": "Single Family Dwelling (> 3 stories above grade plane)" }, "geometry": { "type": "Point", "coordinates": [ -84.563194708099815, 38.92868104225991 ] } },
{ "type": "Feature", "properties": { "type": "Single Family Dwelling (> 3 stories above grade plane)" }, "geometry": { "type": "Point", "coordinates": [ -84.562461208600837, 38.92802404275978 ] } },
{ "type": "Feature", "properties": { "type": "Single Family Dwelling (> 3 stories above grade plane)" }, "geometry": { "type": "Point", "coordinates": [ -84.564504207618143, 38.926908042969835 ] } },
{ "type": "Feature", "properties": { "type": "Single Family Dwelling (> 3 stories above grade plane)" }, "geometry": { "type": "Point", "coordinates": [ -84.565143208581489, 38.927736042200692 ] } },
{ "type": "Feature", "properties": { "type": "Single Family Dwelling (> 3 stories above grade plane)" }, "geometry": { "type": "Point", "coordinates": [ -84.569580208545943, 38.928852042259841 ] } },
{ "type": "Feature", "properties": { "type": "Single Family Dwelling (> 3 stories above grade plane)" }, "geometry": { "type": "Point", "coordinates": [ -84.56865320855762, 38.928726042406794 ] } },
{ "type": "Feature", "properties": { "type": "Single Family Dwelling (> 3 stories above grade plane)" }, "geometry": { "type": "Point", "coordinates": [ -84.569026707700274, 38.928762042626808 ] } },
{ "type": "Feature", "properties": { "type": "Single Family Dwelling (> 3 stories above grade plane)" }, "geometry": { "type": "Point", "coordinates": [ -84.569386708462176, 38.92882504268001 ] } },
{ "type": "Feature", "properties": { "type": "Single Family Dwelling (> 3 stories above grade plane)" }, "geometry": { "type": "Point", "coordinates": [ -84.569760207769008, 38.928879042102082 ] } },
{ "type": "Feature", "properties": { "type": "Single Family Dwelling (> 3 stories above grade plane)" }, "geometry": { "type": "Point", "coordinates": [ -84.569940208284336, 38.928906042566915 ] } },
{ "type": "Feature", "properties": { "type": "Single Family Dwelling (> 3 stories above grade plane)" }, "geometry": { "type": "Point", "coordinates": [ -84.570115707824655, 38.928933042365145 ] } },
{ "type": "Feature", "properties": { "type": "Single Family Dwelling (> 3 stories above grade plane)" }, "geometry": { "type": "Point", "coordinates": [ -84.571560208238935, 38.931228042225541 ] } },
{ "type": "Feature", "properties": { "type": "Single Family Dwelling (> 3 stories above grade plane)" }, "geometry": { "type": "Point", "coordinates": [ -84.571771707659124, 38.931750042389929 ] } },
{ "type": "Feature", "properties": { "type": "Single Family Dwelling (> 3 stories above grade plane)" }, "geometry": { "type": "Point", "coordinates": [ -84.569373207929615, 38.931345042166953 ] } },
{ "type": "Feature", "properties": { "type": "Single Family Dwelling (> 3 stories above grade plane)" }, "geometry": { "type": "Point", "coordinates": [ -84.569323708555828, 38.931057042143841 ] } },
{ "type": "Feature", "properties": { "type": "Single Family Dwelling (> 3 stories above grade plane)" }, "geometry": { "type": "Point", "coordinates": [ -84.568945707891757, 38.929203042341015 ] } },
{ "type": "Feature", "properties": { "type": "Single Family Dwelling (> 3 stories above grade plane)" }, "geometry": { "type": "Point", "coordinates": [ -84.570880707484775, 38.930886042151215 ] } },
{ "type": "Feature", "properties": { "type": "Single Family Dwelling (> 3 stories above grade plane)" }, "geometry": { "type": "Point", "coordinates": [ -84.571029208029941, 38.93128204237577 ] } },
{ "type": "Feature", "properties": { "type": "Single Family Dwelling (> 3 stories above grade plane)" }, "geometry": { "type": "Point", "coordinates": [ -84.569350708486709, 38.929914042162657 ] } },
{ "type": "Feature", "properties": { "type": "Single Family Dwelling (> 3 stories above grade plane)" }, "geometry": { "type": "Point", "coordinates": [ -84.563352207849192, 38.925981042166221 ] } },
{ "type": "Feature", "properties": { "type": "Single Family Dwelling (> 3 stories above grade plane)" }, "geometry": { "type": "Point", "coordinates": [ -84.569251707449979, 38.926098042832045 ] } },
{ "type": "Feature", "properties": { "type": "Single Family Dwelling (> 3 stories above grade plane)" }, "geometry": { "type": "Point", "coordinates": [ -84.567550708491368, 38.925171042809986 ] } },
{ "type": "Feature", "properties": { "type": "Single Family Dwelling (> 3 stories above grade plane)" }, "geometry": { "type": "Point", "coordinates": [ -84.568081708131473, 38.924928042785901 ] } },
{ "type": "Feature", "properties": { "type": "Single Family Dwelling (> 3 stories above grade plane)" }, "geometry": { "type": "Point", "coordinates": [ -84.565642707533968, 38.864799042728947 ] } },
{ "type": "Feature", "properties": { "type": "Single Family Dwelling (> 3 stories above grade plane)" }, "geometry": { "type": "Point", "coordinates": [ -84.573301707795864, 38.844486042958223 ] } },
{ "type": "Feature", "properties": { "type": "Single Family Dwelling (> 3 stories above grade plane)" }, "geometry": { "type": "Point", "coordinates": [ -84.571704207943725, 38.853468042317381 ] } },
{ "type": "Feature", "properties": { "type": "Single Family Dwelling (> 3 stories above grade plane)" }, "geometry": { "type": "Point", "coordinates": [ -84.51961670926913, 39.081618042334291 ] } },
{ "type": "Feature", "properties": { "type": "Townhome" }, "geometry": null },
{ "type": "Feature", "properties": { "type": "Townhome" }, "geometry": null },
{ "type": "Feature", "properties": { "type": "Multi-Family" }, "geometry": { "type": "Point", "coordinates": [ -84.541243709008697, 39.063222042376005 ] } },
{ "type": "Feature", "properties": { "type": "Single Family Dwelling (> 3 stories above grade plane)" }, "geometry": { "type": "Point", "coordinates": [ -84.524998708613154, 39.073194042213899 ] } },
{ "type": "Feature", "properties": { "type": "Single Family Dwelling (> 3 stories above grade plane)" }, "geometry": { "type": "Point", "coordinates": [ -84.526533208393985, 39.073527042219773 ] } },
{ "type": "Feature", "properties": { "type": "Multi-Family" }, "geometry": { "type": "Point", "coordinates": [ -84.537549207921614, 39.010212042156709 ] } },
{ "type": "Feature", "properties": { "type": "Multi-Family" }, "geometry": { "type": "Point", "coordinates": [ -84.53823320904128, 39.01032904272617 ] } },
{ "type": "Feature", "properties": { "type": "Single Family Dwelling (> 3 stories above grade plane)" }, "geometry": { "type": "Point", "coordinates": [ -84.530295207923643, 38.999034042832569 ] } },
{ "type": "Feature", "properties": { "type": "Single Family Dwelling (> 3 stories above grade plane)" }, "geometry": { "type": "Point", "coordinates": [ -84.529971207924092, 38.999169042597245 ] } },
{ "type": "Feature", "properties": { "type": "Single Family Dwelling (> 3 stories above grade plane)" }, "geometry": { "type": "Point", "coordinates": [ -84.529795707895801, 38.999241042439515 ] } },
{ "type": "Feature", "properties": { "type": "Single Family Dwelling (> 3 stories above grade plane)" }, "geometry": { "type": "Point", "coordinates": [ -84.527451208093865, 38.999124042429564 ] } },
{ "type": "Feature", "properties": { "type": "Single Family Dwelling (> 3 stories above grade plane)" }, "geometry": { "type": "Point", "coordinates": [ -84.529219708666886, 38.998404042299903 ] } },
{ "type": "Feature", "properties": { "type": "Single Family Dwelling (> 3 stories above grade plane)" }, "geometry": { "type": "Point", "coordinates": [ -84.526366708774759, 38.999439042983695 ] } },
{ "type": "Feature", "properties": { "type": "Two Family Dwelling" }, "geometry": { "type": "Point", "coordinates": [ -84.52401320859326, 38.998350042356499 ] } },
{ "type": "Feature", "properties": { "type": "Two Family Dwelling" }, "geometry": { "type": "Point", "coordinates": [ -84.524242708831878, 38.998512042525491 ] } },
{ "type": "Feature", "properties": { "type": "Two Family Dwelling" }, "geometry": { "type": "Point", "coordinates": [ -84.524080708814694, 38.998404042944053 ] } },
{ "type": "Feature", "properties": { "type": "Two Family Dwelling" }, "geometry": { "type": "Point", "coordinates": [ -84.524170708705853, 38.99845804257599 ] } },
{ "type": "Feature", "properties": { "type": "Two Family Dwelling" }, "geometry": { "type": "Point", "coordinates": [ -84.524404708185017, 38.998620042784154 ] } },
{ "type": "Feature", "properties": { "type": "Two Family Dwelling" }, "geometry": { "type": "Point", "coordinates": [ -84.524323708445863, 38.998566042232696 ] } },
{ "type": "Feature", "properties": { "type": "Single Family Dwelling (> 3 stories above grade plane)" }, "geometry": { "type": "Point", "coordinates": [ -84.524575708330474, 38.998737042242041 ] } },
{ "type": "Feature", "properties": { "type": "Single Family Dwelling (> 3 stories above grade plane)" }, "geometry": { "type": "Point", "coordinates": [ -84.524499208929214, 38.998692042697932 ] } },
{ "type": "Feature", "properties": { "type": "Single Family Dwelling (> 3 stories above grade plane)" }, "geometry": { "type": "Point", "coordinates": [ -84.52463420856823, 38.998323042286209 ] } },
{ "type": "Feature", "properties": { "type": "Single Family Dwelling (> 3 stories above grade plane)" }, "geometry": { "type": "Point", "coordinates": [ -84.524733207907602, 38.99838604271627 ] } },
{ "type": "Feature", "properties": { "type": "Two Family Dwelling" }, "geometry": { "type": "Point", "coordinates": [ -84.524535208505512, 38.998251043029015 ] } },
{ "type": "Feature", "properties": { "type": "Two Family Dwelling" }, "geometry": { "type": "Point", "coordinates": [ -84.524440708665409, 38.998206042970573 ] } },
{ "type": "Feature", "properties": { "type": "Two Family Dwelling" }, "geometry": { "type": "Point", "coordinates": [ -84.523545208475284, 38.998053042440247 ] } },
{ "type": "Feature", "properties": { "type": "Two Family Dwelling" }, "geometry": { "type": "Point", "coordinates": [ -84.523653207855375, 38.998008042483271 ] } },
{ "type": "Feature", "properties": { "type": "Two Family Dwelling" }, "geometry": { "type": "Point", "coordinates": [ -84.523914208123642, 38.998305042417989 ] } },
{ "type": "Feature", "properties": { "type": "Two Family Dwelling" }, "geometry": { "type": "Point", "coordinates": [ -84.523801708764125, 38.99826004218302 ] } },
{ "type": "Feature", "properties": { "type": "Multi-Family" }, "geometry": { "type": "Point", "coordinates": [ -84.520660707942312, 38.998116042802998 ] } },
{ "type": "Feature", "properties": { "type": "Multi-Family" }, "geometry": { "type": "Point", "coordinates": [ -84.520867708302134, 38.99844004246998 ] } },
{ "type": "Feature", "properties": { "type": "Single Family Dwelling (> 3 stories above grade plane)" }, "geometry": { "type": "Point", "coordinates": [ -84.504852208101113, 38.983329042552867 ] } },
{ "type": "Feature", "properties": { "type": "Single Family Dwelling (> 3 stories above grade plane)" }, "geometry": { "type": "Point", "coordinates": [ -84.520804708374925, 38.920338042721156 ] } },
{ "type": "Feature", "properties": { "type": "Single Family Dwelling (> 3 stories above grade plane)" }, "geometry": { "type": "Point", "coordinates": [ -84.514167208463235, 38.914020042516754 ] } },
{ "type": "Feature", "properties": { "type": "Single Family Dwelling (> 3 stories above grade plane)" }, "geometry": { "type": "Point", "coordinates": [ -84.514090707991016, 38.913840042338144 ] } },
{ "type": "Feature", "properties": { "type": "Single Family Dwelling (> 3 stories above grade plane)" }, "geometry": { "type": "Point", "coordinates": [ -84.514041207944516, 38.913678042658695 ] } },
{ "type": "Feature", "properties": { "type": "Single Family Dwelling (> 3 stories above grade plane)" }, "geometry": { "type": "Point", "coordinates": [ -84.513951208478602, 38.913507042765765 ] } },
{ "type": "Feature", "properties": { "type": "Single Family Dwelling (> 3 stories above grade plane)" }, "geometry": { "type": "Point", "coordinates": [ -84.515242707665465, 38.912886042480068 ] } },
{ "type": "Feature", "properties": { "type": "Single Family Dwelling (> 3 stories above grade plane)" }, "geometry": { "type": "Point", "coordinates": [ -84.515076207967041, 38.913093042384304 ] } },
{ "type": "Feature", "properties": { "type": "Single Family Dwelling (> 3 stories above grade plane)" }, "geometry": { "type": "Point", "coordinates": [ -84.514626207596294, 38.91266104257565 ] } },
{ "type": "Feature", "properties": { "type": "Single Family Dwelling (> 3 stories above grade plane)" }, "geometry": { "type": "Point", "coordinates": [ -84.518707708046563, 38.882367042816163 ] } },
{ "type": "Feature", "properties": { "type": "Single Family Dwelling (> 3 stories above grade plane)" }, "geometry": { "type": "Point", "coordinates": [ -84.528279207848712, 38.843415042673179 ] } },
{ "type": "Feature", "properties": { "type": "Single Family Dwelling (> 3 stories above grade plane)" }, "geometry": { "type": "Point", "coordinates": [ -84.534601707028727, 38.828970042510825 ] } },
{ "type": "Feature", "properties": { "type": "Single Family Dwelling (> 3 stories above grade plane)" }, "geometry": { "type": "Point", "coordinates": [ -84.530677707892437, 38.828862042842161 ] } },
{ "type": "Feature", "properties": { "type": "Single Family Dwelling (> 3 stories above grade plane)" }, "geometry": { "type": "Point", "coordinates": [ -84.491914707698896, 38.941281042997012 ] } },
{ "type": "Feature", "properties": { "type": "Single Family Dwelling (> 3 stories above grade plane)" }, "geometry": { "type": "Point", "coordinates": [ -84.491928207670696, 38.941470042694021 ] } },
{ "type": "Feature", "properties": { "type": "Single Family Dwelling (> 3 stories above grade plane)" }, "geometry": { "type": "Point", "coordinates": [ -84.491995707649551, 38.941632042979869 ] } },
{ "type": "Feature", "properties": { "type": "Single Family Dwelling (> 3 stories above grade plane)" }, "geometry": { "type": "Point", "coordinates": [ -84.492054208149625, 38.941776043169803 ] } },
{ "type": "Feature", "properties": { "type": "Single Family Dwelling (> 3 stories above grade plane)" }, "geometry": { "type": "Point", "coordinates": [ -84.492319707915016, 38.942235042715893 ] } },
{ "type": "Feature", "properties": { "type": "Single Family Dwelling (> 3 stories above grade plane)" }, "geometry": { "type": "Point", "coordinates": [ -84.492405207683277, 38.942388042879848 ] } },
{ "type": "Feature", "properties": { "type": "Single Family Dwelling (> 3 stories above grade plane)" }, "geometry": { "type": "Point", "coordinates": [ -84.493827208338956, 38.941695042766682 ] } },
{ "type": "Feature", "properties": { "type": "Single Family Dwelling (> 3 stories above grade plane)" }, "geometry": { "type": "Point", "coordinates": [ -84.493732708502165, 38.941524042772251 ] } },
{ "type": "Feature", "properties": { "type": "Single Family Dwelling (> 3 stories above grade plane)" }, "geometry": { "type": "Point", "coordinates": [ -84.493651707816767, 38.941353042730768 ] } },
{ "type": "Feature", "properties": { "type": "Single Family Dwelling (> 3 stories above grade plane)" }, "geometry": { "type": "Point", "coordinates": [ -84.493381708588942, 38.941065042605899 ] } },
{ "type": "Feature", "properties": { "type": "Single Family Dwelling (> 3 stories above grade plane)" }, "geometry": { "type": "Point", "coordinates": [ -84.492927208491849, 38.941281042630855 ] } },
{ "type": "Feature", "properties": { "type": "Single Family Dwelling (> 3 stories above grade plane)" }, "geometry": { "type": "Point", "coordinates": [ -84.493971208427709, 38.940795042934383 ] } },
{ "type": "Feature", "properties": { "type": "Single Family Dwelling (> 3 stories above grade plane)" }, "geometry": { "type": "Point", "coordinates": [ -84.494074708167346, 38.940948042557586 ] } },
{ "type": "Feature", "properties": { "type": "Single Family Dwelling (> 3 stories above grade plane)" }, "geometry": { "type": "Point", "coordinates": [ -84.494299708367109, 38.9412360424516 ] } },
{ "type": "Feature", "properties": { "type": "Single Family Dwelling (> 3 stories above grade plane)" }, "geometry": { "type": "Point", "coordinates": [ -84.496216708088824, 38.940705042627584 ] } },
{ "type": "Feature", "properties": { "type": "Single Family Dwelling (> 3 stories above grade plane)" }, "geometry": { "type": "Point", "coordinates": [ -84.498286708103876, 38.939013042834219 ] } },
{ "type": "Feature", "properties": { "type": "Single Family Dwelling (> 3 stories above grade plane)" }, "geometry": { "type": "Point", "coordinates": [ -84.496806207758524, 38.939778042758199 ] } },
{ "type": "Feature", "properties": { "type": "Single Family Dwelling (> 3 stories above grade plane)" }, "geometry": { "type": "Point", "coordinates": [ -84.497058208024029, 38.938698042325889 ] } },
{ "type": "Feature", "properties": { "type": "Single Family Dwelling (> 3 stories above grade plane)" }, "geometry": { "type": "Point", "coordinates": [ -84.501886708020947, 38.877696042963429 ] } },
{ "type": "Feature", "properties": { "type": "Single Family Dwelling (> 3 stories above grade plane)" }, "geometry": { "type": "Point", "coordinates": [ -84.503155708062906, 38.879730042642812 ] } },
{ "type": "Feature", "properties": { "type": "Single Family Dwelling (> 3 stories above grade plane)" }, "geometry": { "type": "Point", "coordinates": [ -84.490605207813161, 38.804544042609912 ] } },
{ "type": "Feature", "properties": { "type": "Single Family Dwelling (> 3 stories above grade plane)" }, "geometry": { "type": "Point", "coordinates": [ -84.510162207669097, 38.809260042633504 ] } },
{ "type": "Feature", "properties": { "type": "Modular / Manufactured Home" }, "geometry": { "type": "Point", "coordinates": [ -84.472119207745749, 38.973177042576673 ] } },
{ "type": "Feature", "properties": { "type": "Single Family Dwelling (> 3 stories above grade plane)" }, "geometry": { "type": "Point", "coordinates": [ -84.481582708517251, 38.907684043212058 ] } },
{ "type": "Feature", "properties": { "type": "Single Family Dwelling (> 3 stories above grade plane)" }, "geometry": { "type": "Point", "coordinates": [ -84.462993207706205, 38.896704042862552 ] } },
{ "type": "Feature", "properties": { "type": "Single Family Dwelling" }, "geometry": { "type": "Point", "coordinates": [ -84.520044208320357, 38.920383042426671 ] } },
{ "type": "Feature", "properties": { "type": "Single Family Dwelling (> 3 stories above grade plane)" }, "geometry": { "type": "Point", "coordinates": [ -84.59988770863022, 39.061926041898687 ] } },
{ "type": "Feature", "properties": { "type": "Single Family Dwelling (> 3 stories above grade plane)" }, "geometry": { "type": "Point", "coordinates": [ -84.603064709276453, 39.064797042154972 ] } },
{ "type": "Feature", "properties": { "type": "Single Family Dwelling (> 3 stories above grade plane)" }, "geometry": { "type": "Point", "coordinates": [ -84.603073709153747, 39.064923042006917 ] } },
{ "type": "Feature", "properties": { "type": "Single Family Dwelling (> 3 stories above grade plane)" }, "geometry": { "type": "Point", "coordinates": [ -84.604122209043283, 39.065013042251223 ] } },
{ "type": "Feature", "properties": { "type": "Single Family Dwelling (> 3 stories above grade plane)" }, "geometry": { "type": "Point", "coordinates": [ -84.604122209311299, 39.065148042336801 ] } },
{ "type": "Feature", "properties": { "type": "Single Family Dwelling (> 3 stories above grade plane)" }, "geometry": { "type": "Point", "coordinates": [ -84.604207708817938, 39.065526041879806 ] } },
{ "type": "Feature", "properties": { "type": "Single Family Dwelling (> 3 stories above grade plane)" }, "geometry": { "type": "Point", "coordinates": [ -84.603987208384353, 39.065526042487129 ] } },
{ "type": "Feature", "properties": { "type": "Single Family Dwelling (> 3 stories above grade plane)" }, "geometry": { "type": "Point", "coordinates": [ -84.603528209249617, 39.065526042279053 ] } },
{ "type": "Feature", "properties": { "type": "Single Family Dwelling (> 3 stories above grade plane)" }, "geometry": { "type": "Point", "coordinates": [ -84.603640708490332, 39.064311042556561 ] } },
{ "type": "Feature", "properties": { "type": "Single Family Dwelling (> 3 stories above grade plane)" }, "geometry": { "type": "Point", "coordinates": [ -84.604738708529013, 39.064770042044934 ] } },
{ "type": "Feature", "properties": { "type": "Single Family Dwelling (> 3 stories above grade plane)" }, "geometry": { "type": "Point", "coordinates": [ -84.604743209275725, 39.064608042632635 ] } },
{ "type": "Feature", "properties": { "type": "Single Family Dwelling (> 3 stories above grade plane)" }, "geometry": { "type": "Point", "coordinates": [ -84.60475670870639, 39.063447042686754 ] } },
{ "type": "Feature", "properties": { "type": "Single Family Dwelling (> 3 stories above grade plane)" }, "geometry": { "type": "Point", "coordinates": [ -84.60526970819086, 39.063591041987742 ] } },
{ "type": "Feature", "properties": { "type": "Single Family Dwelling (> 3 stories above grade plane)" }, "geometry": { "type": "Point", "coordinates": [ -84.60522020847867, 39.06325804195977 ] } },
{ "type": "Feature", "properties": { "type": "Single Family Dwelling (> 3 stories above grade plane)" }, "geometry": { "type": "Point", "coordinates": [ -84.605274208718683, 39.063744041967148 ] } },
{ "type": "Feature", "properties": { "type": "Single Family Dwelling (> 3 stories above grade plane)" }, "geometry": { "type": "Point", "coordinates": [ -84.605845709126513, 39.063609042287901 ] } },
{ "type": "Feature", "properties": { "type": "Single Family Dwelling (> 3 stories above grade plane)" }, "geometry": { "type": "Point", "coordinates": [ -84.605845709276608, 39.064104041953733 ] } },
{ "type": "Feature", "properties": { "type": "Single Family Dwelling (> 3 stories above grade plane)" }, "geometry": { "type": "Point", "coordinates": [ -84.605620708924121, 39.066885042347721 ] } },
{ "type": "Feature", "properties": { "type": "Single Family Dwelling (> 3 stories above grade plane)" }, "geometry": { "type": "Point", "coordinates": [ -84.605935709165891, 39.066867042472637 ] } },
{ "type": "Feature", "properties": { "type": "Townhome" }, "geometry": { "type": "Point", "coordinates": [ -84.601008209228695, 39.064581042252826 ] } },
{ "type": "Feature", "properties": { "type": "Townhome" }, "geometry": { "type": "Point", "coordinates": [ -84.601008208510052, 39.064509042024369 ] } },
{ "type": "Feature", "properties": { "type": "Single Family Dwelling (> 3 stories above grade plane)" }, "geometry": { "type": "Point", "coordinates": [ -84.603964708230521, 39.022812042075522 ] } },
{ "type": "Feature", "properties": { "type": "Single Family Dwelling (> 3 stories above grade plane)" }, "geometry": { "type": "Point", "coordinates": [ -84.613018708626953, 38.989575042581322 ] } },
{ "type": "Feature", "properties": { "type": "Single Family Dwelling (> 3 stories above grade plane)" }, "geometry": { "type": "Point", "coordinates": [ -84.605409206911077, 38.822364042397027 ] } },
{ "type": "Feature", "properties": { "type": "Single Family Dwelling (> 3 stories above grade plane)" }, "geometry": { "type": "Point", "coordinates": [ -84.593533709067657, 39.044934042200367 ] } },
{ "type": "Feature", "properties": { "type": "Single Family Dwelling (> 3 stories above grade plane)" }, "geometry": { "type": "Point", "coordinates": [ -84.593398708120972, 39.044322042756008 ] } },
{ "type": "Feature", "properties": { "type": "Single Family Dwelling (> 3 stories above grade plane)" }, "geometry": { "type": "Point", "coordinates": [ -84.59336720865798, 39.044142042004559 ] } },
{ "type": "Feature", "properties": { "type": "Single Family Dwelling (> 3 stories above grade plane)" }, "geometry": { "type": "Point", "coordinates": [ -84.592728208186941, 39.044187042722527 ] } },
{ "type": "Feature", "properties": { "type": "Single Family Dwelling (> 3 stories above grade plane)" }, "geometry": { "type": "Point", "coordinates": [ -84.593079208123939, 39.045186042038928 ] } },
{ "type": "Feature", "properties": { "type": "Single Family Dwelling (> 3 stories above grade plane)" }, "geometry": { "type": "Point", "coordinates": [ -84.593043208694255, 39.045762042220204 ] } },
{ "type": "Feature", "properties": { "type": "Single Family Dwelling (> 3 stories above grade plane)" }, "geometry": { "type": "Point", "coordinates": [ -84.593128708398368, 39.046167042571007 ] } },
{ "type": "Feature", "properties": { "type": "Single Family Dwelling (> 3 stories above grade plane)" }, "geometry": { "type": "Point", "coordinates": [ -84.593772208418073, 39.046068042153664 ] } },
{ "type": "Feature", "properties": { "type": "Single Family Dwelling (> 3 stories above grade plane)" }, "geometry": { "type": "Point", "coordinates": [ -84.593718208941311, 39.045888042229969 ] } },
{ "type": "Feature", "properties": { "type": "Single Family Dwelling (> 3 stories above grade plane)" }, "geometry": { "type": "Point", "coordinates": [ -84.59305670848336, 39.042909042243892 ] } },
{ "type": "Feature", "properties": { "type": "Single Family Dwelling (> 3 stories above grade plane)" }, "geometry": { "type": "Point", "coordinates": [ -84.592575209015365, 39.04297204215468 ] } },
{ "type": "Feature", "properties": { "type": "Multi-Family" }, "geometry": { "type": "Point", "coordinates": [ -84.588417208752531, 39.050991041915339 ] } },
{ "type": "Feature", "properties": { "type": "Modular / Manufactured Home" }, "geometry": { "type": "Point", "coordinates": [ -84.597007708495866, 39.024693042089545 ] } },
{ "type": "Feature", "properties": { "type": "Modular / Manufactured Home" }, "geometry": { "type": "Point", "coordinates": [ -84.595621708321346, 39.016854042120663 ] } },
{ "type": "Feature", "properties": { "type": "Single Family Dwelling (> 3 stories above grade plane)" }, "geometry": { "type": "Point", "coordinates": [ -84.576807208237298, 39.011805042237214 ] } },
{ "type": "Feature", "properties": { "type": "Single Family Dwelling (> 3 stories above grade plane)" }, "geometry": { "type": "Point", "coordinates": [ -84.599613208137782, 39.00878104236422 ] } },
{ "type": "Feature", "properties": { "type": "Single Family Dwelling (> 3 stories above grade plane)" }, "geometry": { "type": "Point", "coordinates": [ -84.582283707800698, 38.990484042230896 ] } },
{ "type": "Feature", "properties": { "type": "Single Family Dwelling (> 3 stories above grade plane)" }, "geometry": { "type": "Point", "coordinates": [ -84.581307207771601, 38.982546042717253 ] } },
{ "type": "Feature", "properties": { "type": "Single Family Dwelling (> 3 stories above grade plane)" }, "geometry": { "type": "Point", "coordinates": [ -84.58105970813557, 38.982834042547061 ] } },
{ "type": "Feature", "properties": { "type": "Single Family Dwelling (> 3 stories above grade plane)" }, "geometry": { "type": "Point", "coordinates": [ -84.578665708861095, 38.983248042605858 ] } },
{ "type": "Feature", "properties": { "type": "Single Family Dwelling (> 3 stories above grade plane)" }, "geometry": { "type": "Point", "coordinates": [ -84.578940208702903, 38.982753042359057 ] } },
{ "type": "Feature", "properties": { "type": "Single Family Dwelling (> 3 stories above grade plane)" }, "geometry": { "type": "Point", "coordinates": [ -84.574548207875182, 38.931120042702453 ] } },
{ "type": "Feature", "properties": { "type": "Single Family Dwelling (> 3 stories above grade plane)" }, "geometry": { "type": "Point", "coordinates": [ -84.574111708316039, 38.931642042241549 ] } },
{ "type": "Feature", "properties": { "type": "Single Family Dwelling (> 3 stories above grade plane)" }, "geometry": { "type": "Point", "coordinates": [ -84.573477207728303, 38.931723042837802 ] } },
{ "type": "Feature", "properties": { "type": "Single Family Dwelling (> 3 stories above grade plane)" }, "geometry": { "type": "Point", "coordinates": [ -84.572509707757703, 38.930382042523973 ] } },
{ "type": "Feature", "properties": { "type": "Single Family Dwelling (> 3 stories above grade plane)" }, "geometry": { "type": "Point", "coordinates": [ -84.572212708003704, 38.930220042675252 ] } },
{ "type": "Feature", "properties": { "type": "Single Family Dwelling (> 3 stories above grade plane)" }, "geometry": { "type": "Point", "coordinates": [ -84.575569707717435, 38.920869042247183 ] } },
{ "type": "Feature", "properties": { "type": "Single Family Dwelling (> 3 stories above grade plane)" }, "geometry": { "type": "Point", "coordinates": [ -84.596319207765362, 38.882259042751556 ] } },
{ "type": "Feature", "properties": { "type": "Single Family Dwelling (> 3 stories above grade plane)" }, "geometry": { "type": "Point", "coordinates": [ -84.596238208311334, 38.882070042079249 ] } },
{ "type": "Feature", "properties": { "type": "Single Family Dwelling (> 3 stories above grade plane)" }, "geometry": { "type": "Point", "coordinates": [ -84.59549570796429, 38.881251042310524 ] } },
{ "type": "Feature", "properties": { "type": "Single Family Dwelling (> 3 stories above grade plane)" }, "geometry": { "type": "Point", "coordinates": [ -84.595315707935541, 38.881116042033014 ] } },
{ "type": "Feature", "properties": { "type": "Single Family Dwelling (> 3 stories above grade plane)" }, "geometry": { "type": "Point", "coordinates": [ -84.593578708155434, 38.880333042287269 ] } },
{ "type": "Feature", "properties": { "type": "Single Family Dwelling (> 3 stories above grade plane)" }, "geometry": { "type": "Point", "coordinates": [ -84.592687707529237, 38.879424042119133 ] } },
{ "type": "Feature", "properties": { "type": "Single Family Dwelling (> 3 stories above grade plane)" }, "geometry": { "type": "Point", "coordinates": [ -84.592552707323307, 38.879037042558835 ] } },
{ "type": "Feature", "properties": { "type": "Single Family Dwelling (> 3 stories above grade plane)" }, "geometry": { "type": "Point", "coordinates": [ -84.592498708308355, 38.878857042658694 ] } },
{ "type": "Feature", "properties": { "type": "Single Family Dwelling (> 3 stories above grade plane)" }, "geometry": { "type": "Point", "coordinates": [ -84.593074707766434, 38.878677042395815 ] } },
{ "type": "Feature", "properties": { "type": "Single Family Dwelling (> 3 stories above grade plane)" }, "geometry": { "type": "Point", "coordinates": [ -84.594897207418015, 38.880900042542976 ] } },
{ "type": "Feature", "properties": { "type": "Single Family Dwelling (> 3 stories above grade plane)" }, "geometry": { "type": "Point", "coordinates": [ -84.593227707418251, 38.879244042246711 ] } },
{ "type": "Feature", "properties": { "type": "Single Family Dwelling (> 3 stories above grade plane)" }, "geometry": { "type": "Point", "coordinates": [ -84.593133207732293, 38.87887504246433 ] } },
{ "type": "Feature", "properties": { "type": "Single Family Dwelling (> 3 stories above grade plane)" }, "geometry": { "type": "Point", "coordinates": [ -84.593376208327001, 38.879640042221851 ] } },
{ "type": "Feature", "properties": { "type": "Single Family Dwelling (> 3 stories above grade plane)" }, "geometry": { "type": "Point", "coordinates": [ -84.593961207800419, 38.880036042382294 ] } },
{ "type": "Feature", "properties": { "type": "Single Family Dwelling (> 3 stories above grade plane)" }, "geometry": { "type": "Point", "coordinates": [ -84.594420207711877, 38.8802610421682 ] } },
{ "type": "Feature", "properties": { "type": "Single Family Dwelling (> 3 stories above grade plane)" }, "geometry": { "type": "Point", "coordinates": [ -84.594681208312991, 38.880369042031724 ] } },
{ "type": "Feature", "properties": { "type": "Single Family Dwelling (> 3 stories above grade plane)" }, "geometry": { "type": "Point", "coordinates": [ -84.593781207456857, 38.87991904244106 ] } },
{ "type": "Feature", "properties": { "type": "Single Family Dwelling (> 3 stories above grade plane)" }, "geometry": { "type": "Point", "coordinates": [ -84.594910707859484, 38.880450042533738 ] } },
{ "type": "Feature", "properties": { "type": "Single Family Dwelling (> 3 stories above grade plane)" }, "geometry": { "type": "Point", "coordinates": [ -84.595275208281961, 38.879541042063209 ] } },
{ "type": "Feature", "properties": { "type": "Single Family Dwelling (> 3 stories above grade plane)" }, "geometry": { "type": "Point", "coordinates": [ -84.59602220726137, 38.880090042854171 ] } },
{ "type": "Feature", "properties": { "type": "Single Family Dwelling (> 3 stories above grade plane)" }, "geometry": { "type": "Point", "coordinates": [ -84.597214707608785, 38.879460042401469 ] } },
{ "type": "Feature", "properties": { "type": "Single Family Dwelling (> 3 stories above grade plane)" }, "geometry": { "type": "Point", "coordinates": [ -84.597210207229068, 38.878686042387031 ] } },
{ "type": "Feature", "properties": { "type": "Single Family Dwelling (> 3 stories above grade plane)" }, "geometry": { "type": "Point", "coordinates": [ -84.596508207436273, 38.878389042076435 ] } },
{ "type": "Feature", "properties": { "type": "Single Family Dwelling (> 3 stories above grade plane)" }, "geometry": { "type": "Point", "coordinates": [ -84.596985208120088, 38.878542042022858 ] } },
{ "type": "Feature", "properties": { "type": "Single Family Dwelling (> 3 stories above grade plane)" }, "geometry": { "type": "Point", "coordinates": [ -84.59740820746724, 38.878839042659131 ] } },
{ "type": "Feature", "properties": { "type": "Single Family Dwelling (> 3 stories above grade plane)" }, "geometry": { "type": "Point", "coordinates": [ -84.597682707654613, 38.879154042240842 ] } },
{ "type": "Feature", "properties": { "type": "Single Family Dwelling (> 3 stories above grade plane)" }, "geometry": { "type": "Point", "coordinates": [ -84.597529707320533, 38.878983042132127 ] } },
{ "type": "Feature", "properties": { "type": "Single Family Dwelling (> 3 stories above grade plane)" }, "geometry": { "type": "Point", "coordinates": [ -84.594388708110444, 38.878866042418984 ] } },
{ "type": "Feature", "properties": { "type": "Single Family Dwelling (> 3 stories above grade plane)" }, "geometry": { "type": "Point", "coordinates": [ -84.597907707467613, 38.879514042325567 ] } },
{ "type": "Feature", "properties": { "type": "Single Family Dwelling (> 3 stories above grade plane)" }, "geometry": { "type": "Point", "coordinates": [ -84.588619707303081, 38.849841042264941 ] } },
{ "type": "Feature", "properties": { "type": "Single Family Dwelling (> 3 stories above grade plane)" }, "geometry": { "type": "Point", "coordinates": [ -84.547264708580897, 39.067146042335814 ] } },
{ "type": "Feature", "properties": { "type": "Single Family Dwelling (> 3 stories above grade plane)" }, "geometry": { "type": "Point", "coordinates": [ -84.5520122088639, 39.061746042511849 ] } },
{ "type": "Feature", "properties": { "type": "Single Family Dwelling (> 3 stories above grade plane)" }, "geometry": { "type": "Point", "coordinates": [ -84.551656708474226, 39.056580042245194 ] } },
{ "type": "Feature", "properties": { "type": "Single Family Dwelling (> 3 stories above grade plane)" }, "geometry": { "type": "Point", "coordinates": [ -84.571776208539802, 39.028392042180286 ] } },
{ "type": "Feature", "properties": { "type": "Single Family Dwelling (> 3 stories above grade plane)" }, "geometry": { "type": "Point", "coordinates": [ -84.55173770816873, 39.015279042166576 ] } },
{ "type": "Feature", "properties": { "type": "Single Family Dwelling (> 3 stories above grade plane)" }, "geometry": { "type": "Point", "coordinates": [ -84.546747208767343, 38.979396042116171 ] } },
{ "type": "Feature", "properties": { "type": "Single Family Dwelling (> 3 stories above grade plane)" }, "geometry": { "type": "Point", "coordinates": [ -84.548448208276682, 38.983257042360307 ] } },
{ "type": "Feature", "properties": { "type": "Single Family Dwelling (> 3 stories above grade plane)" }, "geometry": { "type": "Point", "coordinates": [ -84.547548208448248, 38.983680042554383 ] } },
{ "type": "Feature", "properties": { "type": "Single Family Dwelling (> 3 stories above grade plane)" }, "geometry": { "type": "Point", "coordinates": [ -84.546603208526903, 38.984184042569311 ] } },
{ "type": "Feature", "properties": { "type": "Single Family Dwelling (> 3 stories above grade plane)" }, "geometry": { "type": "Point", "coordinates": [ -84.564405207474607, 38.927727042389073 ] } },
{ "type": "Feature", "properties": { "type": "Single Family Dwelling (> 3 stories above grade plane)" }, "geometry": { "type": "Point", "coordinates": [ -84.56368520837043, 38.927052042501316 ] } },
{ "type": "Feature", "properties": { "type": "Single Family Dwelling (> 3 stories above grade plane)" }, "geometry": { "type": "Point", "coordinates": [ -84.563824708383208, 38.926926042528422 ] } },
{ "type": "Feature", "properties": { "type": "Single Family Dwelling (> 3 stories above grade plane)" }, "geometry": { "type": "Point", "coordinates": [ -84.568932208338623, 38.92941904216346 ] } },
{ "type": "Feature", "properties": { "type": "Single Family Dwelling (> 3 stories above grade plane)" }, "geometry": { "type": "Point", "coordinates": [ -84.569872708327921, 38.929311042874566 ] } },
{ "type": "Feature", "properties": { "type": "Single Family Dwelling (> 3 stories above grade plane)" }, "geometry": { "type": "Point", "coordinates": [ -84.569170707922467, 38.929221042200631 ] } },
{ "type": "Feature", "properties": { "type": "Single Family Dwelling (> 3 stories above grade plane)" }, "geometry": { "type": "Point", "coordinates": [ -84.570039207717016, 38.92933804287847 ] } },
{ "type": "Feature", "properties": { "type": "Single Family Dwelling (> 3 stories above grade plane)" }, "geometry": { "type": "Point", "coordinates": [ -84.570021208314657, 38.929986042866759 ] } },
{ "type": "Feature", "properties": { "type": "Single Family Dwelling (> 3 stories above grade plane)" }, "geometry": { "type": "Point", "coordinates": [ -84.563757208122198, 38.926296042386518 ] } },
{ "type": "Feature", "properties": { "type": "Single Family Dwelling (> 3 stories above grade plane)" }, "geometry": { "type": "Point", "coordinates": [ -84.567924207678004, 38.925531042755694 ] } },
{ "type": "Feature", "properties": { "type": "Single Family Dwelling (> 3 stories above grade plane)" }, "geometry": { "type": "Point", "coordinates": [ -84.567519208074387, 38.924073042291084 ] } },
{ "type": "Feature", "properties": { "type": "Single Family Dwelling (> 3 stories above grade plane)" }, "geometry": { "type": "Point", "coordinates": [ -84.566389707443435, 38.911815042863388 ] } },
{ "type": "Feature", "properties": { "type": "Modular / Manufactured Home" }, "geometry": { "type": "Point", "coordinates": [ -84.559878207566143, 38.797506042560542 ] } },
{ "type": "Feature", "properties": { "type": "Townhome" }, "geometry": { "type": "Point", "coordinates": [ -84.528463708727742, 39.088917042255382 ] } },
{ "type": "Feature", "properties": { "type": "Single Family Dwelling (> 3 stories above grade plane)" }, "geometry": { "type": "Point", "coordinates": [ -84.593326708887147, 39.042450042708012 ] } },
{ "type": "Feature", "properties": { "type": "Multi-Family" }, "geometry": { "type": "Point", "coordinates": [ -84.53788220841588, 39.012192042946559 ] } },
{ "type": "Feature", "properties": { "type": "Multi-Family" }, "geometry": { "type": "Point", "coordinates": [ -84.538048708036484, 39.011580042671923 ] } },
{ "type": "Feature", "properties": { "type": "Multi-Family" }, "geometry": { "type": "Point", "coordinates": [ -84.537963208893331, 39.011886042486843 ] } },
{ "type": "Feature", "properties": { "type": "Single Family Dwelling (> 3 stories above grade plane)" }, "geometry": { "type": "Point", "coordinates": [ -84.535996708986886, 39.011247042256926 ] } },
{ "type": "Feature", "properties": { "type": "Single Family Dwelling (> 3 stories above grade plane)" }, "geometry": { "type": "Point", "coordinates": [ -84.536113707943812, 39.011283042744736 ] } },
{ "type": "Feature", "properties": { "type": "Multi-Family" }, "geometry": { "type": "Point", "coordinates": [ -84.537198208210242, 39.011706042927727 ] } },
{ "type": "Feature", "properties": { "type": "Single Family Dwelling (> 3 stories above grade plane)" }, "geometry": { "type": "Point", "coordinates": [ -84.522649708575699, 38.999007042723562 ] } },
{ "type": "Feature", "properties": { "type": "Two Family Dwelling" }, "geometry": { "type": "Point", "coordinates": [ -84.52415270829259, 38.998854042610475 ] } },
{ "type": "Feature", "properties": { "type": "Two Family Dwelling" }, "geometry": { "type": "Point", "coordinates": [ -84.52424270880131, 38.998908042179409 ] } },
{ "type": "Feature", "properties": { "type": "Two Family Dwelling" }, "geometry": { "type": "Point", "coordinates": [ -84.52394120861328, 38.998746042509339 ] } },
{ "type": "Feature", "properties": { "type": "Two Family Dwelling" }, "geometry": { "type": "Point", "coordinates": [ -84.524040208240379, 38.998800042966543 ] } },
{ "type": "Feature", "properties": { "type": "Two Family Dwelling" }, "geometry": { "type": "Point", "coordinates": [ -84.523770208436829, 38.998656042869115 ] } },
{ "type": "Feature", "properties": { "type": "Two Family Dwelling" }, "geometry": { "type": "Point", "coordinates": [ -84.52385570823003, 38.998692042176302 ] } },
{ "type": "Feature", "properties": { "type": "Two Family Dwelling" }, "geometry": { "type": "Point", "coordinates": [ -84.523549708983566, 38.998530042929296 ] } },
{ "type": "Feature", "properties": { "type": "Two Family Dwelling" }, "geometry": { "type": "Point", "coordinates": [ -84.523680208598677, 38.998602042935339 ] } },
{ "type": "Feature", "properties": { "type": "Two Family Dwelling" }, "geometry": { "type": "Point", "coordinates": [ -84.523131208913384, 38.998341042205134 ] } },
{ "type": "Feature", "properties": { "type": "Two Family Dwelling" }, "geometry": { "type": "Point", "coordinates": [ -84.523266207857588, 38.998404042523894 ] } },
{ "type": "Feature", "properties": { "type": "Two Family Dwelling" }, "geometry": { "type": "Point", "coordinates": [ -84.523414708768684, 38.998908042606722 ] } },
{ "type": "Feature", "properties": { "type": "Two Family Dwelling" }, "geometry": { "type": "Point", "coordinates": [ -84.52329320787139, 38.998845042740875 ] } },
{ "type": "Feature", "properties": { "type": "Two Family Dwelling" }, "geometry": { "type": "Point", "coordinates": [ -84.523644208948866, 38.999025042993452 ] } },
{ "type": "Feature", "properties": { "type": "Two Family Dwelling" }, "geometry": { "type": "Point", "coordinates": [ -84.523536208724593, 38.998971042348884 ] } },
{ "type": "Feature", "properties": { "type": "Single Family Dwelling (> 3 stories above grade plane)" }, "geometry": { "type": "Point", "coordinates": [ -84.528126208924434, 38.999934042196976 ] } },
{ "type": "Feature", "properties": { "type": "Single Family Dwelling (> 3 stories above grade plane)" }, "geometry": { "type": "Point", "coordinates": [ -84.529606708595992, 38.999673042615065 ] } },
{ "type": "Feature", "properties": { "type": "Single Family Dwelling (> 3 stories above grade plane)" }, "geometry": { "type": "Point", "coordinates": [ -84.526753708047053, 38.999583042997976 ] } },
{ "type": "Feature", "properties": { "type": "Single Family Dwelling (> 3 stories above grade plane)" }, "geometry": { "type": "Point", "coordinates": [ -84.526857208825035, 38.999466042731378 ] } },
{ "type": "Feature", "properties": { "type": "Single Family Dwelling (> 3 stories above grade plane)" }, "geometry": { "type": "Point", "coordinates": [ -84.527680708262793, 38.999070042645634 ] } },
{ "type": "Feature", "properties": { "type": "Single Family Dwelling (> 3 stories above grade plane)" }, "geometry": { "type": "Point", "coordinates": [ -84.528148708241815, 38.998602042831948 ] } },
{ "type": "Feature", "properties": { "type": "Single Family Dwelling (> 3 stories above grade plane)" }, "geometry": { "type": "Point", "coordinates": [ -84.527941708398174, 38.998656042802949 ] } },
{ "type": "Feature", "properties": { "type": "Single Family Dwelling (> 3 stories above grade plane)" }, "geometry": { "type": "Point", "coordinates": [ -84.527185708367327, 38.99889004222009 ] } },
{ "type": "Feature", "properties": { "type": "Single Family Dwelling (> 3 stories above grade plane)" }, "geometry": { "type": "Point", "coordinates": [ -84.526515208505216, 38.999322042133493 ] } },
{ "type": "Feature", "properties": { "type": "Single Family Dwelling (> 3 stories above grade plane)" }, "geometry": { "type": "Point", "coordinates": [ -84.526969708650554, 38.998935042150798 ] } },
{ "type": "Feature", "properties": { "type": "Multi-Family" }, "geometry": { "type": "Point", "coordinates": [ -84.520395208203638, 38.998629042821229 ] } },
{ "type": "Feature", "properties": { "type": "Multi-Family" }, "geometry": { "type": "Point", "coordinates": [ -84.520422208709121, 38.998791042997738 ] } },
{ "type": "Feature", "properties": { "type": "Single Family Dwelling (> 3 stories above grade plane)" }, "geometry": { "type": "Point", "coordinates": [ -84.519630207731367, 38.919717042863034 ] } },
{ "type": "Feature", "properties": { "type": "Single Family Dwelling (> 3 stories above grade plane)" }, "geometry": { "type": "Point", "coordinates": [ -84.514378708244635, 38.914524042997506 ] } },
{ "type": "Feature", "properties": { "type": "Single Family Dwelling (> 3 stories above grade plane)" }, "geometry": { "type": "Point", "coordinates": [ -84.514293208255381, 38.914353042323661 ] } },
{ "type": "Feature", "properties": { "type": "Single Family Dwelling (> 3 stories above grade plane)" }, "geometry": { "type": "Point", "coordinates": [ -84.51423470743174, 38.914182042323397 ] } },
{ "type": "Feature", "properties": { "type": "Single Family Dwelling (> 3 stories above grade plane)" }, "geometry": { "type": "Point", "coordinates": [ -84.514779208118441, 38.913858042654795 ] } },
{ "type": "Feature", "properties": { "type": "Single Family Dwelling (> 3 stories above grade plane)" }, "geometry": { "type": "Point", "coordinates": [ -84.514635207548977, 38.913525042285102 ] } },
{ "type": "Feature", "properties": { "type": "Single Family Dwelling (> 3 stories above grade plane)" }, "geometry": { "type": "Point", "coordinates": [ -84.514558708389842, 38.913354042266043 ] } },
{ "type": "Feature", "properties": { "type": "Single Family Dwelling (> 3 stories above grade plane)" }, "geometry": { "type": "Point", "coordinates": [ -84.515148208166636, 38.912652042641717 ] } },
{ "type": "Feature", "properties": { "type": "Single Family Dwelling (> 3 stories above grade plane)" }, "geometry": { "type": "Point", "coordinates": [ -84.533485707635535, 38.830374042874375 ] } },
{ "type": "Feature", "properties": { "type": "Modular / Manufactured Home" }, "geometry": { "type": "Point", "coordinates": [ -84.516547707354178, 38.81320204247772 ] } },
{ "type": "Feature", "properties": { "type": "Single Family Dwelling (> 3 stories above grade plane)" }, "geometry": { "type": "Point", "coordinates": [ -84.506859209247068, 39.089241042580205 ] } },
{ "type": "Feature", "properties": { "type": "Multi-Family" }, "geometry": { "type": "Point", "coordinates": [ -84.506719709023898, 39.082554042398122 ] } },
{ "type": "Feature", "properties": { "type": "Single Family Dwelling (> 3 stories above grade plane)" }, "geometry": { "type": "Point", "coordinates": [ -84.493876708017794, 38.941866042956597 ] } },
{ "type": "Feature", "properties": { "type": "Single Family Dwelling (> 3 stories above grade plane)" }, "geometry": { "type": "Point", "coordinates": [ -84.492832708127807, 38.942064042588761 ] } },
{ "type": "Feature", "properties": { "type": "Single Family Dwelling (> 3 stories above grade plane)" }, "geometry": { "type": "Point", "coordinates": [ -84.493854208141926, 38.940660042815693 ] } },
{ "type": "Feature", "properties": { "type": "Single Family Dwelling (> 3 stories above grade plane)" }, "geometry": { "type": "Point", "coordinates": [ -84.494304208378864, 38.940453042885046 ] } },
{ "type": "Feature", "properties": { "type": "Single Family Dwelling (> 3 stories above grade plane)" }, "geometry": { "type": "Point", "coordinates": [ -84.494749707572197, 38.940228042838605 ] } },
{ "type": "Feature", "properties": { "type": "Single Family Dwelling (> 3 stories above grade plane)" }, "geometry": { "type": "Point", "coordinates": [ -84.49587920808645, 38.940012042785703 ] } },
{ "type": "Feature", "properties": { "type": "Single Family Dwelling (> 3 stories above grade plane)" }, "geometry": { "type": "Point", "coordinates": [ -84.49857470763078, 38.9393460425987 ] } },
{ "type": "Feature", "properties": { "type": "Single Family Dwelling (> 3 stories above grade plane)" }, "geometry": { "type": "Point", "coordinates": [ -84.496617207840075, 38.93975104235728 ] } },
{ "type": "Feature", "properties": { "type": "Single Family Dwelling (> 3 stories above grade plane)" }, "geometry": { "type": "Point", "coordinates": [ -84.495942208051673, 38.939697042442241 ] } },
{ "type": "Feature", "properties": { "type": "Single Family Dwelling (> 3 stories above grade plane)" }, "geometry": { "type": "Point", "coordinates": [ -84.49739570772816, 38.939103042457958 ] } },
{ "type": "Feature", "properties": { "type": "Single Family Dwelling (> 3 stories above grade plane)" }, "geometry": { "type": "Point", "coordinates": [ -84.497310207970145, 38.938698042908179 ] } },
{ "type": "Feature", "properties": { "type": "Single Family Dwelling (> 3 stories above grade plane)" }, "geometry": { "type": "Point", "coordinates": [ -84.496513708489246, 38.938815042488848 ] } },
{ "type": "Feature", "properties": { "type": "Single Family Dwelling (> 3 stories above grade plane)" }, "geometry": { "type": "Point", "coordinates": [ -84.504114207498191, 38.917305042430812 ] } },
{ "type": "Feature", "properties": { "type": "Single Family Dwelling (> 3 stories above grade plane)" }, "geometry": { "type": "Point", "coordinates": [ -84.501558207946459, 38.87909104247796 ] } },
{ "type": "Feature", "properties": { "type": "Modular / Manufactured Home" }, "geometry": { "type": "Point", "coordinates": [ -84.51062120765468, 38.869731042783506 ] } },
{ "type": "Feature", "properties": { "type": "Modular / Manufactured Home" }, "geometry": { "type": "Point", "coordinates": [ -84.516286707088483, 38.813121042635544 ] } },
{ "type": "Feature", "properties": { "type": "Modular / Manufactured Home" }, "geometry": { "type": "Point", "coordinates": [ -84.478797207777902, 38.908485042961345 ] } },
{ "type": "Feature", "properties": { "type": "Modular / Manufactured Home" }, "geometry": { "type": "Point", "coordinates": [ -84.466593207663138, 38.845260042903064 ] } },
{ "type": "Feature", "properties": { "type": "Modular / Manufactured Home" }, "geometry": { "type": "Point", "coordinates": [ -84.455127208017714, 38.880693042754885 ] } },
{ "type": "Feature", "properties": { "type": "Single Family Dwelling (> 3 stories above grade plane)" }, "geometry": { "type": "Point", "coordinates": [ -84.444822207343904, 38.805192043090457 ] } },
{ "type": "Feature", "properties": { "type": "Single Family Dwelling (> 3 stories above grade plane)" }, "geometry": { "type": "Point", "coordinates": [ -84.604122208297895, 39.064869042694589 ] } },
{ "type": "Feature", "properties": { "type": "Single Family Dwelling (> 3 stories above grade plane)" }, "geometry": { "type": "Point", "coordinates": [ -84.604113208742859, 39.065283042371348 ] } },
{ "type": "Feature", "properties": { "type": "Single Family Dwelling (> 3 stories above grade plane)" }, "geometry": { "type": "Point", "coordinates": [ -84.60376670910621, 39.065526042679465 ] } },
{ "type": "Feature", "properties": { "type": "Single Family Dwelling (> 3 stories above grade plane)" }, "geometry": { "type": "Point", "coordinates": [ -84.603645208636451, 39.064455042182068 ] } },
{ "type": "Feature", "properties": { "type": "Single Family Dwelling (> 3 stories above grade plane)" }, "geometry": { "type": "Point", "coordinates": [ -84.604729708854975, 39.065760042638225 ] } },
{ "type": "Feature", "properties": { "type": "Single Family Dwelling (> 3 stories above grade plane)" }, "geometry": { "type": "Point", "coordinates": [ -84.604729708683621, 39.065589042020456 ] } },
{ "type": "Feature", "properties": { "type": "Single Family Dwelling (> 3 stories above grade plane)" }, "geometry": { "type": "Point", "coordinates": [ -84.604729709074689, 39.065427042656566 ] } },
{ "type": "Feature", "properties": { "type": "Single Family Dwelling (> 3 stories above grade plane)" }, "geometry": { "type": "Point", "coordinates": [ -84.604738709266101, 39.064446042313179 ] } },
{ "type": "Feature", "properties": { "type": "Single Family Dwelling (> 3 stories above grade plane)" }, "geometry": { "type": "Point", "coordinates": [ -84.604743208873188, 39.064266042147949 ] } },
{ "type": "Feature", "properties": { "type": "Single Family Dwelling (> 3 stories above grade plane)" }, "geometry": { "type": "Point", "coordinates": [ -84.604752209102955, 39.063942042358555 ] } },
{ "type": "Feature", "properties": { "type": "Single Family Dwelling (> 3 stories above grade plane)" }, "geometry": { "type": "Point", "coordinates": [ -84.604752208661992, 39.06360004269402 ] } },
{ "type": "Feature", "properties": { "type": "Single Family Dwelling (> 3 stories above grade plane)" }, "geometry": { "type": "Point", "coordinates": [ -84.604140209283301, 39.063780042334578 ] } },
{ "type": "Feature", "properties": { "type": "Single Family Dwelling (> 3 stories above grade plane)" }, "geometry": { "type": "Point", "coordinates": [ -84.605337209226775, 39.06689404266784 ] } },
{ "type": "Feature", "properties": { "type": "Single Family Dwelling (> 3 stories above grade plane)" }, "geometry": { "type": "Point", "coordinates": [ -84.599640208927937, 39.066363042385838 ] } },
{ "type": "Feature", "properties": { "type": "Townhome" }, "geometry": { "type": "Point", "coordinates": [ -84.60243470920804, 39.063708041981663 ] } },
{ "type": "Feature", "properties": { "type": "Single Family Dwelling (> 3 stories above grade plane)" }, "geometry": { "type": "Point", "coordinates": [ -84.607821208239386, 39.066750042449975 ] } },
{ "type": "Feature", "properties": { "type": "Single Family Dwelling (> 3 stories above grade plane)" }, "geometry": { "type": "Point", "coordinates": [ -84.609855208145788, 39.05686804263361 ] } },
{ "type": "Feature", "properties": { "type": "Modular / Manufactured Home" }, "geometry": { "type": "Point", "coordinates": [ -84.603505708388113, 38.997198042635105 ] } },
{ "type": "Feature", "properties": { "type": "Single Family Dwelling (> 3 stories above grade plane)" }, "geometry": { "type": "Point", "coordinates": [ -84.605643208637545, 39.067389042527353 ] } },
{ "type": "Feature", "properties": { "type": "Single Family Dwelling (> 3 stories above grade plane)" }, "geometry": { "type": "Point", "coordinates": [ -84.592903708477081, 39.044997041929022 ] } },
{ "type": "Feature", "properties": { "type": "Single Family Dwelling (> 3 stories above grade plane)" }, "geometry": { "type": "Point", "coordinates": [ -84.593088208638619, 39.043161042095917 ] } },
{ "type": "Feature", "properties": { "type": "Single Family Dwelling (> 3 stories above grade plane)" }, "geometry": { "type": "Point", "coordinates": [ -84.593205208293867, 39.042675042753579 ] } },
{ "type": "Feature", "properties": { "type": "Single Family Dwelling (> 3 stories above grade plane)" }, "geometry": { "type": "Point", "coordinates": [ -84.592741708503553, 39.042225042020405 ] } },
{ "type": "Feature", "properties": { "type": "Single Family Dwelling (> 3 stories above grade plane)" }, "geometry": { "type": "Point", "coordinates": [ -84.593115208990554, 39.042198042568842 ] } },
{ "type": "Feature", "properties": { "type": "Single Family Dwelling (> 3 stories above grade plane)" }, "geometry": { "type": "Point", "coordinates": [ -84.592098208154297, 39.042252042591684 ] } },
{ "type": "Feature", "properties": { "type": "Single Family Dwelling (> 3 stories above grade plane)" }, "geometry": { "type": "Point", "coordinates": [ -84.584767709068871, 39.052953041925967 ] } },
{ "type": "Feature", "properties": { "type": "Multi-Family" }, "geometry": { "type": "Point", "coordinates": [ -84.588745708780863, 39.050586042269252 ] } },
{ "type": "Feature", "properties": { "type": "Single Family Dwelling (> 3 stories above grade plane)" }, "geometry": { "type": "Point", "coordinates": [ -84.582900208711479, 39.034476042670924 ] } },
{ "type": "Feature", "properties": { "type": "Single Family Dwelling (> 3 stories above grade plane)" }, "geometry": { "type": "Point", "coordinates": [ -84.583683208788329, 39.035223042252476 ] } },
{ "type": "Feature", "properties": { "type": "Single Family Dwelling (> 3 stories above grade plane)" }, "geometry": { "type": "Point", "coordinates": [ -84.590154207914026, 39.010527042560547 ] } },
{ "type": "Feature", "properties": { "type": "Single Family Dwelling (> 3 stories above grade plane)" }, "geometry": { "type": "Point", "coordinates": [ -84.579363207994561, 38.983167042645441 ] } },
{ "type": "Feature", "properties": { "type": "Single Family Dwelling (> 3 stories above grade plane)" }, "geometry": { "type": "Point", "coordinates": [ -84.572878708544721, 38.931624042541195 ] } },
{ "type": "Feature", "properties": { "type": "Single Family Dwelling (> 3 stories above grade plane)" }, "geometry": { "type": "Point", "coordinates": [ -84.572793208087504, 38.931417042141177 ] } },
{ "type": "Feature", "properties": { "type": "Single Family Dwelling (> 3 stories above grade plane)" }, "geometry": { "type": "Point", "coordinates": [ -84.572392708379951, 38.931795042607995 ] } },
{ "type": "Feature", "properties": { "type": "Single Family Dwelling (> 3 stories above grade plane)" }, "geometry": { "type": "Point", "coordinates": [ -84.572050708457994, 38.930976042665684 ] } },
{ "type": "Feature", "properties": { "type": "Single Family Dwelling (> 3 stories above grade plane)" }, "geometry": { "type": "Point", "coordinates": [ -84.575056707854159, 38.920590042462734 ] } },
{ "type": "Feature", "properties": { "type": "Single Family Dwelling (> 3 stories above grade plane)" }, "geometry": { "type": "Point", "coordinates": [ -84.587710707536061, 38.890935042202415 ] } },
{ "type": "Feature", "properties": { "type": "Single Family Dwelling (> 3 stories above grade plane)" }, "geometry": { "type": "Point", "coordinates": [ -84.594672207310651, 38.88082804237478 ] } },
{ "type": "Feature", "properties": { "type": "Single Family Dwelling (> 3 stories above grade plane)" }, "geometry": { "type": "Point", "coordinates": [ -84.593187208203815, 38.880081042634451 ] } },
{ "type": "Feature", "properties": { "type": "Single Family Dwelling (> 3 stories above grade plane)" }, "geometry": { "type": "Point", "coordinates": [ -84.593803708242234, 38.878974042878625 ] } },
{ "type": "Feature", "properties": { "type": "Single Family Dwelling (> 3 stories above grade plane)" }, "geometry": { "type": "Point", "coordinates": [ -84.596031207899046, 38.880324042657634 ] } },
{ "type": "Feature", "properties": { "type": "Single Family Dwelling (> 3 stories above grade plane)" }, "geometry": { "type": "Point", "coordinates": [ -84.597669208071466, 38.880153042239222 ] } },
{ "type": "Feature", "properties": { "type": "Single Family Dwelling (> 3 stories above grade plane)" }, "geometry": { "type": "Point", "coordinates": [ -84.597439708263778, 38.879793042422179 ] } },
{ "type": "Feature", "properties": { "type": "Single Family Dwelling (> 3 stories above grade plane)" }, "geometry": { "type": "Point", "coordinates": [ -84.59732270830493, 38.879631042222805 ] } },
{ "type": "Feature", "properties": { "type": "Single Family Dwelling (> 3 stories above grade plane)" }, "geometry": { "type": "Point", "coordinates": [ -84.595702707947666, 38.878452042576811 ] } },
{ "type": "Feature", "properties": { "type": "Single Family Dwelling (> 3 stories above grade plane)" }, "geometry": { "type": "Point", "coordinates": [ -84.596737708247616, 38.878452042636503 ] } },
{ "type": "Feature", "properties": { "type": "Single Family Dwelling (> 3 stories above grade plane)" }, "geometry": { "type": "Point", "coordinates": [ -84.597804208176939, 38.879343042355764 ] } },
{ "type": "Feature", "properties": { "type": "Single Family Dwelling (> 3 stories above grade plane)" }, "geometry": { "type": "Point", "coordinates": [ -84.596985208120088, 38.878542042022858 ] } },
{ "type": "Feature", "properties": { "type": "Single Family Dwelling (> 3 stories above grade plane)" }, "geometry": { "type": "Point", "coordinates": [ -84.594001707919489, 38.880558042351225 ] } },
{ "type": "Feature", "properties": { "type": "Townhome" }, "geometry": { "type": "Point", "coordinates": [ -84.562222708365809, 39.053367042138511 ] } },
{ "type": "Feature", "properties": { "type": "Single Family Dwelling (> 3 stories above grade plane)" }, "geometry": { "type": "Point", "coordinates": [ -84.560674709258393, 39.054132042655255 ] } },
{ "type": "Feature", "properties": { "type": "Single Family Dwelling (> 3 stories above grade plane)" }, "geometry": { "type": "Point", "coordinates": [ -84.560697208654446, 39.053988042163141 ] } },
{ "type": "Feature", "properties": { "type": "Single Family Dwelling (> 3 stories above grade plane)" }, "geometry": { "type": "Point", "coordinates": [ -84.560715209075468, 39.053700042803513 ] } },
{ "type": "Feature", "properties": { "type": "Townhome" }, "geometry": { "type": "Point", "coordinates": [ -84.562218208654031, 39.053439042725856 ] } },
{ "type": "Feature", "properties": { "type": "Townhome" }, "geometry": { "type": "Point", "coordinates": [ -84.562209209257077, 39.053511042593321 ] } },
{ "type": "Feature", "properties": { "type": "Townhome" }, "geometry": { "type": "Point", "coordinates": [ -84.562227209079808, 39.053304042835876 ] } },
{ "type": "Feature", "properties": { "type": "Townhome" }, "geometry": { "type": "Point", "coordinates": [ -84.562231708774135, 39.05323204224478 ] } },
{ "type": "Feature", "properties": { "type": "Townhome" }, "geometry": { "type": "Point", "coordinates": [ -84.562236208463318, 39.053160042552477 ] } },
{ "type": "Feature", "properties": { "type": "Single Family Dwelling (> 3 stories above grade plane)" }, "geometry": { "type": "Point", "coordinates": [ -84.562524208050576, 39.040956042363028 ] } },
{ "type": "Feature", "properties": { "type": "Single Family Dwelling (> 3 stories above grade plane)" }, "geometry": { "type": "Point", "coordinates": [ -84.557056708450403, 39.004542042301942 ] } },
{ "type": "Feature", "properties": { "type": "Single Family Dwelling (> 3 stories above grade plane)" }, "geometry": { "type": "Point", "coordinates": [ -84.546823708332028, 38.983734042082951 ] } },
{ "type": "Feature", "properties": { "type": "Single Family Dwelling (> 3 stories above grade plane)" }, "geometry": { "type": "Point", "coordinates": [ -84.54653570877187, 38.982816042190152 ] } },
{ "type": "Feature", "properties": { "type": "Single Family Dwelling (> 3 stories above grade plane)" }, "geometry": { "type": "Point", "coordinates": [ -84.545964208264735, 38.982420042609526 ] } },
{ "type": "Feature", "properties": { "type": "Single Family Dwelling (> 3 stories above grade plane)" }, "geometry": { "type": "Point", "coordinates": [ -84.547296208519469, 38.98213204229058 ] } },
{ "type": "Feature", "properties": { "type": "Single Family Dwelling (> 3 stories above grade plane)" }, "geometry": { "type": "Point", "coordinates": [ -84.546738208883355, 38.981889042410607 ] } },
{ "type": "Feature", "properties": { "type": "Single Family Dwelling (> 3 stories above grade plane)" }, "geometry": { "type": "Point", "coordinates": [ -84.547179208259919, 38.982879042707985 ] } },
{ "type": "Feature", "properties": { "type": "Single Family Dwelling (> 3 stories above grade plane)" }, "geometry": { "type": "Point", "coordinates": [ -84.547597708192839, 38.983221042197968 ] } },
{ "type": "Feature", "properties": { "type": "Single Family Dwelling (> 3 stories above grade plane)" }, "geometry": { "type": "Point", "coordinates": [ -84.564126207719255, 38.927331042525807 ] } },
{ "type": "Feature", "properties": { "type": "Single Family Dwelling (> 3 stories above grade plane)" }, "geometry": { "type": "Point", "coordinates": [ -84.56376620821159, 38.927655042157781 ] } },
{ "type": "Feature", "properties": { "type": "Single Family Dwelling (> 3 stories above grade plane)" }, "geometry": { "type": "Point", "coordinates": [ -84.564225208254541, 38.926728042730296 ] } },
{ "type": "Feature", "properties": { "type": "Single Family Dwelling (> 3 stories above grade plane)" }, "geometry": { "type": "Point", "coordinates": [ -84.568059207859122, 38.927448042318545 ] } },
{ "type": "Feature", "properties": { "type": "Single Family Dwelling (> 3 stories above grade plane)" }, "geometry": { "type": "Point", "coordinates": [ -84.568297708539248, 38.929869042517403 ] } },
{ "type": "Feature", "properties": { "type": "Single Family Dwelling (> 3 stories above grade plane)" }, "geometry": { "type": "Point", "coordinates": [ -84.568365207849979, 38.929284042414317 ] } },
{ "type": "Feature", "properties": { "type": "Single Family Dwelling (> 3 stories above grade plane)" }, "geometry": { "type": "Point", "coordinates": [ -84.568383207548777, 38.928996042426824 ] } },
{ "type": "Feature", "properties": { "type": "Single Family Dwelling (> 3 stories above grade plane)" }, "geometry": { "type": "Point", "coordinates": [ -84.569202208416655, 38.928798042741484 ] } },
{ "type": "Feature", "properties": { "type": "Single Family Dwelling (> 3 stories above grade plane)" }, "geometry": { "type": "Point", "coordinates": [ -84.568864707726448, 38.929851042290352 ] } },
{ "type": "Feature", "properties": { "type": "Single Family Dwelling (> 3 stories above grade plane)" }, "geometry": { "type": "Point", "coordinates": [ -84.568891708410376, 38.929707042699498 ] } },
{ "type": "Feature", "properties": { "type": "Single Family Dwelling (> 3 stories above grade plane)" }, "geometry": { "type": "Point", "coordinates": [ -84.569742207870092, 38.930706042444875 ] } },
{ "type": "Feature", "properties": { "type": "Single Family Dwelling (> 3 stories above grade plane)" }, "geometry": { "type": "Point", "coordinates": [ -84.569553207926489, 38.930319042069954 ] } },
{ "type": "Feature", "properties": { "type": "Single Family Dwelling (> 3 stories above grade plane)" }, "geometry": { "type": "Point", "coordinates": [ -84.562992207776205, 38.926368042249045 ] } },
{ "type": "Feature", "properties": { "type": "Single Family Dwelling (> 3 stories above grade plane)" }, "geometry": { "type": "Point", "coordinates": [ -84.562587207517581, 38.926107042220579 ] } },
{ "type": "Feature", "properties": { "type": "Single Family Dwelling (> 3 stories above grade plane)" }, "geometry": { "type": "Point", "coordinates": [ -84.562560208018013, 38.925891042216605 ] } },
{ "type": "Feature", "properties": { "type": "Single Family Dwelling (> 3 stories above grade plane)" }, "geometry": { "type": "Point", "coordinates": [ -84.562983207522521, 38.92573804211262 ] } },
{ "type": "Feature", "properties": { "type": "Townhome" }, "geometry": { "type": "Point", "coordinates": [ -84.528616708543737, 39.088890042074418 ] } },
{ "type": "Feature", "properties": { "type": "Townhome" }, "geometry": { "type": "Point", "coordinates": [ -84.528760708826582, 39.088854042841362 ] } },
{ "type": "Feature", "properties": { "type": "Single Family Dwelling (> 3 stories above grade plane)" }, "geometry": { "type": "Point", "coordinates": [ -84.523644209127525, 39.082716042332308 ] } },
{ "type": "Feature", "properties": { "type": "Two Family Dwelling" }, "geometry": { "type": "Point", "coordinates": [ -84.523900708359037, 38.9979810423619 ] } },
{ "type": "Feature", "properties": { "type": "Two Family Dwelling" }, "geometry": { "type": "Point", "coordinates": [ -84.524301208595318, 39.057939042297768 ] } },
{ "type": "Feature", "properties": { "type": "Two Family Dwelling" }, "geometry": { "type": "Point", "coordinates": [ -84.524206709173953, 39.057957042622455 ] } },
{ "type": "Feature", "properties": { "type": "Single Family Dwelling (> 3 stories above grade plane)" }, "geometry": { "type": "Point", "coordinates": [ -84.524008708780698, 39.072879042342095 ] } },
{ "type": "Feature", "properties": { "type": "Single Family Dwelling (> 3 stories above grade plane)" }, "geometry": { "type": "Point", "coordinates": [ -84.52590320927834, 39.074373042673926 ] } },
{ "type": "Feature", "properties": { "type": "Single Family Dwelling (> 3 stories above grade plane)" }, "geometry": { "type": "Point", "coordinates": [ -84.525943708690662, 39.073284042766829 ] } },
{ "type": "Feature", "properties": { "type": "Single Family Dwelling (> 3 stories above grade plane)" }, "geometry": { "type": "Point", "coordinates": [ -84.528018208921054, 39.072465042249689 ] } },
{ "type": "Feature", "properties": { "type": "Two Family Dwelling" }, "geometry": { "type": "Point", "coordinates": [ -84.528009208225711, 39.049029042576549 ] } },
{ "type": "Feature", "properties": { "type": "Two Family Dwelling" }, "geometry": { "type": "Point", "coordinates": [ -84.527613208470584, 39.049146042246171 ] } },
{ "type": "Feature", "properties": { "type": "Two Family Dwelling" }, "geometry": { "type": "Point", "coordinates": [ -84.528243208980513, 39.049335042636997 ] } },
{ "type": "Feature", "properties": { "type": "Single Family Dwelling (> 3 stories above grade plane)" }, "geometry": { "type": "Point", "coordinates": [ -84.5274197088292, 39.049218042405926 ] } },
{ "type": "Feature", "properties": { "type": "Two Family Dwelling" }, "geometry": { "type": "Point", "coordinates": [ -84.527856208727258, 39.049434042744366 ] } },
{ "type": "Feature", "properties": { "type": "Two Family Dwelling" }, "geometry": { "type": "Point", "coordinates": [ -84.527770708450319, 39.049101042931554 ] } },
{ "type": "Feature", "properties": { "type": "Two Family Dwelling" }, "geometry": { "type": "Point", "coordinates": [ -84.528076708426397, 39.04936204226891 ] } },
{ "type": "Feature", "properties": { "type": "Two Family Dwelling" }, "geometry": { "type": "Point", "coordinates": [ -84.52768070925552, 39.04947904214584 ] } },
{ "type": "Feature", "properties": { "type": "Two Family Dwelling" }, "geometry": { "type": "Point", "coordinates": [ -84.528162208519646, 39.0489930429098 ] } },
{ "type": "Feature", "properties": { "type": "Multi-Family" }, "geometry": { "type": "Point", "coordinates": [ -84.537009208102887, 39.010410042492119 ] } },
{ "type": "Feature", "properties": { "type": "Multi-Family" }, "geometry": { "type": "Point", "coordinates": [ -84.536973208214647, 39.012003042088523 ] } },
{ "type": "Feature", "properties": { "type": "Multi-Family" }, "geometry": { "type": "Point", "coordinates": [ -84.537049708094102, 39.010644042934302 ] } },
{ "type": "Feature", "properties": { "type": "Multi-Family" }, "geometry": { "type": "Point", "coordinates": [ -84.537405208531183, 39.010527042375735 ] } },
{ "type": "Feature", "properties": { "type": "Multi-Family" }, "geometry": { "type": "Point", "coordinates": [ -84.537738208373085, 39.01038304269828 ] } },
{ "type": "Feature", "properties": { "type": "Single Family Dwelling (> 3 stories above grade plane)" }, "geometry": { "type": "Point", "coordinates": [ -84.523009708302411, 38.999772042193953 ] } },
{ "type": "Feature", "properties": { "type": "Single Family Dwelling (> 3 stories above grade plane)" }, "geometry": { "type": "Point", "coordinates": [ -84.52283420872655, 38.999115042682547 ] } },
{ "type": "Feature", "properties": { "type": "Two Family Dwelling" }, "geometry": { "type": "Point", "coordinates": [ -84.522933208779719, 38.998260042212308 ] } },
{ "type": "Feature", "properties": { "type": "Two Family Dwelling" }, "geometry": { "type": "Point", "coordinates": [ -84.523023208511574, 38.998296042529077 ] } },
{ "type": "Feature", "properties": { "type": "Two Family Dwelling" }, "geometry": { "type": "Point", "coordinates": [ -84.52269920820018, 38.998224042221729 ] } },
{ "type": "Feature", "properties": { "type": "Two Family Dwelling" }, "geometry": { "type": "Point", "coordinates": [ -84.522820708709105, 38.998242042682634 ] } },
{ "type": "Feature", "properties": { "type": "Two Family Dwelling" }, "geometry": { "type": "Point", "coordinates": [ -84.522469708942381, 38.99822404256782 ] } },
{ "type": "Feature", "properties": { "type": "Two Family Dwelling" }, "geometry": { "type": "Point", "coordinates": [ -84.522600207906308, 38.998215042464153 ] } },
{ "type": "Feature", "properties": { "type": "Two Family Dwelling" }, "geometry": { "type": "Point", "coordinates": [ -84.522775708573121, 38.998593042746975 ] } },
{ "type": "Feature", "properties": { "type": "Two Family Dwelling" }, "geometry": { "type": "Point", "coordinates": [ -84.522982708652592, 38.998701042732492 ] } },
{ "type": "Feature", "properties": { "type": "Two Family Dwelling" }, "geometry": { "type": "Point", "coordinates": [ -84.522690208284317, 38.99855704265898 ] } },
{ "type": "Feature", "properties": { "type": "Two Family Dwelling" }, "geometry": { "type": "Point", "coordinates": [ -84.522883708348203, 38.998656042835762 ] } },
{ "type": "Feature", "properties": { "type": "Two Family Dwelling" }, "geometry": { "type": "Point", "coordinates": [ -84.523185208184742, 38.998791042672629 ] } },
{ "type": "Feature", "properties": { "type": "Two Family Dwelling" }, "geometry": { "type": "Point", "coordinates": [ -84.523090708051882, 38.998755042987661 ] } },
{ "type": "Feature", "properties": { "type": "Single Family Dwelling (> 3 stories above grade plane)" }, "geometry": { "type": "Point", "coordinates": [ -84.528486208004509, 38.999835042257082 ] } },
{ "type": "Feature", "properties": { "type": "Single Family Dwelling (> 3 stories above grade plane)" }, "geometry": { "type": "Point", "coordinates": [ -84.52884620840851, 38.999736043012064 ] } },
{ "type": "Feature", "properties": { "type": "Single Family Dwelling (> 3 stories above grade plane)" }, "geometry": { "type": "Point", "coordinates": [ -84.529030708419597, 38.999682042425668 ] } },
{ "type": "Feature", "properties": { "type": "Single Family Dwelling (> 3 stories above grade plane)" }, "geometry": { "type": "Point", "coordinates": [ -84.529242208721556, 38.999682042190393 ] } },
{ "type": "Feature", "properties": { "type": "Single Family Dwelling (> 3 stories above grade plane)" }, "geometry": { "type": "Point", "coordinates": [ -84.529417708629907, 38.99968204212994 ] } },
{ "type": "Feature", "properties": { "type": "Single Family Dwelling (> 3 stories above grade plane)" }, "geometry": { "type": "Point", "coordinates": [ -84.529813708637036, 38.999637042635072 ] } },
{ "type": "Feature", "properties": { "type": "Single Family Dwelling (> 3 stories above grade plane)" }, "geometry": { "type": "Point", "coordinates": [ -84.529989208459895, 38.999565042778336 ] } },
{ "type": "Feature", "properties": { "type": "Single Family Dwelling (> 3 stories above grade plane)" }, "geometry": { "type": "Point", "coordinates": [ -84.530155708885104, 38.999502042943995 ] } },
{ "type": "Feature", "properties": { "type": "Single Family Dwelling (> 3 stories above grade plane)" }, "geometry": { "type": "Point", "coordinates": [ -84.530335708253801, 38.999439042340541 ] } },
{ "type": "Feature", "properties": { "type": "Single Family Dwelling (> 3 stories above grade plane)" }, "geometry": { "type": "Point", "coordinates": [ -84.530502208086958, 38.999376042915578 ] } },
{ "type": "Feature", "properties": { "type": "Single Family Dwelling (> 3 stories above grade plane)" }, "geometry": { "type": "Point", "coordinates": [ -84.530673208639072, 38.999295042270951 ] } },
{ "type": "Feature", "properties": { "type": "Single Family Dwelling (> 3 stories above grade plane)" }, "geometry": { "type": "Point", "coordinates": [ -84.529183708382618, 38.999304042426218 ] } },
{ "type": "Feature", "properties": { "type": "Single Family Dwelling (> 3 stories above grade plane)" }, "geometry": { "type": "Point", "coordinates": [ -84.528004707933718, 38.999529042768664 ] } },
{ "type": "Feature", "properties": { "type": "Single Family Dwelling (> 3 stories above grade plane)" }, "geometry": { "type": "Point", "coordinates": [ -84.527014708395356, 38.999340043018634 ] } },
{ "type": "Feature", "properties": { "type": "Single Family Dwelling (> 3 stories above grade plane)" }, "geometry": { "type": "Point", "coordinates": [ -84.527190208487042, 38.999196042967242 ] } },
{ "type": "Feature", "properties": { "type": "Single Family Dwelling (> 3 stories above grade plane)" }, "geometry": { "type": "Point", "coordinates": [ -84.527856208158639, 38.999025042178715 ] } },
{ "type": "Feature", "properties": { "type": "Single Family Dwelling (> 3 stories above grade plane)" }, "geometry": { "type": "Point", "coordinates": [ -84.528085708865035, 38.998971042503577 ] } },
{ "type": "Feature", "properties": { "type": "Single Family Dwelling (> 3 stories above grade plane)" }, "geometry": { "type": "Point", "coordinates": [ -84.528283708495394, 38.998899042599248 ] } },
{ "type": "Feature", "properties": { "type": "Single Family Dwelling (> 3 stories above grade plane)" }, "geometry": { "type": "Point", "coordinates": [ -84.527761708598931, 38.998701042284111 ] } },
{ "type": "Feature", "properties": { "type": "Single Family Dwelling (> 3 stories above grade plane)" }, "geometry": { "type": "Point", "coordinates": [ -84.527559208139152, 38.998773042893674 ] } },
{ "type": "Feature", "properties": { "type": "Single Family Dwelling (> 3 stories above grade plane)" }, "geometry": { "type": "Point", "coordinates": [ -84.52679870832398, 38.999034042123917 ] } },
{ "type": "Feature", "properties": { "type": "Two Family Dwelling" }, "geometry": { "type": "Point", "coordinates": [ -84.524265208317033, 38.99808004240068 ] } },
{ "type": "Feature", "properties": { "type": "Two Family Dwelling" }, "geometry": { "type": "Point", "coordinates": [ -84.52435970848741, 38.998143042792613 ] } },
{ "type": "Feature", "properties": { "type": "Two Family Dwelling" }, "geometry": { "type": "Point", "coordinates": [ -84.523783708132868, 38.997981042674638 ] } },
{ "type": "Feature", "properties": { "type": "Multi-Family" }, "geometry": { "type": "Point", "coordinates": [ -84.520881208250259, 38.999160042369397 ] } },
{ "type": "Feature", "properties": { "type": "Multi-Family" }, "geometry": { "type": "Point", "coordinates": [ -84.520269208120922, 38.998530042569165 ] } },
{ "type": "Feature", "properties": { "type": "Multi-Family" }, "geometry": { "type": "Point", "coordinates": [ -84.535605208354085, 38.942064042856806 ] } },
{ "type": "Feature", "properties": { "type": "Single Family Dwelling (> 3 stories above grade plane)" }, "geometry": { "type": "Point", "coordinates": [ -84.512497707992878, 38.911446042607039 ] } },
{ "type": "Feature", "properties": { "type": "Single Family Dwelling" }, "geometry": { "type": "Point", "coordinates": [ -84.516745708066821, 38.915469042493378 ] } },
{ "type": "Feature", "properties": { "type": "Single Family Dwelling (> 3 stories above grade plane)" }, "geometry": { "type": "Point", "coordinates": [ -84.514851207546755, 38.914047042478515 ] } },
{ "type": "Feature", "properties": { "type": "Single Family Dwelling (> 3 stories above grade plane)" }, "geometry": { "type": "Point", "coordinates": [ -84.514702708263101, 38.913687042746659 ] } },
{ "type": "Feature", "properties": { "type": "Single Family Dwelling (> 3 stories above grade plane)" }, "geometry": { "type": "Point", "coordinates": [ -84.514090708278559, 38.912481043028635 ] } },
{ "type": "Feature", "properties": { "type": "Single Family Dwelling (> 3 stories above grade plane)" }, "geometry": { "type": "Point", "coordinates": [ -84.51369920761293, 38.912031042995558 ] } },
{ "type": "Feature", "properties": { "type": "Single Family Dwelling (> 3 stories above grade plane)" }, "geometry": { "type": "Point", "coordinates": [ -84.525930207624356, 38.88813604308438 ] } },
{ "type": "Feature", "properties": { "type": "Modular / Manufactured Home" }, "geometry": { "type": "Point", "coordinates": [ -84.531033208085361, 38.89854904287526 ] } },
{ "type": "Feature", "properties": { "type": "Single Family Dwelling (> 3 stories above grade plane)" }, "geometry": { "type": "Point", "coordinates": [ -84.513384207923025, 39.000528042191071 ] } },
{ "type": "Feature", "properties": { "type": "Single Family Dwelling (> 3 stories above grade plane)" }, "geometry": { "type": "Point", "coordinates": [ -84.512781208057547, 38.989008042740771 ] } },
{ "type": "Feature", "properties": { "type": "Single Family Dwelling (> 3 stories above grade plane)" }, "geometry": { "type": "Point", "coordinates": [ -84.511012708828019, 38.98969204259555 ] } },
{ "type": "Feature", "properties": { "type": "Single Family Dwelling (> 3 stories above grade plane)" }, "geometry": { "type": "Point", "coordinates": [ -84.49523120880697, 38.98643404283979 ] } },
{ "type": "Feature", "properties": { "type": "Single Family Dwelling (> 3 stories above grade plane)" }, "geometry": { "type": "Point", "coordinates": [ -84.491176707991102, 38.941173042609655 ] } },
{ "type": "Feature", "properties": { "type": "Single Family Dwelling (> 3 stories above grade plane)" }, "geometry": { "type": "Point", "coordinates": [ -84.492175707932233, 38.941920042791914 ] } },
{ "type": "Feature", "properties": { "type": "Single Family Dwelling (> 3 stories above grade plane)" }, "geometry": { "type": "Point", "coordinates": [ -84.492247708502788, 38.942082042678777 ] } },
{ "type": "Feature", "properties": { "type": "Single Family Dwelling (> 3 stories above grade plane)" }, "geometry": { "type": "Point", "coordinates": [ -84.493597707886792, 38.94236104292181 ] } },
{ "type": "Feature", "properties": { "type": "Single Family Dwelling (> 3 stories above grade plane)" }, "geometry": { "type": "Point", "coordinates": [ -84.493768707575782, 38.942217042301671 ] } },
{ "type": "Feature", "properties": { "type": "Single Family Dwelling (> 3 stories above grade plane)" }, "geometry": { "type": "Point", "coordinates": [ -84.493588708362566, 38.941209042691575 ] } },
{ "type": "Feature", "properties": { "type": "Single Family Dwelling (> 3 stories above grade plane)" }, "geometry": { "type": "Point", "coordinates": [ -84.493282708199217, 38.941758042544137 ] } },
{ "type": "Feature", "properties": { "type": "Single Family Dwelling (> 3 stories above grade plane)" }, "geometry": { "type": "Point", "coordinates": [ -84.492913708127546, 38.942271042356019 ] } },
{ "type": "Feature", "properties": { "type": "Single Family Dwelling (> 3 stories above grade plane)" }, "geometry": { "type": "Point", "coordinates": [ -84.492787708103833, 38.941920042927684 ] } },
{ "type": "Feature", "properties": { "type": "Single Family Dwelling (> 3 stories above grade plane)" }, "geometry": { "type": "Point", "coordinates": [ -84.49269770772996, 38.941749042766666 ] } },
{ "type": "Feature", "properties": { "type": "Single Family Dwelling (> 3 stories above grade plane)" }, "geometry": { "type": "Point", "coordinates": [ -84.492621208048661, 38.941587042482965 ] } },
{ "type": "Feature", "properties": { "type": "Single Family Dwelling (> 3 stories above grade plane)" }, "geometry": { "type": "Point", "coordinates": [ -84.492513208606027, 38.941434042765167 ] } },
{ "type": "Feature", "properties": { "type": "Single Family Dwelling (> 3 stories above grade plane)" }, "geometry": { "type": "Point", "coordinates": [ -84.49251770836014, 38.941263042657333 ] } },
{ "type": "Feature", "properties": { "type": "Single Family Dwelling (> 3 stories above grade plane)" }, "geometry": { "type": "Point", "coordinates": [ -84.494407708435432, 38.941749042577953 ] } },
{ "type": "Feature", "properties": { "type": "Single Family Dwelling (> 3 stories above grade plane)" }, "geometry": { "type": "Point", "coordinates": [ -84.494880208058134, 38.941155042877135 ] } },
{ "type": "Feature", "properties": { "type": "Single Family Dwelling (> 3 stories above grade plane)" }, "geometry": { "type": "Point", "coordinates": [ -84.496518208068792, 38.940759043091163 ] } },
{ "type": "Feature", "properties": { "type": "Single Family Dwelling (> 3 stories above grade plane)" }, "geometry": { "type": "Point", "coordinates": [ -84.497607207783062, 38.940039042693414 ] } },
{ "type": "Feature", "properties": { "type": "Single Family Dwelling (> 3 stories above grade plane)" }, "geometry": { "type": "Point", "coordinates": [ -84.497751208190294, 38.93992204272962 ] } },
{ "type": "Feature", "properties": { "type": "Single Family Dwelling (> 3 stories above grade plane)" }, "geometry": { "type": "Point", "coordinates": [ -84.49792220817217, 38.939823043098173 ] } },
{ "type": "Feature", "properties": { "type": "Single Family Dwelling (> 3 stories above grade plane)" }, "geometry": { "type": "Point", "coordinates": [ -84.498682708583999, 38.939184042616979 ] } },
{ "type": "Feature", "properties": { "type": "Single Family Dwelling (> 3 stories above grade plane)" }, "geometry": { "type": "Point", "coordinates": [ -84.497067208579722, 38.939805042472997 ] } },
{ "type": "Feature", "properties": { "type": "Single Family Dwelling (> 3 stories above grade plane)" }, "geometry": { "type": "Point", "coordinates": [ -84.508240707533972, 38.915019042918644 ] } },
{ "type": "Feature", "properties": { "type": "Single Family Dwelling" }, "geometry": { "type": "Point", "coordinates": [ -84.498250708096037, 38.866464043008932 ] } },
{ "type": "Feature", "properties": { "type": "Single Family Dwelling (> 3 stories above grade plane)" }, "geometry": { "type": "Point", "coordinates": [ -84.495631707975562, 38.83036504244415 ] } },
{ "type": "Feature", "properties": { "type": "Modular / Manufactured Home" }, "geometry": { "type": "Point", "coordinates": [ -84.470404708388145, 38.948346042372059 ] } },
{ "type": "Feature", "properties": { "type": "Single Family Dwelling (> 3 stories above grade plane)" }, "geometry": { "type": "Point", "coordinates": [ -84.486847707281413, 38.852685042523795 ] } },
{ "type": "Feature", "properties": { "type": "Single Family Dwelling (> 3 stories above grade plane)" }, "geometry": { "type": "Point", "coordinates": [ -84.459226708377699, 38.923263042734675 ] } }
]
}
