{
"type": "FeatureCollection",
"name": "kentonvalues",
"crs": { "type": "name", "properties": { "name": "urn:ogc:def:crs:OGC:1.3:CRS84" } },
"features": [
{ "type": "Feature", "properties": { "hex_id": "892a93661bbffff", "median_val": 6898.6206638997055, "category": 1, "bin": 2 }, "geometry": { "type": "MultiPolygon", "coordinates": [ [ [ [ -84.566429244420121, 38.820544300545933 ], [ -84.5668721413345, 38.822232999243504 ], [ -84.565085385458204, 38.823318530548171 ], [ -84.562855748921393, 38.82271528658223 ], [ -84.562412986847718, 38.821026555252764 ], [ -84.564199726466384, 38.819941100518996 ], [ -84.563756943599927, 38.818252440683743 ], [ -84.561527555944892, 38.817649202957035 ], [ -84.559740832596134, 38.818734581123465 ], [ -84.557511456690108, 38.8181312617616 ], [ -84.555724610265599, 38.819216590905924 ], [ -84.55349524613203, 38.818613189907687 ], [ -84.553052846962515, 38.816924503726774 ], [ -84.55483967708372, 38.815839251146159 ], [ -84.554397257082087, 38.814150636461655 ], [ -84.556183947854223, 38.813065411419622 ], [ -84.555741507029069, 38.811376868235278 ], [ -84.553512510241305, 38.810773517493608 ], [ -84.551725835775827, 38.811858665978598 ], [ -84.549496850779946, 38.811255233628486 ], [ -84.549054658740928, 38.809566696760413 ], [ -84.550841316887457, 38.808481624828957 ], [ -84.550399104004455, 38.806793159464988 ], [ -84.552185622838223, 38.805708115074388 ], [ -84.554414370868869, 38.806311459499547 ], [ -84.554856718539597, 38.80799989227318 ], [ -84.557085596830618, 38.808603199060038 ], [ -84.557528058470723, 38.810291670740533 ], [ -84.559757067026936, 38.810894939875027 ], [ -84.560199642653501, 38.812583450451754 ], [ -84.56242878147971, 38.813186681919738 ], [ -84.562871471109801, 38.814875231382111 ], [ -84.565100740210823, 38.815478425169566 ], [ -84.565543543861509, 38.817167013506875 ], [ -84.567772943242147, 38.817770169599711 ], [ -84.568215860930493, 38.819458796801399 ], [ -84.566429244420121, 38.820544300545933 ] ] ], [ [ [ -84.589113773519443, 38.867478083665553 ], [ -84.590901560752201, 38.866391467832571 ], [ -84.593133486166138, 38.86699443978199 ], [ -84.593577743235329, 38.86868407146337 ], [ -84.591789939851694, 38.869770763931278 ], [ -84.589557895545937, 38.869167748080791 ], [ -84.589113773519443, 38.867478083665553 ] ] ], [ [ [ -84.572949360638319, 38.91649993040452 ], [ -84.573393379152378, 38.91819081478549 ], [ -84.575627588709551, 38.918794457677834 ], [ -84.576071721764933, 38.9204853807151 ], [ -84.57830606213858, 38.921088985561909 ], [ -84.578750309752522, 38.92277994724472 ], [ -84.580984780947475, 38.923383514031912 ], [ -84.581429143137129, 38.925074514349568 ], [ -84.579638898743937, 38.926161980620932 ], [ -84.577404308409726, 38.925558369869393 ], [ -84.575613940314014, 38.926645786839842 ], [ -84.573379361690257, 38.926042094048817 ], [ -84.572935270296128, 38.924351028263999 ], [ -84.574725622118095, 38.923263687996439 ], [ -84.574281509889019, 38.921572693583521 ], [ -84.572047181231042, 38.920969006716348 ], [ -84.570256845695127, 38.922056270284408 ], [ -84.568022528776382, 38.921452501395663 ], [ -84.566232069591962, 38.92253971565161 ], [ -84.563997764436039, 38.921935864739993 ], [ -84.563554037550816, 38.920244843569698 ], [ -84.565344480415547, 38.9191577060095 ], [ -84.564900732655801, 38.917466756213408 ], [ -84.566691035582522, 38.916379646034002 ], [ -84.568925102583606, 38.916983408960164 ], [ -84.570715281892817, 38.915896249480845 ], [ -84.572949360638319, 38.91649993040452 ] ] ], [ [ [ -84.570242308683916, 38.929907993899171 ], [ -84.572032940454079, 38.92882059885963 ], [ -84.574267638217961, 38.929424335630195 ], [ -84.576058146287352, 38.928336891266163 ], [ -84.578292855770854, 38.928940545987061 ], [ -84.580083240127919, 38.927853052310226 ], [ -84.582317961307481, 38.928456624982751 ], [ -84.582762417294703, 38.930147735294156 ], [ -84.584997269324475, 38.930751269873511 ], [ -84.586787546185477, 38.929663650185461 ], [ -84.589022409873294, 38.930267102708839 ], [ -84.589467115893214, 38.931958218866804 ], [ -84.59170211042165, 38.93256163327387 ], [ -84.593492279720209, 38.931473887582428 ], [ -84.595727285868733, 38.932077219925858 ], [ -84.596172241940153, 38.93376834189187 ], [ -84.594382056459892, 38.934856164300548 ], [ -84.592146931086035, 38.934252788023883 ], [ -84.590356621806706, 38.935340561142411 ], [ -84.588121508062116, 38.934737102791878 ], [ -84.58767682281686, 38.933045915268352 ], [ -84.585441839932102, 38.932442418796349 ], [ -84.583651423089421, 38.933530065896292 ], [ -84.581416451871888, 38.932926487358074 ], [ -84.580972016688662, 38.931235305680836 ], [ -84.578737176340539, 38.930631689044205 ], [ -84.576946652000927, 38.931719210117819 ], [ -84.577390951747674, 38.933410424539005 ], [ -84.575600287406814, 38.934497973000653 ], [ -84.573365339594488, 38.933894230326175 ], [ -84.572921175296329, 38.932202983171457 ], [ -84.570686358382233, 38.931599202416457 ], [ -84.568895586609941, 38.932686624828818 ], [ -84.566660781448235, 38.93208276201274 ], [ -84.564869885976819, 38.933170135076907 ], [ -84.562635092591094, 38.932566190198465 ], [ -84.560844073432065, 38.933653513902762 ], [ -84.558609291845897, 38.933049486960762 ], [ -84.558165648545241, 38.931358180331557 ], [ -84.559956651348898, 38.930270933335827 ], [ -84.562191313812448, 38.930874916262802 ], [ -84.563982192949794, 38.92978761990743 ], [ -84.563538393281021, 38.928096417332611 ], [ -84.561303849930042, 38.927492478415694 ], [ -84.5608601648198, 38.925801314508362 ], [ -84.562650887616641, 38.924714122212897 ], [ -84.564885311865069, 38.925318017124674 ], [ -84.565329132415357, 38.927009148334946 ], [ -84.567563687547491, 38.927613005208606 ], [ -84.568007622663202, 38.929304175077732 ], [ -84.570242308683916, 38.929907993899171 ] ] ], [ [ [ -84.601087717474925, 38.936666052685226 ], [ -84.598852449659617, 38.936062796634651 ], [ -84.598407378919674, 38.934371636095953 ], [ -84.600197440589412, 38.933283764408884 ], [ -84.599752349123065, 38.931592675237241 ], [ -84.601542270831644, 38.93050483100113 ], [ -84.603777300149602, 38.931107999221084 ], [ -84.60422252699874, 38.932799055587907 ], [ -84.602432589150993, 38.933886976541686 ], [ -84.602877795292727, 38.935578104277248 ], [ -84.601087717474925, 38.936666052685226 ] ] ], [ [ [ -84.582749945072109, 38.938000252332628 ], [ -84.584985166380946, 38.938603836716879 ], [ -84.585429810050996, 38.94029516696007 ], [ -84.583639096946811, 38.941382945580713 ], [ -84.58140375641085, 38.940779317232966 ], [ -84.580959248209993, 38.939087954230153 ], [ -84.582749945072109, 38.938000252332628 ] ] ], [ [ [ -84.590790276752116, 38.944884997551945 ], [ -84.593025890770335, 38.945488467497775 ], [ -84.593470878518417, 38.947179913466584 ], [ -84.591680116762376, 38.948267922277303 ], [ -84.589444383459295, 38.947664408383623 ], [ -84.588999531200969, 38.9459729296292 ], [ -84.586763928825079, 38.945369377569982 ], [ -84.586319191269808, 38.943677937388742 ], [ -84.588109920603642, 38.942590082041477 ], [ -84.587665162258119, 38.940898713212363 ], [ -84.589455751555093, 38.939810885265942 ], [ -84.591691115409802, 38.940414349423989 ], [ -84.59348158088811, 38.939326472163508 ], [ -84.5957169563668, 38.939929854228552 ], [ -84.5961619856281, 38.94162115748987 ], [ -84.594371503962691, 38.942709111477363 ], [ -84.59213600921926, 38.942105685474381 ], [ -84.590345403713911, 38.943193590147629 ], [ -84.590790276752116, 38.944884997551945 ] ] ], [ [ [ -84.60241414326785, 38.949593399921739 ], [ -84.600178255829405, 38.948990088468953 ], [ -84.599733017869696, 38.94729863675115 ], [ -84.597497261334397, 38.946695287100816 ], [ -84.597052138108637, 38.945003873928073 ], [ -84.598842635948785, 38.943915843210064 ], [ -84.601078273180832, 38.944519148933033 ], [ -84.601523531872147, 38.946210529299258 ], [ -84.603759299988113, 38.946813796829872 ], [ -84.604204673420242, 38.94850521573246 ], [ -84.60241414326785, 38.949593399921739 ] ] ], [ [ [ -84.58630730361466, 38.95153190481588 ], [ -84.586752114287322, 38.953223526259109 ], [ -84.588988086190398, 38.953827128063288 ], [ -84.589433011603987, 38.955518788064921 ], [ -84.587641829571609, 38.956606879044713 ], [ -84.585405738353472, 38.956003233277826 ], [ -84.584960948486582, 38.95431154049588 ], [ -84.582724988253347, 38.953707856547716 ], [ -84.580933698584914, 38.95479582141067 ], [ -84.578697750045166, 38.954192055317243 ], [ -84.576906336520494, 38.955279970794663 ], [ -84.57467039969778, 38.954676122554737 ], [ -84.57422599568109, 38.952984402827845 ], [ -84.576017392919155, 38.951896564089544 ], [ -84.57557296804832, 38.950204915699878 ], [ -84.577364225173739, 38.949117104312208 ], [ -84.579599923451568, 38.949720864580392 ], [ -84.580044483867482, 38.951412480217556 ], [ -84.582280313120577, 38.952016202332807 ], [ -84.584071462677286, 38.950928264835653 ], [ -84.58630730361466, 38.95153190481588 ] ] ], [ [ [ -84.602859495978763, 38.951284890173881 ], [ -84.605095514325129, 38.951888163414949 ], [ -84.605540981804396, 38.953579692190694 ], [ -84.603750295442921, 38.954667980549551 ], [ -84.601514157744759, 38.954064663386603 ], [ -84.60106882576369, 38.952373101788744 ], [ -84.602859495978763, 38.951284890173881 ] ] ], [ [ [ -84.594806029692094, 38.952254471176673 ], [ -84.597042024864038, 38.952857908696714 ], [ -84.597487221334731, 38.954549503106286 ], [ -84.595696287114833, 38.955637692799066 ], [ -84.593460172609468, 38.955034211336695 ], [ -84.593015111661245, 38.953342584125927 ], [ -84.594806029692094, 38.952254471176673 ] ] ], [ [ [ -84.544136195991726, 38.814510510507994 ], [ -84.546365287660763, 38.815114068447834 ], [ -84.546807437986018, 38.816802748312909 ], [ -84.545020361789824, 38.817887902814995 ], [ -84.542791151622382, 38.817284300890172 ], [ -84.542349136153334, 38.815595588450364 ], [ -84.544136195991726, 38.814510510507994 ] ] ], [ [ [ -84.552028085602174, 38.876291175279263 ], [ -84.554260143370158, 38.876894971649484 ], [ -84.554703142871702, 38.878585040413228 ], [ -84.552913949420201, 38.87967134544553 ], [ -84.550681772822713, 38.879067505072875 ], [ -84.548892456003301, 38.880153760879189 ], [ -84.546660291248003, 38.879549838644103 ], [ -84.544870851072119, 38.880636045212754 ], [ -84.542638698182515, 38.880032041114077 ], [ -84.540849134661684, 38.881118198433377 ], [ -84.541291707615983, 38.882808436491054 ], [ -84.539502004329776, 38.883894621190876 ], [ -84.539944556330894, 38.885584930660045 ], [ -84.538154713260667, 38.886671142731679 ], [ -84.538597244299979, 38.888361523608467 ], [ -84.540829753683013, 38.888965659805223 ], [ -84.54127239904048, 38.890656079477232 ], [ -84.543505039177049, 38.891260177812335 ], [ -84.543947798869809, 38.892950636268793 ], [ -84.542157783134328, 38.894037029009695 ], [ -84.539925024127413, 38.893432886637164 ], [ -84.539482399730119, 38.891742395563277 ], [ -84.537249771495965, 38.89113821532392 ], [ -84.535459648801748, 38.892224482112894 ], [ -84.533227032493542, 38.891620219967983 ], [ -84.532784657725273, 38.889929735088927 ], [ -84.530552172199279, 38.889325435100183 ], [ -84.530109911735394, 38.887634989033607 ], [ -84.531900001499935, 38.886548875543347 ], [ -84.5314577200364, 38.884858500880938 ], [ -84.529225484091327, 38.884254207125714 ], [ -84.528783316904708, 38.882563871288454 ], [ -84.526551211712928, 38.881959539722857 ], [ -84.526109158786099, 38.880269242721468 ], [ -84.527899075786209, 38.87918330985763 ], [ -84.527457001847878, 38.877493084268146 ], [ -84.525225146159741, 38.876888758974907 ], [ -84.52478318645376, 38.875198572233913 ], [ -84.526572947196897, 38.87411274335124 ], [ -84.5288046841398, 38.874717024580804 ], [ -84.530594321624562, 38.873631146426206 ], [ -84.530152205689149, 38.871941063671898 ], [ -84.531941703444161, 38.87085521288509 ], [ -84.531499566523181, 38.86916520155399 ], [ -84.533288924567074, 38.868079378143648 ], [ -84.535520435986768, 38.868683489441793 ], [ -84.537309670780232, 38.867597616795095 ], [ -84.53954119411371, 38.868201646275445 ], [ -84.539983601393558, 38.869891592433795 ], [ -84.542215255370138, 38.870495584120846 ], [ -84.544004383310266, 38.869409585624211 ], [ -84.546236049162843, 38.870013495485793 ], [ -84.548025053808388, 38.868927447775825 ], [ -84.550256731513443, 38.869531275813188 ], [ -84.550699523350261, 38.871221195566271 ], [ -84.552931331674642, 38.871824985778353 ], [ -84.553374237774861, 38.873514944329983 ], [ -84.551585200391415, 38.874601145301341 ], [ -84.552028085602174, 38.876291175279263 ] ] ], [ [ [ -84.555555335661424, 38.897661044574853 ], [ -84.55734513728072, 38.896574399953273 ], [ -84.559578193355236, 38.897178220760139 ], [ -84.560021566752937, 38.898868730187928 ], [ -84.558231748787904, 38.899955451475243 ], [ -84.555998573767098, 38.899351586666924 ], [ -84.555555335661424, 38.897661044574853 ] ] ], [ [ [ -84.554651849515906, 38.902128872167168 ], [ -84.552861768202973, 38.903215571561965 ], [ -84.550628486056553, 38.902611580798336 ], [ -84.548838281253637, 38.903698230894776 ], [ -84.546605010961443, 38.903094158180913 ], [ -84.546162064413906, 38.901403479399455 ], [ -84.543928924928224, 38.90079936877116 ], [ -84.543486092770877, 38.899108728748885 ], [ -84.545276264767267, 38.898022231985777 ], [ -84.547509285334243, 38.898626298582123 ], [ -84.547952252819726, 38.900316905971444 ], [ -84.550185404173988, 38.900920934658558 ], [ -84.551975469111014, 38.899834311932423 ], [ -84.554208632310335, 38.900438258679493 ], [ -84.554651849515906, 38.902128872167168 ] ] ], [ [ [ -84.558642207448571, 38.917346045216455 ], [ -84.560876250890047, 38.917949972151391 ], [ -84.561319863254525, 38.91964095463937 ], [ -84.559529296774031, 38.920728042876043 ], [ -84.557295134278505, 38.920124071930537 ], [ -84.55685165732136, 38.918433056761081 ], [ -84.558642207448571, 38.917346045216455 ] ] ], [ [ [ -84.56127180739756, 38.943198096823977 ], [ -84.559480351691519, 38.944285579244223 ], [ -84.557245081678047, 38.943681458296709 ], [ -84.555453502245271, 38.944768891309259 ], [ -84.553218244068162, 38.944164688257402 ], [ -84.552774684490444, 38.942473096229982 ], [ -84.554566247532151, 38.941385739938823 ], [ -84.556801386546468, 38.941989898955782 ], [ -84.558592825882755, 38.940902493257127 ], [ -84.558149109826431, 38.939211005261804 ], [ -84.555914089964872, 38.938606890274812 ], [ -84.555470488508377, 38.936915440938897 ], [ -84.557261771393669, 38.935828139277923 ], [ -84.559496672112516, 38.936432210239957 ], [ -84.559940409084916, 38.938123626885869 ], [ -84.56217544076442, 38.938727659788931 ], [ -84.562619292343555, 38.940419115085533 ], [ -84.560827976724198, 38.941506570179932 ], [ -84.56127180739756, 38.943198096823977 ] ] ], [ [ [ -84.547399467751333, 38.945735120855034 ], [ -84.549191294603006, 38.944647786693046 ], [ -84.551426540920176, 38.945252071850511 ], [ -84.551870079545481, 38.946943735217999 ], [ -84.55007823627254, 38.948031146104306 ], [ -84.547842870791726, 38.94742681689673 ], [ -84.547399467751333, 38.945735120855034 ] ] ], [ [ [ -84.54063559127259, 38.967487426554854 ], [ -84.542428415944457, 38.966399824861924 ], [ -84.544664627785792, 38.967004380371982 ], [ -84.54645732866426, 38.965916729163879 ], [ -84.548693552415699, 38.966521202487932 ], [ -84.549137194547299, 38.968213371087366 ], [ -84.547344477218587, 38.969301099045829 ], [ -84.545108134204682, 38.968696581652374 ], [ -84.543315293061255, 38.969784260095338 ], [ -84.541078961966647, 38.969179660505738 ], [ -84.54063559127259, 38.967487426554854 ] ] ], [ [ [ -84.541965797041499, 38.972564238352454 ], [ -84.543758778468671, 38.971476532683305 ], [ -84.545995240755104, 38.972081094151193 ], [ -84.546438840893174, 38.973773405365463 ], [ -84.544645842997838, 38.974861187791369 ], [ -84.542409261428801, 38.974256582244152 ], [ -84.541965797041499, 38.972564238352454 ] ] ], [ [ [ -84.541020805997448, 38.992753437962548 ], [ -84.540577217238678, 38.991060660392066 ], [ -84.542370933379217, 38.989972665175245 ], [ -84.541927323577525, 38.988279958885293 ], [ -84.543720899322651, 38.987191990856971 ], [ -84.545958101352568, 38.987796652344244 ], [ -84.546401846994968, 38.989489325946515 ], [ -84.544608254770566, 38.990577370751303 ], [ -84.545051979389086, 38.99227011563589 ], [ -84.543258246760317, 38.99335818763241 ], [ -84.541020805997448, 38.992753437962548 ] ] ], [ [ [ -84.539462788654419, 38.899591027673736 ], [ -84.537229791876825, 38.898986797211492 ], [ -84.536787209425839, 38.897296163345104 ], [ -84.534554343459405, 38.89669189500561 ], [ -84.534111875357382, 38.895001299928346 ], [ -84.53590213789154, 38.893915005793779 ], [ -84.538134884986832, 38.894519230080739 ], [ -84.538577488415299, 38.896209792552767 ], [ -84.540810366302523, 38.89681397896765 ], [ -84.541253084086847, 38.898504580220198 ], [ -84.539462788654419, 38.899591027673736 ] ] ], [ [ [ -84.529182873008253, 38.899950837413307 ], [ -84.531415845902288, 38.90055523174636 ], [ -84.531858272002864, 38.902245969604998 ], [ -84.530067589836932, 38.903332345723861 ], [ -84.527834498060983, 38.902727907318138 ], [ -84.527392207336689, 38.901037136868268 ], [ -84.529182873008253, 38.899950837413307 ] ] ], [ [ [ -84.536566199462257, 38.98368513646561 ], [ -84.53700957968212, 38.985377765534018 ], [ -84.539246638482126, 38.985982547448423 ], [ -84.539690133484271, 38.987675215132953 ], [ -84.537896433844352, 38.988763133573677 ], [ -84.53833990779323, 38.990455872540764 ], [ -84.536546067748105, 38.991543818158 ], [ -84.536989520635018, 38.993236628403828 ], [ -84.535195540165958, 38.994324601188872 ], [ -84.532958123337082, 38.993719686946797 ], [ -84.53251480633412, 38.992026844036012 ], [ -84.534308770272233, 38.990938948030127 ], [ -84.533865432188279, 38.989246176396342 ], [ -84.535659255711437, 38.98815830755499 ], [ -84.535215896555172, 38.986465607201943 ], [ -84.532978849729901, 38.985860743030202 ], [ -84.531185042741086, 38.98694853509906 ], [ -84.528948007914252, 38.986343588668689 ], [ -84.528504899384387, 38.984650894291164 ], [ -84.530298689826495, 38.983563178991268 ], [ -84.532535605348983, 38.984168081301995 ], [ -84.534329271950568, 38.983080316403289 ], [ -84.533886006495734, 38.981387725961717 ], [ -84.535679532728835, 38.98029998824201 ], [ -84.535236246208768, 38.978607469090946 ], [ -84.537029632092128, 38.977519758559005 ], [ -84.539266321006806, 38.978124490417301 ], [ -84.539709743327776, 38.979816976905006 ], [ -84.537916340936988, 38.980904764199821 ], [ -84.538359742211753, 38.982597321979782 ], [ -84.536566199462257, 38.98368513646561 ] ] ], [ [ [ -84.527154077075139, 38.987431331126743 ], [ -84.527597164503305, 38.989124096785339 ], [ -84.525803093248442, 38.990211866392762 ], [ -84.523565951138551, 38.989606793567674 ], [ -84.521771756035164, 38.990694513540618 ], [ -84.522214686451775, 38.992387383111634 ], [ -84.524451947876827, 38.992992500076561 ], [ -84.524894993075577, 38.994685408285712 ], [ -84.527132385875746, 38.995290487104974 ], [ -84.527575545873901, 38.996983433941509 ], [ -84.52981307005409, 38.997588474600946 ], [ -84.530256344868945, 38.999281460054114 ], [ -84.528461959573278, 39.000369437500851 ], [ -84.526224316029229, 38.999764352707082 ], [ -84.525781177148517, 38.998071334603061 ], [ -84.5235436650038, 38.997466211644223 ], [ -84.521749172389008, 38.998554062646924 ], [ -84.519511672303452, 38.997948857387406 ], [ -84.519068784171807, 38.99625584527702 ], [ -84.52086326018258, 38.995168071055751 ], [ -84.520420350904089, 38.993475130213106 ], [ -84.518183101543343, 38.992869930966719 ], [ -84.517740307040043, 38.991177028770927 ], [ -84.519534625980342, 38.990089358444237 ], [ -84.51909181032859, 38.98839652752207 ], [ -84.52088598883357, 38.987308884320754 ], [ -84.523122999592545, 38.987913995272066 ], [ -84.524917054270375, 38.986826302436526 ], [ -84.527154077075139, 38.987431331126743 ] ] ], [ [ [ -84.535638971982209, 38.996017482709647 ], [ -84.537876520162257, 38.996622358773905 ], [ -84.538320066809078, 38.998315278893926 ], [ -84.536525929369759, 38.999403355623613 ], [ -84.534288261807319, 38.998798435445416 ], [ -84.533844851070427, 38.997105482653559 ], [ -84.535638971982209, 38.996017482709647 ] ] ], [ [ [ -84.5257592537927, 39.005931658472328 ], [ -84.523521371490702, 39.005326485394932 ], [ -84.521726581265824, 39.006414467408398 ], [ -84.519488711027094, 39.005809212000912 ], [ -84.519045750391797, 39.004116018736603 ], [ -84.520840524007056, 39.003028113514453 ], [ -84.520397542217836, 39.001334991508187 ], [ -84.522192175323454, 39.000247113391339 ], [ -84.524429806822795, 39.000852280494733 ], [ -84.524872924577323, 39.00254536986241 ], [ -84.527110687495295, 39.00315049879552 ], [ -84.527553920087215, 39.004843626775795 ], [ -84.5257592537927, 39.005931658472328 ] ] ], [ [ [ -84.524407658437894, 39.008712916518583 ], [ -84.524850848771976, 39.010406187010581 ], [ -84.523055901403467, 39.011494272921659 ], [ -84.523499070595534, 39.013187614663707 ], [ -84.521703982661847, 39.014275727668839 ], [ -84.519465742147489, 39.013670422128619 ], [ -84.519022708984835, 39.011977047744665 ], [ -84.516784599966499, 39.011371704013222 ], [ -84.516341681665267, 39.009678368244366 ], [ -84.514103704138051, 39.009072986335873 ], [ -84.513660900680961, 39.007379689192888 ], [ -84.515455938731733, 39.006291806580791 ], [ -84.517693796883464, 39.006897144319559 ], [ -84.518136736356098, 39.008590408838039 ], [ -84.520374725979593, 39.009195708405038 ], [ -84.522169656741838, 39.008107699291934 ], [ -84.524407658437894, 39.008712916518583 ] ] ], [ [ [ -84.495279838785123, 38.881341658947427 ], [ -84.497070601840448, 38.880256148030384 ], [ -84.499302373116237, 38.880861046304275 ], [ -84.499743500023612, 38.882551499632761 ], [ -84.497952720320839, 38.883637087181874 ], [ -84.495720830354344, 38.883032144768265 ], [ -84.495279838785123, 38.881341658947427 ] ] ], [ [ [ -84.519786615937349, 38.90369138881983 ], [ -84.52201968371719, 38.904295991121664 ], [ -84.522461818001574, 38.905986865533791 ], [ -84.520670749090613, 38.907073170214773 ], [ -84.518437562437285, 38.906468523814979 ], [ -84.517995563572228, 38.904777616834288 ], [ -84.519786615937349, 38.90369138881983 ] ] ], [ [ [ -84.509038985081048, 38.910208646238566 ], [ -84.511272266490622, 38.910813500682977 ], [ -84.511714087719454, 38.912504582966278 ], [ -84.509922492061264, 38.913590843351422 ], [ -84.507689091776655, 38.912985944778782 ], [ -84.507247406029066, 38.911294829951352 ], [ -84.509038985081048, 38.910208646238566 ] ] ], [ [ [ -84.504521782821101, 38.924701199930553 ], [ -84.50631393862912, 38.923614830651843 ], [ -84.508547826635407, 38.924219823764851 ], [ -84.508989677764049, 38.925911230297331 ], [ -84.507197505326275, 38.926997676264563 ], [ -84.504963498385777, 38.926392639008675 ], [ -84.504521782821101, 38.924701199930553 ] ] ], [ [ [ -84.489712255999308, 38.939553550767698 ], [ -84.49150535936694, 38.938467144674568 ], [ -84.49373981778507, 38.939072522699526 ], [ -84.495532797682557, 38.937986067048037 ], [ -84.497767268292108, 38.938591362998586 ], [ -84.498208877975358, 38.94028315877658 ], [ -84.496415881381978, 38.941369691132302 ], [ -84.494181291797418, 38.940764351003729 ], [ -84.492388171712605, 38.941850833800814 ], [ -84.490153594328802, 38.941245411587687 ], [ -84.489712255999308, 38.939553550767698 ] ] ], [ [ [ -84.484332418571682, 38.942812724160248 ], [ -84.486125785604628, 38.94172634051548 ], [ -84.488360350764111, 38.942331844814454 ], [ -84.488801667853238, 38.944023776959348 ], [ -84.487008284072758, 38.945110237310899 ], [ -84.484773599946891, 38.944504688808664 ], [ -84.484332418571682, 38.942812724160248 ] ] ], [ [ [ -84.4887175981779, 38.967590430075894 ], [ -84.486923322379283, 38.968677283190203 ], [ -84.487364834224891, 38.970369830855311 ], [ -84.489600757728738, 38.970975492880839 ], [ -84.491395050279536, 38.969888563026778 ], [ -84.493630986015276, 38.970494142859344 ], [ -84.494072748319155, 38.972186696751088 ], [ -84.492278439028397, 38.973273703348482 ], [ -84.492720180082316, 38.974966328528353 ], [ -84.49092573039978, 38.97605336220483 ], [ -84.491367450195, 38.977746058668984 ], [ -84.489572860101873, 38.978833119415761 ], [ -84.490014558629696, 38.98052588716034 ], [ -84.488219828107248, 38.981612974968584 ], [ -84.48866150535892, 38.983305813989794 ], [ -84.490898049063674, 38.983911532665452 ], [ -84.491339840976309, 38.985604410421857 ], [ -84.493576516103559, 38.986210091067697 ], [ -84.49401842269441, 38.987903007548603 ], [ -84.49222351820903, 38.988990275931961 ], [ -84.489986723880193, 38.988384551069359 ], [ -84.488191695670253, 38.989471769736824 ], [ -84.485954913591016, 38.988865962612316 ], [ -84.485513278917864, 38.987172981049412 ], [ -84.48327662829486, 38.986567135898895 ], [ -84.482835108285954, 38.984874193077829 ], [ -84.480598589114237, 38.984268309915514 ], [ -84.480157183752326, 38.98257540584703 ], [ -84.477920796026936, 38.981969484687042 ], [ -84.47612569452302, 38.983056423350114 ], [ -84.473889319114051, 38.982450419953992 ], [ -84.472094093972899, 38.983537308878546 ], [ -84.472535227396847, 38.985230277952297 ], [ -84.474771721940769, 38.985836325606193 ], [ -84.475212969997756, 38.987529333449913 ], [ -84.473417587520558, 38.988616326137432 ], [ -84.473858814226801, 38.990309405244645 ], [ -84.472063291234832, 38.991396424931182 ], [ -84.469826558390878, 38.990790288746901 ], [ -84.469385467697734, 38.989097177145929 ], [ -84.471180973831622, 38.988010234220866 ], [ -84.470739861768678, 38.986317193881554 ], [ -84.46850337957413, 38.985711063980105 ], [ -84.468062382137248, 38.984018062419487 ], [ -84.465826031432115, 38.983411894547409 ], [ -84.465385148603957, 38.981718931776093 ], [ -84.463465814219575, 38.981198631927796 ], [ -84.4646395610865, 38.979807490135599 ], [ -84.465000753042574, 38.97846792257274 ], [ -84.466739576287281, 38.978939277851268 ], [ -84.468534767711432, 38.977852542426461 ], [ -84.468093842128837, 38.976159722198211 ], [ -84.469888893102805, 38.975073013780502 ], [ -84.469447946156109, 38.97338026482948 ], [ -84.471242856698666, 38.972293583427742 ], [ -84.473478731038355, 38.972899574237317 ], [ -84.475273518005821, 38.971812843121725 ], [ -84.474832413799817, 38.97012019793727 ], [ -84.47259665852647, 38.969514251380872 ], [ -84.472155668877789, 38.967821644995894 ], [ -84.473950298613715, 38.966735017652482 ], [ -84.473509287627166, 38.965042482556278 ], [ -84.475303776987872, 38.96395588225527 ], [ -84.474862744672194, 38.962263418451641 ], [ -84.476657093676408, 38.961176845201841 ], [ -84.47889249181064, 38.961782659028678 ], [ -84.48068671727863, 38.960696036112992 ], [ -84.482922127702153, 38.961301767782771 ], [ -84.484716229622279, 38.960215095212924 ], [ -84.486951652311518, 38.960820744726817 ], [ -84.487393092131796, 38.962513111026333 ], [ -84.489628646127315, 38.963118722593215 ], [ -84.490070200505286, 38.964811127670188 ], [ -84.48827606506174, 38.965897953702928 ], [ -84.4887175981779, 38.967590430075894 ] ], [ [ -84.481539967021831, 38.971937797330831 ], [ -84.479304068052755, 38.971331970915671 ], [ -84.477509404672034, 38.972418751733493 ], [ -84.477950623452628, 38.974111435706703 ], [ -84.480186641516667, 38.974717306359594 ], [ -84.481981321701312, 38.973630448799405 ], [ -84.481539967021831, 38.971937797330831 ] ] ], [ [ [ -84.489931026735036, 39.004104446436287 ], [ -84.488135402853686, 39.005191926764702 ], [ -84.485897880823387, 39.004586018819083 ], [ -84.485456101949282, 39.002892674783503 ], [ -84.487251709046618, 39.001805271237451 ], [ -84.486809908864544, 39.000111998451409 ], [ -84.488605375401931, 38.999024621920185 ], [ -84.4881635539206, 38.997331420387532 ], [ -84.489958879916855, 38.996244070880046 ], [ -84.492196044164245, 38.996849846131362 ], [ -84.492638001662485, 38.998543015114521 ], [ -84.490842658900249, 38.99963044139799 ], [ -84.49128459511833, 39.001323681636315 ], [ -84.489489111805923, 39.002411134946655 ], [ -84.489931026735036, 39.004104446436287 ] ] ], [ [ [ -84.482748002431279, 39.008454322201707 ], [ -84.484543890704757, 39.007366864652369 ], [ -84.486781532016082, 39.00797281683942 ], [ -84.487223404341123, 39.009666270820141 ], [ -84.485427499265555, 39.010753805158167 ], [ -84.483189738663171, 39.010147808724724 ], [ -84.482748002431279, 39.008454322201707 ] ] ], [ [ [ -84.476246135293749, 38.951628841921632 ], [ -84.478040046545004, 38.95054242659441 ], [ -84.480274956357917, 38.95114814563577 ], [ -84.480716073902826, 38.952840324230777 ], [ -84.478922145855748, 38.953926816274084 ], [ -84.476687117055732, 38.953321053004231 ], [ -84.476246135293749, 38.951628841921632 ] ] ], [ [ [ -84.467243677381362, 38.964917070531051 ], [ -84.466802916795558, 38.963224541777144 ], [ -84.46859751283742, 38.962138067894166 ], [ -84.468156730893213, 38.960445610433055 ], [ -84.469951186577873, 38.95935916358615 ], [ -84.47218644105476, 38.959965097477124 ], [ -84.472627358850929, 38.961657522466552 ], [ -84.470832886322057, 38.962744046038758 ], [ -84.471273782778809, 38.964436542322758 ], [ -84.469479169883783, 38.965523092934212 ], [ -84.467243677381362, 38.964917070531051 ] ] ], [ [ [ -84.459183133162284, 38.965877731318415 ], [ -84.458742644354459, 38.964185137656152 ], [ -84.460537487387455, 38.963098763186785 ], [ -84.460096977183198, 38.961406240813709 ], [ -84.46189167983961, 38.960319893356377 ], [ -84.464126909590917, 38.960925991549537 ], [ -84.464567555671167, 38.962618481471864 ], [ -84.46277283612794, 38.963704905653906 ], [ -84.463213460830744, 38.965397466867223 ], [ -84.461418600901894, 38.966483918064483 ], [ -84.459183133162284, 38.965877731318415 ] ] ], [ [ [ -84.481893812460953, 38.997206922765258 ], [ -84.484130952177011, 38.997812862600412 ], [ -84.484572637629313, 38.999506096672107 ], [ -84.482777047328383, 39.000593423439327 ], [ -84.480539788380014, 38.999987439357312 ], [ -84.478744074327167, 39.001074716348839 ], [ -84.479185602401117, 39.002768054198832 ], [ -84.477389747768868, 39.003855358181184 ], [ -84.475152381897985, 39.003249247533226 ], [ -84.474710989896209, 39.001555877166993 ], [ -84.472473755592603, 39.000949728475945 ], [ -84.47203247829961, 38.999256396850129 ], [ -84.469795375558292, 38.998650210130194 ], [ -84.469354212956802, 38.996956917255481 ], [ -84.46711724177284, 38.996350692520849 ], [ -84.466676193845501, 38.994657438408012 ], [ -84.468471981047145, 38.993570441517797 ], [ -84.470708833056079, 38.994176621974752 ], [ -84.472504496581578, 38.993089575298065 ], [ -84.474741360944194, 38.993695673478065 ], [ -84.475182680961822, 38.995388862600144 ], [ -84.477419676848072, 38.995994922761646 ], [ -84.477861111553892, 38.997688150628207 ], [ -84.480098238968736, 38.998294172757056 ], [ -84.481893812460953, 38.997206922765258 ] ] ] ] } },
{ "type": "Feature", "properties": { "hex_id": "892a9366e87ffff", "median_val": 3061.9161793465032, "category": 1, "bin": 1 }, "geometry": { "type": "MultiPolygon", "coordinates": [ [ [ [ -84.60661261960874, 38.794157309636283 ], [ -84.609236135921037, 38.796477371060128 ], [ -84.610198590332857, 38.797328448554488 ], [ -84.610498590441665, 38.79759344859113 ], [ -84.610992590620825, 38.798030448651907 ], [ -84.611859807709664, 38.798797491088408 ], [ -84.614483351109868, 38.801117842433158 ], [ -84.615111592114587, 38.801673449157519 ], [ -84.615732592339782, 38.802222449233561 ], [ -84.615330141738525, 38.803963242149479 ], [ -84.614653571677835, 38.806889539432071 ], [ -84.614636891232863, 38.806961682524893 ], [ -84.614126585095349, 38.80916869008626 ], [ -84.613668531918862, 38.811149592253599 ], [ -84.613599547536182, 38.811447913244685 ], [ -84.612941197156118, 38.814294803115537 ], [ -84.61225844912218, 38.817246951372802 ], [ -84.611689592467215, 38.819706452762084 ], [ -84.61157545407211, 38.820199177662694 ], [ -84.610962322965364, 38.822845889596309 ], [ -84.610761678164394, 38.823711972572241 ], [ -84.610434055473888, 38.825126109472571 ], [ -84.609865576960772, 38.827579731173387 ], [ -84.609181476123524, 38.830532165315518 ], [ -84.608497289549362, 38.833484721032633 ], [ -84.608151592577585, 38.834976455843218 ], [ -84.607817413574324, 38.836438585721723 ], [ -84.607277599376218, 38.838800300453478 ], [ -84.606890718649723, 38.840492825665258 ], [ -84.606757438686017, 38.841075879744523 ], [ -84.606484592637287, 38.842269457313314 ], [ -84.606128561327068, 38.843826807488973 ], [ -84.605452851473942, 38.846782303722847 ], [ -84.60477705685966, 38.849737921738338 ], [ -84.604705592701066, 38.850050458881704 ], [ -84.604684592702043, 38.85014445890058 ], [ -84.604154908449544, 38.852455450027783 ], [ -84.603867122761599, 38.852630447953089 ], [ -84.601635780121882, 38.852027777203212 ], [ -84.59984881401455, 38.853114304242588 ], [ -84.597617482909058, 38.852511551724184 ], [ -84.595830393408832, 38.853598029737839 ], [ -84.593599073861029, 38.852995195449672 ], [ -84.591811860979305, 38.854081624425945 ], [ -84.589580553012652, 38.853478708366737 ], [ -84.589136576744949, 38.851789407224999 ], [ -84.586905399187188, 38.851186453295313 ], [ -84.585118079096688, 38.852272756607604 ], [ -84.585561920398845, 38.853962090462439 ], [ -84.583774460788391, 38.855048421328945 ], [ -84.58421828136602, 38.856737826643069 ], [ -84.586449696542388, 38.857340868381371 ], [ -84.586893631390197, 38.859030312441433 ], [ -84.585106016062213, 38.860116747474876 ], [ -84.585549930187213, 38.861806262988473 ], [ -84.587781594654189, 38.86240931075244 ], [ -84.588225623076795, 38.864098864999328 ], [ -84.59045741801485, 38.864701874863094 ], [ -84.590901560752201, 38.866391467832571 ], [ -84.589113773519443, 38.867478083665553 ], [ -84.589557895545937, 38.869167748080791 ], [ -84.591789939851694, 38.869770763931278 ], [ -84.59223417622033, 38.87146046705643 ], [ -84.590446233225464, 38.872547187065294 ], [ -84.590890448884977, 38.874236961630459 ], [ -84.59312274261157, 38.874839983448069 ], [ -84.593567072640639, 38.876529796710443 ], [ -84.595799496891004, 38.877132780575081 ], [ -84.596243941306739, 38.878822632524056 ], [ -84.598161468295146, 38.879340502072132 ], [ -84.59801759299711, 38.880012464910955 ], [ -84.598282264048379, 38.88150378715001 ], [ -84.597132923848818, 38.882202446532197 ], [ -84.597577461981587, 38.883892408587243 ], [ -84.598763031265491, 38.884212569087381 ], [ -84.599224392275332, 38.886811815261467 ], [ -84.599430594020546, 38.887973466364194 ], [ -84.599635964602854, 38.889158200645497 ], [ -84.600151099989432, 38.892129719758607 ], [ -84.6004926383238, 38.894099719590677 ], [ -84.601063852175557, 38.897394246524534 ], [ -84.601381191315454, 38.899224395446495 ], [ -84.601528595562016, 38.900074468574793 ], [ -84.601936976976447, 38.902340670023662 ], [ -84.602331385622051, 38.904529195104914 ], [ -84.602829430036238, 38.907292588204491 ], [ -84.60328699741882, 38.909831204059614 ], [ -84.603537597005385, 38.911221470606982 ], [ -84.603648843192559, 38.912225068297325 ], [ -84.603988407064605, 38.915288238212135 ], [ -84.604151377774059, 38.91675828582548 ], [ -84.604192106244156, 38.917125660054438 ], [ -84.60454627332355, 38.920320116440138 ], [ -84.604803297674849, 38.922638201011672 ], [ -84.60508487718451, 38.925177572830798 ], [ -84.605414629990037, 38.92815115518728 ], [ -84.605623590422795, 38.930035349844474 ], [ -84.605982793354343, 38.93327404589516 ], [ -84.60422252699874, 38.932799055587907 ], [ -84.603777300149602, 38.931107999221084 ], [ -84.601542270831644, 38.93050483100113 ], [ -84.599752349123065, 38.931592675237241 ], [ -84.600197440589412, 38.933283764408884 ], [ -84.598407378919674, 38.934371636095953 ], [ -84.596172241940153, 38.93376834189187 ], [ -84.595727285868733, 38.932077219925858 ], [ -84.593492279720209, 38.931473887582428 ], [ -84.59170211042165, 38.93256163327387 ], [ -84.589467115893214, 38.931958218866804 ], [ -84.589022409873294, 38.930267102708839 ], [ -84.586787546185477, 38.929663650185461 ], [ -84.584997269324475, 38.930751269873511 ], [ -84.582762417294703, 38.930147735294156 ], [ -84.582317961307481, 38.928456624982751 ], [ -84.580083240127919, 38.927853052310226 ], [ -84.579638898743937, 38.926161980620932 ], [ -84.581429143137129, 38.925074514349568 ], [ -84.580984780947475, 38.923383514031912 ], [ -84.578750309752522, 38.92277994724472 ], [ -84.57830606213858, 38.921088985561909 ], [ -84.576071721764933, 38.9204853807151 ], [ -84.575627588709551, 38.918794457677834 ], [ -84.573393379152378, 38.91819081478549 ], [ -84.572949360638319, 38.91649993040452 ], [ -84.570715281892817, 38.915896249480845 ], [ -84.568925102583606, 38.916983408960164 ], [ -84.566691035582522, 38.916379646034002 ], [ -84.564900732655801, 38.917466756213408 ], [ -84.565344480415547, 38.9191577060095 ], [ -84.563554037550816, 38.920244843569698 ], [ -84.561319863254525, 38.91964095463937 ], [ -84.560876250890047, 38.917949972151391 ], [ -84.562666677422754, 38.916862911283502 ], [ -84.56222304417345, 38.91517200017168 ], [ -84.56401333077703, 38.914084966681415 ], [ -84.563569676651525, 38.912394126949614 ], [ -84.561335871288037, 38.911790288021088 ], [ -84.560892331645462, 38.910099486986276 ], [ -84.562682462012049, 38.909012557564793 ], [ -84.562238901491611, 38.907321827915823 ], [ -84.564028891975326, 38.906234925886153 ], [ -84.56358531058568, 38.90454426762674 ], [ -84.565375161205182, 38.903457392997659 ], [ -84.564931558954925, 38.901766806131661 ], [ -84.562698241387096, 38.901163061211022 ], [ -84.560908407088661, 38.902249859167519 ], [ -84.558675101304416, 38.901646032300441 ], [ -84.558231748787904, 38.899955451475243 ], [ -84.560021566752937, 38.898868730187928 ], [ -84.559578193355236, 38.897178220760139 ], [ -84.55734513728072, 38.896574399953273 ], [ -84.555555335661424, 38.897661044574853 ], [ -84.55332229139924, 38.89705714183939 ], [ -84.551532366309431, 38.898143737186487 ], [ -84.551975469111014, 38.899834311932423 ], [ -84.550185404173988, 38.900920934658558 ], [ -84.547952252819726, 38.900316905971444 ], [ -84.547509285334243, 38.898626298582123 ], [ -84.545276264767267, 38.898022231985777 ], [ -84.543486092770877, 38.899108728748885 ], [ -84.543928924928224, 38.90079936877116 ], [ -84.542138613065134, 38.90188589288941 ], [ -84.539905485471536, 38.901281700318577 ], [ -84.539462788654419, 38.899591027673736 ], [ -84.541253084086847, 38.898504580220198 ], [ -84.540810366302523, 38.89681397896765 ], [ -84.538577488415299, 38.896209792552767 ], [ -84.538134884986832, 38.894519230080739 ], [ -84.53590213789154, 38.893915005793779 ], [ -84.534111875357382, 38.895001299928346 ], [ -84.534554343459405, 38.89669189500561 ], [ -84.536787209425839, 38.897296163345104 ], [ -84.537229791876825, 38.898986797211492 ], [ -84.535439373019869, 38.900073195343893 ], [ -84.533206388172303, 38.899468882946849 ], [ -84.531415845902288, 38.90055523174636 ], [ -84.529182873008253, 38.899950837413307 ], [ -84.527392207336689, 38.901037136868268 ], [ -84.525159246419747, 38.90043266059795 ], [ -84.523368457358174, 38.90151891069673 ], [ -84.521135508441859, 38.900914352487881 ], [ -84.519344596001801, 38.902000553218841 ], [ -84.519786615937349, 38.90369138881983 ], [ -84.517995563572228, 38.904777616834288 ], [ -84.518437562437285, 38.906468523814979 ], [ -84.516646370128399, 38.907554779104231 ], [ -84.517088347914296, 38.909245757460816 ], [ -84.515297015643014, 38.910332040016051 ], [ -84.513063722158023, 38.909727267543111 ], [ -84.511272266490622, 38.910813500682977 ], [ -84.509038985081048, 38.910208646238566 ], [ -84.507247406029066, 38.911294829951352 ], [ -84.507689091776655, 38.912985944778782 ], [ -84.505897372724178, 38.914072155724938 ], [ -84.506339037337341, 38.915763341917142 ], [ -84.508572556507019, 38.916368284622955 ], [ -84.509014335496204, 38.91805950963559 ], [ -84.507222459800445, 38.919145824485042 ], [ -84.507664217656838, 38.920837120856639 ], [ -84.509897986738864, 38.921442069831684 ], [ -84.510339858998748, 38.923133405010994 ], [ -84.508547826635407, 38.924219823764851 ], [ -84.50631393862912, 38.923614830651843 ], [ -84.504521782821101, 38.924701199930553 ], [ -84.504963498385777, 38.926392639008675 ], [ -84.503171202493562, 38.927479035488787 ], [ -84.503612896899341, 38.929170545914531 ], [ -84.501820460904284, 38.930256969587326 ], [ -84.502262134142455, 38.93194855135684 ], [ -84.500469558025884, 38.933035002213536 ], [ -84.500911210087779, 38.934726655322969 ], [ -84.499118493830963, 38.935813133354813 ], [ -84.49956012470787, 38.937504857800434 ], [ -84.497767268292108, 38.938591362998586 ], [ -84.495532797682557, 38.937986067048037 ], [ -84.49373981778507, 38.939072522699526 ], [ -84.49150535936694, 38.938467144674568 ], [ -84.489712255999308, 38.939553550767698 ], [ -84.490153594328802, 38.941245411587687 ], [ -84.488360350764111, 38.942331844814454 ], [ -84.486125785604628, 38.94172634051548 ], [ -84.484332418571682, 38.942812724160248 ], [ -84.484773599946891, 38.944504688808664 ], [ -84.487008284072758, 38.945110237310899 ], [ -84.487449579912862, 38.946802240776968 ], [ -84.485656055897934, 38.947888728244585 ], [ -84.483421252795623, 38.947283135534008 ], [ -84.481627605293028, 38.948369573395638 ], [ -84.482068744123396, 38.950061680678921 ], [ -84.480274956357917, 38.95114814563577 ], [ -84.478040046545004, 38.95054242659441 ], [ -84.476246135293749, 38.951628841921632 ], [ -84.476687117055732, 38.953321053004231 ], [ -84.474893065513129, 38.954407495405938 ], [ -84.475334025961914, 38.956099777794634 ], [ -84.473539834109275, 38.957186247262001 ], [ -84.471304698630206, 38.956580357619593 ], [ -84.469510383283975, 38.957666777421657 ], [ -84.469951186577873, 38.95935916358615 ], [ -84.468156730893213, 38.960445610433055 ], [ -84.465921488767293, 38.959839594391596 ], [ -84.464126909590917, 38.960925991549537 ], [ -84.46189167983961, 38.960319893356377 ], [ -84.460096977183198, 38.961406240813709 ], [ -84.460537487387455, 38.963098763186785 ], [ -84.458742644354459, 38.964185137656152 ], [ -84.459183133162284, 38.965877731318415 ], [ -84.45909112306083, 38.965933421276134 ], [ -84.458415558161221, 38.965632487722552 ], [ -84.454972580664418, 38.965665553566609 ], [ -84.454353556959973, 38.965671487918563 ], [ -84.453259556668385, 38.96610248805149 ], [ -84.452468556512727, 38.96713748828553 ], [ -84.452449360289378, 38.967197870530299 ], [ -84.451528400578169, 38.970094650253536 ], [ -84.450607327247212, 38.972991544002625 ], [ -84.449822015026498, 38.975461259461724 ], [ -84.449553556346928, 38.976305490168677 ], [ -84.449457201481451, 38.976415617359216 ], [ -84.447648428990377, 38.978482845840759 ], [ -84.446088555621259, 38.980265491084332 ], [ -84.445171326509694, 38.980958075303725 ], [ -84.442792188519292, 38.982754426082806 ], [ -84.440769554350268, 38.984281492096855 ], [ -84.440392072744331, 38.984382577464132 ], [ -84.438957288931007, 38.983993293224536 ], [ -84.437161092134446, 38.985079707071144 ], [ -84.434924960223782, 38.984472925602113 ], [ -84.433729620696241, 38.98519584007321 ], [ -84.433265552192083, 38.985159492612418 ], [ -84.430611057699693, 38.983868537478507 ], [ -84.430452840553826, 38.983259242547803 ], [ -84.429473709196969, 38.982993488920897 ], [ -84.428002400549886, 38.981826311339134 ], [ -84.427777287303741, 38.980959196500251 ], [ -84.426934719810873, 38.980730481610898 ], [ -84.426605549844027, 38.980264491988557 ], [ -84.426441549683744, 38.978798491716539 ], [ -84.426949968174227, 38.977587057506483 ], [ -84.428077005564674, 38.974901453958765 ], [ -84.428204166332975, 38.974598430706763 ], [ -84.428332549901342, 38.97429249076972 ], [ -84.430569188971987, 38.972274823413095 ], [ -84.433214876344024, 38.969887951789872 ], [ -84.433391122349448, 38.969728939338275 ], [ -84.434898218666177, 38.968369168967236 ], [ -84.43510955144535, 38.968178489289599 ], [ -84.437152518062021, 38.966194198586344 ], [ -84.438524552205408, 38.96486148849857 ], [ -84.439244676228839, 38.963615279734093 ], [ -84.440816356056047, 38.960895246247695 ], [ -84.441613552714344, 38.959515487335771 ], [ -84.441735529713256, 38.957998281317025 ], [ -84.441866552549911, 38.956368486723854 ], [ -84.442815763451449, 38.955145168479611 ], [ -84.444011567450062, 38.955469667764532 ], [ -84.445806466169486, 38.95438364989478 ], [ -84.445366549646863, 38.952691250584131 ], [ -84.447161308016135, 38.951605259701793 ], [ -84.44689524618677, 38.950581798224746 ], [ -84.447283553695186, 38.950313485317672 ], [ -84.450956503575028, 38.95022521360459 ], [ -84.455084621079422, 38.95012586611189 ], [ -84.458710557061579, 38.950038484735344 ], [ -84.45919634390178, 38.949963556913161 ], [ -84.461005557714827, 38.94968448456121 ], [ -84.462151557999007, 38.948953484368708 ], [ -84.462320143621184, 38.947853137836667 ], [ -84.462837468334186, 38.947993435042434 ], [ -84.464631592808459, 38.946907272429982 ], [ -84.464191090183107, 38.94521514542123 ], [ -84.465985074383426, 38.944129009861705 ], [ -84.465544550403777, 38.942436954167086 ], [ -84.46331017798704, 38.941831001587488 ], [ -84.461516210653031, 38.94291706044514 ], [ -84.460572703559691, 38.942661155558284 ], [ -84.459375720120676, 38.940295634944128 ], [ -84.458776556250072, 38.939111482647867 ], [ -84.457441233986032, 38.937549693622977 ], [ -84.455234623014434, 38.934968664408835 ], [ -84.4534333210444, 38.932861547641124 ], [ -84.452337597071448, 38.931579723364138 ], [ -84.452173096683254, 38.930947118062434 ], [ -84.451683232329472, 38.930814192907818 ], [ -84.451553553467008, 38.930662481370732 ], [ -84.450446221735334, 38.928076191859056 ], [ -84.449324857656919, 38.925456926093354 ], [ -84.448449089760672, 38.923411178744061 ], [ -84.447328551465233, 38.920793479683027 ], [ -84.447036086696684, 38.920350813343852 ], [ -84.445583541866156, 38.91815219052792 ], [ -84.444264399308707, 38.916155356846744 ], [ -84.443713549978526, 38.915321478805801 ], [ -84.444390216547916, 38.913111626322696 ], [ -84.444676550025207, 38.91217647816076 ], [ -84.443648018400125, 38.910656023545492 ], [ -84.441769200562746, 38.907878419516159 ], [ -84.441651548789523, 38.907704477446977 ], [ -84.439454548066294, 38.90675447736735 ], [ -84.439107125098317, 38.905574990086819 ], [ -84.43893554777884, 38.904992477054826 ], [ -84.438993240376533, 38.904190157453243 ], [ -84.439031080916394, 38.903663906675988 ], [ -84.439243484843473, 38.900709847214124 ], [ -84.439446547391583, 38.897885475673952 ], [ -84.439556514971173, 38.897651044048736 ], [ -84.440864476004563, 38.894862573888474 ], [ -84.441863547717389, 38.892732474577791 ], [ -84.442029104308304, 38.892064814110732 ], [ -84.44204811411619, 38.891988150099586 ], [ -84.442599973114298, 38.889762503321215 ], [ -84.443416033245612, 38.889268583406199 ], [ -84.443061159193547, 38.887902431635858 ], [ -84.443170786133081, 38.887460265902945 ], [ -84.443861375560488, 38.884674736381022 ], [ -84.444026547697533, 38.884008472810983 ], [ -84.444975319483333, 38.881834229578523 ], [ -84.446201387635426, 38.879024315014149 ], [ -84.447427308350868, 38.876214503928338 ], [ -84.447925548176244, 38.875072470923357 ], [ -84.448747092356527, 38.873430324582408 ], [ -84.450131093350123, 38.870663725400917 ], [ -84.450870548603419, 38.869185469662149 ], [ -84.451726351526304, 38.867954631510273 ], [ -84.452684548943367, 38.866576469079604 ], [ -84.452684548886239, 38.865821468935351 ], [ -84.452192091004733, 38.864938978511177 ], [ -84.451982548583146, 38.864563468727376 ], [ -84.451395267614757, 38.864110164122188 ], [ -84.449641547752833, 38.862756468490147 ], [ -84.449641547746694, 38.862675362532222 ], [ -84.44964154763349, 38.861178468188506 ], [ -84.4502265477376, 38.860263467986485 ], [ -84.450745506739295, 38.859833233888338 ], [ -84.45268354831147, 38.858226467483618 ], [ -84.4538663577178, 38.857665688109677 ], [ -84.456142945939987, 38.856586281206404 ], [ -84.458329549781737, 38.855549466710855 ], [ -84.459352518793494, 38.854848827347148 ], [ -84.461551667617925, 38.85334253664513 ], [ -84.463506551047118, 38.8520034657937 ], [ -84.463796017067295, 38.850810544188136 ], [ -84.463828551042226, 38.850676465525119 ], [ -84.463388550794221, 38.849120465248028 ], [ -84.462735025775544, 38.848224443997019 ], [ -84.460756066428786, 38.845511014804217 ], [ -84.45981854936683, 38.84422546447712 ], [ -84.458309996639215, 38.84308069141413 ], [ -84.45544340771157, 38.840905210984673 ], [ -84.454845547608585, 38.840451463985239 ], [ -84.453590841675521, 38.838616463749581 ], [ -84.453031546870974, 38.837798463561491 ], [ -84.452943796774846, 38.836552035894478 ], [ -84.452741230240377, 38.8336745557787 ], [ -84.452709546430086, 38.833224462701622 ], [ -84.453005887104496, 38.830647975818387 ], [ -84.453022939689504, 38.830499709141719 ], [ -84.453247611630772, 38.82854620193568 ], [ -84.453351546198988, 38.827642461604214 ], [ -84.452934984330824, 38.825875955138699 ], [ -84.452314705147103, 38.823245383406018 ], [ -84.45308774477617, 38.822777202026586 ], [ -84.45264879168073, 38.821087886152668 ], [ -84.451748335702945, 38.820843267747989 ], [ -84.451625545135528, 38.820322460283379 ], [ -84.450543544721825, 38.819086460096869 ], [ -84.449990532618088, 38.818787642667083 ], [ -84.447793543795257, 38.817600459939477 ], [ -84.447588765812071, 38.817555544225073 ], [ -84.445395543045308, 38.817074459949502 ], [ -84.443407542468549, 38.817234460071887 ], [ -84.443369536645136, 38.817259016009231 ], [ -84.442062542135645, 38.818103460300222 ], [ -84.441202229352854, 38.819547792396456 ], [ -84.439716576246695, 38.819144020815763 ], [ -84.437926618262892, 38.820227688558454 ], [ -84.43569822185151, 38.819621977547982 ], [ -84.433908141207866, 38.820705595956404 ], [ -84.434346440049026, 38.822395001915289 ], [ -84.436574954671471, 38.823000757179408 ], [ -84.437013367275185, 38.824690202304303 ], [ -84.435223130107502, 38.82577392445387 ], [ -84.435515918844402, 38.82690231245175 ], [ -84.435102540760553, 38.827208462363693 ], [ -84.432312248143504, 38.828123439410966 ], [ -84.431642393469588, 38.827941346583103 ], [ -84.43098801539827, 38.82833741594542 ], [ -84.427490474302132, 38.827907454679945 ], [ -84.427185034554611, 38.826729539977286 ], [ -84.424956426724208, 38.82612357716458 ], [ -84.424518419614188, 38.82443403521102 ], [ -84.422289942518589, 38.823828035040457 ], [ -84.421852049150203, 38.822138532278778 ], [ -84.423642497704151, 38.821055061942694 ], [ -84.423204582897725, 38.819365630632085 ], [ -84.420976354696094, 38.818759637406856 ], [ -84.420538553604032, 38.817070245300656 ], [ -84.41977100769958, 38.816861482861356 ], [ -84.418178606657591, 38.814589804479141 ], [ -84.41756153454655, 38.813709460589507 ], [ -84.417745951177949, 38.811599871467976 ], [ -84.417825534397267, 38.810689459999118 ], [ -84.420625481421865, 38.809414056732379 ], [ -84.420837535186322, 38.809317459597594 ], [ -84.420997372497595, 38.808975877542402 ], [ -84.421158535229679, 38.80863145945154 ], [ -84.41996053478357, 38.807419459274797 ], [ -84.41835301305963, 38.806668043037632 ], [ -84.418148534182919, 38.80657245919609 ], [ -84.418480534241525, 38.8060444590797 ], [ -84.419317534483952, 38.80597145902717 ], [ -84.419551602746722, 38.805942744348734 ], [ -84.419886663063139, 38.805901639467002 ], [ -84.423601532172327, 38.805445835770101 ], [ -84.423864464612777, 38.805413570056736 ], [ -84.427651346141886, 38.804948795101552 ], [ -84.427842156875982, 38.804925372962487 ], [ -84.428012536979267, 38.804904458421966 ], [ -84.431700644483513, 38.804451864578027 ], [ -84.43182024489856, 38.804437185531832 ], [ -84.435749788180971, 38.803954825729548 ], [ -84.435798246168744, 38.80394887654888 ], [ -84.439787376729029, 38.803459059705055 ], [ -84.443800409134411, 38.802966164809391 ], [ -84.446272542218878, 38.802662457150682 ], [ -84.447812039276414, 38.802468173502334 ], [ -84.451821486084242, 38.801962084134814 ], [ -84.453418544267322, 38.801760456648502 ], [ -84.455829298953731, 38.801450018800487 ], [ -84.459835990082738, 38.800933953727501 ], [ -84.463842565007269, 38.80041775977358 ], [ -84.467849023692963, 38.799901436950591 ], [ -84.471855366105416, 38.799384985270436 ], [ -84.47586159221018, 38.798868404744979 ], [ -84.479867701972864, 38.798351695386145 ], [ -84.483873695359136, 38.797834857205849 ], [ -84.484318553116836, 38.797777454460224 ], [ -84.48437555313653, 38.797815454464804 ], [ -84.487892372123653, 38.797367017714521 ], [ -84.491899695077805, 38.796855900845372 ], [ -84.495906902502824, 38.796344654955547 ], [ -84.499913994364263, 38.795833280056854 ], [ -84.503920970627604, 38.795321776161181 ], [ -84.507927831258371, 38.794810143280266 ], [ -84.511934576222089, 38.79429838142601 ], [ -84.514360561724331, 38.793988452347953 ], [ -84.515938402792671, 38.793775757873242 ], [ -84.518640562947709, 38.793411452039734 ], [ -84.519943095678912, 38.793256771811798 ], [ -84.523958686847095, 38.792779811645588 ], [ -84.527974167817931, 38.792302721186992 ], [ -84.531737566706497, 38.791855451136946 ], [ -84.531989549554638, 38.791825542510288 ], [ -84.536004985347731, 38.791348861785359 ], [ -84.540020310945025, 38.790872050776187 ], [ -84.544035526311319, 38.790395109494106 ], [ -84.547163571133069, 38.790023450073541 ], [ -84.548083906134977, 38.790045130920618 ], [ -84.552046142639398, 38.790138389201807 ], [ -84.552665675218506, 38.790152958920736 ], [ -84.555147222078318, 38.790211285389731 ], [ -84.558498035739106, 38.790289959990858 ], [ -84.562663661473621, 38.790387632503247 ], [ -84.566829272218371, 38.790485156951711 ], [ -84.570652488333451, 38.790574535326982 ], [ -84.57169520238925, 38.790598890090806 ], [ -84.573753515240796, 38.790646939118055 ], [ -84.57724323323086, 38.790728320304062 ], [ -84.581408791183307, 38.790825326541729 ], [ -84.585574333949026, 38.790922184722668 ], [ -84.589258517151563, 38.791007727131742 ], [ -84.590724449537404, 38.791041732228621 ], [ -84.592359490869129, 38.791079638550698 ], [ -84.595675585570817, 38.791156448046777 ], [ -84.595988855540526, 38.791166465062332 ], [ -84.597896586233134, 38.791227447957553 ], [ -84.600275467663607, 38.791723467718739 ], [ -84.603004587824472, 38.792292447924623 ], [ -84.603180742537901, 38.792329111151467 ], [ -84.604013588138798, 38.792502447918189 ], [ -84.604256588214497, 38.79255344791666 ], [ -84.604967588436054, 38.792702447912149 ], [ -84.60661261960874, 38.794157309636283 ] ], [ [ -84.568156462448187, 38.850826026810545 ], [ -84.567713254542468, 38.849136672458556 ], [ -84.565482384519271, 38.848533315840193 ], [ -84.563694603676126, 38.849619269623005 ], [ -84.564137676581836, 38.851308656629158 ], [ -84.566368665334508, 38.851912057200408 ], [ -84.568156462448187, 38.850826026810545 ] ], [ [ -84.5668721413345, 38.822232999243504 ], [ -84.566429244420121, 38.820544300545933 ], [ -84.568215860930493, 38.819458796801399 ], [ -84.567772943242147, 38.817770169599711 ], [ -84.565543543861509, 38.817167013506875 ], [ -84.565100740210823, 38.815478425169566 ], [ -84.562871471109801, 38.814875231382111 ], [ -84.56242878147971, 38.813186681919738 ], [ -84.560199642653501, 38.812583450451754 ], [ -84.559757067026936, 38.810894939875027 ], [ -84.557528058470723, 38.810291670740533 ], [ -84.557085596830618, 38.808603199060038 ], [ -84.554856718539597, 38.80799989227318 ], [ -84.554414370868869, 38.806311459499547 ], [ -84.552185622838223, 38.805708115074388 ], [ -84.550399104004455, 38.806793159464988 ], [ -84.550841316887457, 38.808481624828957 ], [ -84.549054658740928, 38.809566696760413 ], [ -84.549496850779946, 38.811255233628486 ], [ -84.551725835775827, 38.811858665978598 ], [ -84.553512510241305, 38.810773517493608 ], [ -84.555741507029069, 38.811376868235278 ], [ -84.556183947854223, 38.813065411419622 ], [ -84.554397257082087, 38.814150636461655 ], [ -84.55483967708372, 38.815839251146159 ], [ -84.553052846962515, 38.816924503726774 ], [ -84.55349524613203, 38.818613189907687 ], [ -84.555724610265599, 38.819216590905924 ], [ -84.557511456690108, 38.8181312617616 ], [ -84.559740832596134, 38.818734581123465 ], [ -84.561527555944892, 38.817649202957035 ], [ -84.563756943599927, 38.818252440683743 ], [ -84.564199726466384, 38.819941100518996 ], [ -84.562412986847718, 38.821026555252764 ], [ -84.562855748921393, 38.82271528658223 ], [ -84.565085385458204, 38.823318530548171 ], [ -84.5668721413345, 38.822232999243504 ] ], [ [ -84.554703142871702, 38.878585040413228 ], [ -84.554260143370158, 38.876894971649484 ], [ -84.552028085602174, 38.876291175279263 ], [ -84.551585200391415, 38.874601145301341 ], [ -84.553374237774861, 38.873514944329983 ], [ -84.552931331674642, 38.871824985778353 ], [ -84.550699523350261, 38.871221195566271 ], [ -84.550256731513443, 38.869531275813188 ], [ -84.548025053808388, 38.868927447775825 ], [ -84.546236049162843, 38.870013495485793 ], [ -84.544004383310266, 38.869409585624211 ], [ -84.542215255370138, 38.870495584120846 ], [ -84.539983601393558, 38.869891592433795 ], [ -84.53954119411371, 38.868201646275445 ], [ -84.537309670780232, 38.867597616795095 ], [ -84.535520435986768, 38.868683489441793 ], [ -84.533288924567074, 38.868079378143648 ], [ -84.531499566523181, 38.86916520155399 ], [ -84.531941703444161, 38.87085521288509 ], [ -84.530152205689149, 38.871941063671898 ], [ -84.530594321624562, 38.873631146426206 ], [ -84.5288046841398, 38.874717024580804 ], [ -84.526572947196897, 38.87411274335124 ], [ -84.52478318645376, 38.875198572233913 ], [ -84.525225146159741, 38.876888758974907 ], [ -84.527457001847878, 38.877493084268146 ], [ -84.527899075786209, 38.87918330985763 ], [ -84.526109158786099, 38.880269242721468 ], [ -84.526551211712928, 38.881959539722857 ], [ -84.528783316904708, 38.882563871288454 ], [ -84.529225484091327, 38.884254207125714 ], [ -84.5314577200364, 38.884858500880938 ], [ -84.531900001499935, 38.886548875543347 ], [ -84.530109911735394, 38.887634989033607 ], [ -84.530552172199279, 38.889325435100183 ], [ -84.532784657725273, 38.889929735088927 ], [ -84.533227032493542, 38.891620219967983 ], [ -84.535459648801748, 38.892224482112894 ], [ -84.537249771495965, 38.89113821532392 ], [ -84.539482399730119, 38.891742395563277 ], [ -84.539925024127413, 38.893432886637164 ], [ -84.542157783134328, 38.894037029009695 ], [ -84.543947798869809, 38.892950636268793 ], [ -84.543505039177049, 38.891260177812335 ], [ -84.54127239904048, 38.890656079477232 ], [ -84.540829753683013, 38.888965659805223 ], [ -84.538597244299979, 38.888361523608467 ], [ -84.538154713260667, 38.886671142731679 ], [ -84.539944556330894, 38.885584930660045 ], [ -84.539502004329776, 38.883894621190876 ], [ -84.541291707615983, 38.882808436491054 ], [ -84.540849134661684, 38.881118198433377 ], [ -84.542638698182515, 38.880032041114077 ], [ -84.544870851072119, 38.880636045212754 ], [ -84.546660291248003, 38.879549838644103 ], [ -84.548892456003301, 38.880153760879189 ], [ -84.550681772822713, 38.879067505072875 ], [ -84.552913949420201, 38.87967134544553 ], [ -84.554703142871702, 38.878585040413228 ] ], [ [ -84.540120056332114, 38.814991948889499 ], [ -84.538332873494483, 38.816076977775381 ], [ -84.538774754095414, 38.817765722779498 ], [ -84.541003952405887, 38.818369406335506 ], [ -84.542791151622382, 38.817284300890172 ], [ -84.545020361789824, 38.817887902814995 ], [ -84.546807437986018, 38.816802748312909 ], [ -84.546365287660763, 38.815114068447834 ], [ -84.544136195991726, 38.814510510507994 ], [ -84.542349136153334, 38.815595588450364 ], [ -84.540120056332114, 38.814991948889499 ] ], [ [ -84.499302373116237, 38.880861046304275 ], [ -84.497070601840448, 38.880256148030384 ], [ -84.495279838785123, 38.881341658947427 ], [ -84.495720830354344, 38.883032144768265 ], [ -84.497952720320839, 38.883637087181874 ], [ -84.499743500023612, 38.882551499632761 ], [ -84.499302373116237, 38.880861046304275 ] ] ], [ [ [ -84.597052138108637, 38.945003873928073 ], [ -84.597497261334397, 38.946695287100816 ], [ -84.599733017869696, 38.94729863675115 ], [ -84.600178255829405, 38.948990088468953 ], [ -84.598387601773197, 38.950078223343219 ], [ -84.598832818992733, 38.9517697464088 ], [ -84.597042024864038, 38.952857908696714 ], [ -84.594806029692094, 38.952254471176673 ], [ -84.593015111661245, 38.953342584125927 ], [ -84.590779128111933, 38.952739064464431 ], [ -84.588988086190398, 38.953827128063288 ], [ -84.586752114287322, 38.953223526259109 ], [ -84.58630730361466, 38.95153190481588 ], [ -84.584071462677286, 38.950928264835653 ], [ -84.582280313120577, 38.952016202332807 ], [ -84.580044483867482, 38.951412480217556 ], [ -84.579599923451568, 38.949720864580392 ], [ -84.577364225173739, 38.949117104312208 ], [ -84.576919779457469, 38.947425527263576 ], [ -84.578710896489028, 38.946337743235311 ], [ -84.578266429935894, 38.944646237531487 ], [ -84.580057406892251, 38.94355848087136 ], [ -84.579612919510964, 38.941867046516144 ], [ -84.58140375641085, 38.940779317232966 ], [ -84.583639096946811, 38.941382945580713 ], [ -84.585429810050996, 38.94029516696007 ], [ -84.584985166380946, 38.938603836716879 ], [ -84.586775739457153, 38.937516085493804 ], [ -84.589010972427971, 38.938119587792734 ], [ -84.589455751555093, 38.939810885265942 ], [ -84.587665162258119, 38.940898713212363 ], [ -84.588109920603642, 38.942590082041477 ], [ -84.586319191269808, 38.943677937388742 ], [ -84.586763928825079, 38.945369377569982 ], [ -84.588999531200969, 38.9459729296292 ], [ -84.589444383459295, 38.947664408383623 ], [ -84.591680116762376, 38.948267922277303 ], [ -84.593470878518417, 38.947179913466584 ], [ -84.593025890770335, 38.945488467497775 ], [ -84.590790276752116, 38.944884997551945 ], [ -84.590345403713911, 38.943193590147629 ], [ -84.59213600921926, 38.942105685474381 ], [ -84.594371503962691, 38.942709111477363 ], [ -84.5961619856281, 38.94162115748987 ], [ -84.598397491981075, 38.942224501390939 ], [ -84.598842635948785, 38.943915843210064 ], [ -84.597052138108637, 38.945003873928073 ] ] ], [ [ [ -84.608738011879964, 38.956013491773575 ], [ -84.608222713328416, 38.955874494494481 ], [ -84.607777131063571, 38.954182927205871 ], [ -84.608464206421431, 38.953765316972138 ], [ -84.608738011879964, 38.956013491773575 ] ] ], [ [ [ -84.609164868480462, 38.959450933679143 ], [ -84.609113971955694, 38.959257738917564 ], [ -84.609138681104739, 38.959242720514055 ], [ -84.609164868480462, 38.959450933679143 ] ] ], [ [ [ -84.618417015746161, 39.073433969673658 ], [ -84.618413899745718, 39.073422160823959 ], [ -84.620208684123497, 39.072331674772826 ], [ -84.619761589897209, 39.070637492210828 ], [ -84.621556233526633, 39.069547033412043 ], [ -84.622865977369102, 39.069899720260395 ], [ -84.623209942767076, 39.072473928400612 ], [ -84.622450558114181, 39.07293536558759 ], [ -84.62277838289647, 39.07417731379509 ], [ -84.622375894415754, 39.07406952744477 ], [ -84.6201166143412, 39.073464500702919 ], [ -84.61898408765974, 39.073444144278895 ], [ -84.618417015746161, 39.073433969673658 ] ] ], [ [ [ -84.556801386546468, 38.941989898955782 ], [ -84.554566247532151, 38.941385739938823 ], [ -84.554122667010716, 38.939694219255273 ], [ -84.555914089964872, 38.938606890274812 ], [ -84.558149109826431, 38.939211005261804 ], [ -84.558592825882755, 38.940902493257127 ], [ -84.556801386546468, 38.941989898955782 ] ] ], [ [ [ -84.551355873947017, 38.976674763709113 ], [ -84.549119149262239, 38.976070278527281 ], [ -84.54732613491116, 38.97715813771341 ], [ -84.545089422126082, 38.976553570307352 ], [ -84.544645842997838, 38.974861187791369 ], [ -84.546438840893174, 38.973773405365463 ], [ -84.545995240755104, 38.972081094151193 ], [ -84.543758778468671, 38.971476532683305 ], [ -84.541965797041499, 38.972564238352454 ], [ -84.5397293466836, 38.971959594678282 ], [ -84.539285997020002, 38.970267289421592 ], [ -84.541078961966647, 38.969179660505738 ], [ -84.543315293061255, 38.969784260095338 ], [ -84.545108134204682, 38.968696581652374 ], [ -84.547344477218587, 38.969301099045829 ], [ -84.547788098357756, 38.970993338954585 ], [ -84.550024572549091, 38.971597818217354 ], [ -84.550468308425806, 38.973290096743789 ], [ -84.552704913799445, 38.973894537861689 ], [ -84.553148764430929, 38.975586854994987 ], [ -84.551355873947017, 38.976674763709113 ] ] ], [ [ [ -84.533865432188279, 38.989246176396342 ], [ -84.534308770272233, 38.990938948030127 ], [ -84.53251480633412, 38.992026844036012 ], [ -84.532958123337082, 38.993719686946797 ], [ -84.535195540165958, 38.994324601188872 ], [ -84.535638971982209, 38.996017482709647 ], [ -84.533844851070427, 38.997105482653559 ], [ -84.531607314878471, 38.996500524292337 ], [ -84.52981307005409, 38.997588474600946 ], [ -84.527575545873901, 38.996983433941509 ], [ -84.527132385875746, 38.995290487104974 ], [ -84.524894993075577, 38.994685408285712 ], [ -84.524451947876827, 38.992992500076561 ], [ -84.522214686451775, 38.992387383111634 ], [ -84.521771756035164, 38.990694513540618 ], [ -84.523565951138551, 38.989606793567674 ], [ -84.525803093248442, 38.990211866392762 ], [ -84.527597164503305, 38.989124096785339 ], [ -84.527154077075139, 38.987431331126743 ], [ -84.524917054270375, 38.986826302436526 ], [ -84.524474081603671, 38.985133575420178 ], [ -84.52626799587469, 38.984045909730803 ], [ -84.528504899384387, 38.984650894291164 ], [ -84.528948007914252, 38.986343588668689 ], [ -84.531185042741086, 38.98694853509906 ], [ -84.532978849729901, 38.985860743030202 ], [ -84.535215896555172, 38.986465607201943 ], [ -84.535659255711437, 38.98815830755499 ], [ -84.533865432188279, 38.989246176396342 ] ] ], [ [ [ -84.537896433844352, 38.988763133573677 ], [ -84.539690133484271, 38.987675215132953 ], [ -84.541927323577525, 38.988279958885293 ], [ -84.542370933379217, 38.989972665175245 ], [ -84.540577217238678, 38.991060660392066 ], [ -84.541020805997448, 38.992753437962548 ], [ -84.53922694944275, 38.993841460359171 ], [ -84.536989520635018, 38.993236628403828 ], [ -84.536546067748105, 38.991543818158 ], [ -84.53833990779323, 38.990455872540764 ], [ -84.537896433844352, 38.988763133573677 ] ] ], [ [ [ -84.531037730028842, 39.041980024733796 ], [ -84.528798102632521, 39.041374727925913 ], [ -84.528354485563668, 39.039680765954884 ], [ -84.530150359720636, 39.038592133474836 ], [ -84.532389867536224, 39.039197386130049 ], [ -84.532833620771726, 39.040891315415912 ], [ -84.531037730028842, 39.041980024733796 ] ] ], [ [ [ -84.486809908864544, 39.000111998451409 ], [ -84.484572637629313, 38.999506096672107 ], [ -84.484130952177011, 38.997812862600412 ], [ -84.481893812460953, 38.997206922765258 ], [ -84.480098238968736, 38.998294172757056 ], [ -84.477861111553892, 38.997688150628207 ], [ -84.477419676848072, 38.995994922761646 ], [ -84.475182680961822, 38.995388862600144 ], [ -84.474741360944194, 38.993695673478065 ], [ -84.472504496581578, 38.993089575298065 ], [ -84.472063291234832, 38.991396424931182 ], [ -84.473858814226801, 38.990309405244645 ], [ -84.473417587520558, 38.988616326137432 ], [ -84.475212969997756, 38.987529333449913 ], [ -84.474771721940769, 38.985836325606193 ], [ -84.472535227396847, 38.985230277952297 ], [ -84.472094093972899, 38.983537308878546 ], [ -84.473889319114051, 38.982450419953992 ], [ -84.47612569452302, 38.983056423350114 ], [ -84.477920796026936, 38.981969484687042 ], [ -84.480157183752326, 38.98257540584703 ], [ -84.480598589114237, 38.984268309915514 ], [ -84.482835108285954, 38.984874193077829 ], [ -84.48327662829486, 38.986567135898895 ], [ -84.485513278917864, 38.987172981049412 ], [ -84.485954913591016, 38.988865962612316 ], [ -84.488191695670253, 38.989471769736824 ], [ -84.489986723880193, 38.988384551069359 ], [ -84.49222351820903, 38.988990275931961 ], [ -84.492665403535625, 38.990683263681575 ], [ -84.490870358565346, 38.991770559115118 ], [ -84.49131222261893, 38.993463618129582 ], [ -84.489517037145035, 38.994550940604533 ], [ -84.489958879916855, 38.996244070880046 ], [ -84.4881635539206, 38.997331420387532 ], [ -84.488605375401931, 38.999024621920185 ], [ -84.486809908864544, 39.000111998451409 ] ] ], [ [ [ -84.489248537042641, 39.022806183318664 ], [ -84.490759504858758, 39.023215221684019 ], [ -84.491201657711784, 39.024909005388182 ], [ -84.48960766014919, 39.025874297439074 ], [ -84.489248537042641, 39.022806183318664 ] ] ], [ [ [ -84.480186641516667, 38.974717306359594 ], [ -84.477950623452628, 38.974111435706703 ], [ -84.477509404672034, 38.972418751733493 ], [ -84.479304068052755, 38.971331970915671 ], [ -84.481539967021831, 38.971937797330831 ], [ -84.481981321701312, 38.973630448799405 ], [ -84.480186641516667, 38.974717306359594 ] ] ], [ [ [ -84.47259665852647, 38.969514251380872 ], [ -84.474832413799817, 38.97012019793727 ], [ -84.475273518005821, 38.971812843121725 ], [ -84.473478731038355, 38.972899574237317 ], [ -84.471242856698666, 38.972293583427742 ], [ -84.469447946156109, 38.97338026482948 ], [ -84.469888893102805, 38.975073013780502 ], [ -84.468093842128837, 38.976159722198211 ], [ -84.468534767711432, 38.977852542426461 ], [ -84.466739576287281, 38.978939277851268 ], [ -84.465000753042574, 38.97846792257274 ], [ -84.465772584568711, 38.975605226036301 ], [ -84.465822800329747, 38.975418969342321 ], [ -84.466058561105953, 38.974544489066552 ], [ -84.465698149535228, 38.973690662709572 ], [ -84.464380595698501, 38.970569152217777 ], [ -84.463566112506527, 38.968639357650858 ], [ -84.463531559900645, 38.968557488042762 ], [ -84.462007559347839, 38.967232487860912 ], [ -84.461561769676024, 38.967033927758663 ], [ -84.461418600901894, 38.966483918064483 ], [ -84.463213460830744, 38.965397466867223 ], [ -84.46277283612794, 38.963704905653906 ], [ -84.464567555671167, 38.962618481471864 ], [ -84.466802916795558, 38.963224541777144 ], [ -84.467243677381362, 38.964917070531051 ], [ -84.469479169883783, 38.965523092934212 ], [ -84.471273782778809, 38.964436542322758 ], [ -84.473509287627166, 38.965042482556278 ], [ -84.473950298613715, 38.966735017652482 ], [ -84.472155668877789, 38.967821644995894 ], [ -84.47259665852647, 38.969514251380872 ] ] ] ] } },
{ "type": "Feature", "properties": { "hex_id": "892a937590bffff", "median_val": 21519.936611343037, "category": 2, "bin": 4 }, "geometry": { "type": "MultiPolygon", "coordinates": [ [ [ [ -84.59984881401455, 38.853114304242588 ], [ -84.600293174457619, 38.854803578648841 ], [ -84.598506068850753, 38.855890133281363 ], [ -84.596274618903621, 38.855287336886683 ], [ -84.595830393408832, 38.853598029737839 ], [ -84.597617482909058, 38.852511551724184 ], [ -84.59984881401455, 38.853114304242588 ] ] ], [ [ [ -84.589125177013713, 38.859633316298883 ], [ -84.590912668952114, 38.858546832192602 ], [ -84.590468599113009, 38.856857420852556 ], [ -84.592255951513778, 38.855770964306942 ], [ -84.594487389894098, 38.856373842481609 ], [ -84.594931594712392, 38.858063221091186 ], [ -84.593144226175014, 38.859149754258688 ], [ -84.593588410308215, 38.86083920432533 ], [ -84.591800902224307, 38.861925765056654 ], [ -84.589569226148839, 38.861322799094211 ], [ -84.589125177013713, 38.859633316298883 ] ] ], [ [ [ -84.594921149957216, 38.865907774863757 ], [ -84.594476872196083, 38.864218214629908 ], [ -84.596264396413162, 38.863131577270075 ], [ -84.598496214516075, 38.863734423514224 ], [ -84.598940627288897, 38.865423951002093 ], [ -84.597153086950968, 38.866510664993903 ], [ -84.597597479050762, 38.868200263930994 ], [ -84.595809799130009, 38.86928700548436 ], [ -84.593577743235329, 38.86868407146337 ], [ -84.593133486166138, 38.86699443978199 ], [ -84.594921149957216, 38.865907774863757 ] ] ], [ [ [ -84.590356621806706, 38.935340561142411 ], [ -84.592146931086035, 38.934252788023883 ], [ -84.594382056459892, 38.934856164300548 ], [ -84.596172241940153, 38.93376834189187 ], [ -84.598407378919674, 38.934371636095953 ], [ -84.598852449659617, 38.936062796634651 ], [ -84.601087717474925, 38.936666052685226 ], [ -84.602877795292727, 38.935578104277248 ], [ -84.602432589150993, 38.933886976541686 ], [ -84.60422252699874, 38.932799055587907 ], [ -84.605982793354343, 38.93327404589516 ], [ -84.60612059954579, 38.934516474926724 ], [ -84.606239874807102, 38.935496376109171 ], [ -84.6051130746757, 38.936181278247659 ], [ -84.605558395509973, 38.93787244453646 ], [ -84.606562073771585, 38.938143253369525 ], [ -84.606906996002763, 38.940976583880882 ], [ -84.606449131186451, 38.941254887021579 ], [ -84.604213601685089, 38.940651707320477 ], [ -84.602423367734019, 38.94173975990136 ], [ -84.600187849795063, 38.941136498100917 ], [ -84.598397491981075, 38.942224501390939 ], [ -84.5961619856281, 38.94162115748987 ], [ -84.5957169563668, 38.939929854228552 ], [ -84.59348158088811, 38.939326472163508 ], [ -84.591691115409802, 38.940414349423989 ], [ -84.589455751555093, 38.939810885265942 ], [ -84.589010972427971, 38.938119587792734 ], [ -84.586775739457153, 38.937516085493804 ], [ -84.584985166380946, 38.938603836716879 ], [ -84.582749945072109, 38.938000252332628 ], [ -84.580959248209993, 38.939087954230153 ], [ -84.58140375641085, 38.940779317232966 ], [ -84.579612919510964, 38.941867046516144 ], [ -84.580057406892251, 38.94355848087136 ], [ -84.578266429935894, 38.944646237531487 ], [ -84.578710896489028, 38.946337743235311 ], [ -84.576919779457469, 38.947425527263576 ], [ -84.574684212150132, 38.946821728856605 ], [ -84.572892971314801, 38.947909463511799 ], [ -84.57333728149284, 38.949601073304272 ], [ -84.57557296804832, 38.950204915699878 ], [ -84.576017392919155, 38.951896564089544 ], [ -84.57422599568109, 38.952984402827845 ], [ -84.57467039969778, 38.954676122554737 ], [ -84.576906336520494, 38.955279970794663 ], [ -84.578697750045166, 38.954192055317243 ], [ -84.580933698584914, 38.95479582141067 ], [ -84.582724988253347, 38.953707856547716 ], [ -84.584960948486582, 38.95431154049588 ], [ -84.585405738353472, 38.956003233277826 ], [ -84.587641829571609, 38.956606879044713 ], [ -84.589433011603987, 38.955518788064921 ], [ -84.591669114477597, 38.956122351678893 ], [ -84.593460172609468, 38.955034211336695 ], [ -84.595696287114833, 38.955637692799066 ], [ -84.597487221334731, 38.954549503106286 ], [ -84.599723347448332, 38.955152902418313 ], [ -84.601514157744759, 38.954064663386603 ], [ -84.603750295442921, 38.954667980549551 ], [ -84.604195742202705, 38.956359580669009 ], [ -84.602404915750952, 38.957447896447874 ], [ -84.600168658690905, 38.956844535358094 ], [ -84.598377708294407, 38.957932801797881 ], [ -84.598822998789885, 38.959624506075798 ], [ -84.601059375221908, 38.960227911097405 ], [ -84.601504780516876, 38.961919653892778 ], [ -84.599713673828418, 38.963008024485504 ], [ -84.600159058377983, 38.964699838613171 ], [ -84.602395685181904, 38.96530324932467 ], [ -84.602841184558514, 38.966995101956989 ], [ -84.601049921553994, 38.968083576703776 ], [ -84.598813175338648, 38.967480122055839 ], [ -84.597021788338537, 38.968568547427324 ], [ -84.594785053730007, 38.967965010580578 ], [ -84.592993542745845, 38.969053386565093 ], [ -84.590756819767734, 38.96844976751823 ], [ -84.588965184810988, 38.969538094103996 ], [ -84.589410256607337, 38.971230116497573 ], [ -84.587618481447038, 38.972318470435667 ], [ -84.588063532434077, 38.974010564146582 ], [ -84.586271617051423, 38.975098945428208 ], [ -84.586716647220513, 38.976791110452673 ], [ -84.584924591596803, 38.97787951906902 ], [ -84.585369600939273, 38.979571755403235 ], [ -84.587606801590653, 38.980175550327267 ], [ -84.588051925798268, 38.981867825173268 ], [ -84.586259713657896, 38.982956337891437 ], [ -84.584022393562961, 38.982352498985691 ], [ -84.582230057400878, 38.983440962245268 ], [ -84.579992749005953, 38.982837041087059 ], [ -84.578200288833685, 38.983925454876307 ], [ -84.575962992162474, 38.983321451464384 ], [ -84.574170407991517, 38.984409815771564 ], [ -84.571933123067637, 38.983805730104663 ], [ -84.570140414909531, 38.984894044918015 ], [ -84.570584975341646, 38.98658652217442 ], [ -84.568792126856764, 38.987674864260271 ], [ -84.569236666379211, 38.989367412809692 ], [ -84.567443677548781, 38.990455782159188 ], [ -84.565206165552169, 38.98985152617599 ], [ -84.563413052726489, 38.990939845996039 ], [ -84.561175552542977, 38.990335507734883 ], [ -84.559382315733586, 38.99142377801364 ], [ -84.559826562713454, 38.993116463335596 ], [ -84.558033185520117, 38.994204760845278 ], [ -84.555795577754836, 38.993600296247024 ], [ -84.55400207657955, 38.99468854419176 ], [ -84.554446166744967, 38.996381333519736 ], [ -84.552652525157171, 38.997469608674542 ], [ -84.553096594329745, 38.999162469278644 ], [ -84.551302812310666, 39.000250771634796 ], [ -84.549064977566232, 38.999646136594748 ], [ -84.547271071557105, 39.000734389350221 ], [ -84.545033248724508, 39.000129671997747 ], [ -84.543239218736943, 39.00121787514081 ], [ -84.543682995096745, 39.002910872427137 ], [ -84.541888824639528, 39.003999102738689 ], [ -84.539650894321397, 39.003394258969145 ], [ -84.537856599887462, 39.004482439644555 ], [ -84.538300219256087, 39.006175540883241 ], [ -84.536505784323907, 39.007263748706336 ], [ -84.536949382616442, 39.008956921204344 ], [ -84.535154807167274, 39.010045156166306 ], [ -84.535598384374993, 39.011738399919786 ], [ -84.533803668390021, 39.012826662011811 ], [ -84.534247224504213, 39.014519977016924 ], [ -84.53245236796468, 39.015608266230174 ], [ -84.53021397186717, 39.015003163631114 ], [ -84.529770551765139, 39.013309815954457 ], [ -84.527532287139664, 39.012704675131936 ], [ -84.525737323177296, 39.013792837844456 ], [ -84.523499070595534, 39.013187614663707 ], [ -84.523055901403467, 39.011494272921659 ], [ -84.524850848771976, 39.010406187010581 ], [ -84.524407658437894, 39.008712916518583 ], [ -84.522169656741838, 39.008107699291934 ], [ -84.521726581265824, 39.006414467408398 ], [ -84.523521371490702, 39.005326485394932 ], [ -84.5257592537927, 39.005931658472328 ], [ -84.527553920087215, 39.004843626775795 ], [ -84.527110687495295, 39.00315049879552 ], [ -84.524872924577323, 39.00254536986241 ], [ -84.524429806822795, 39.000852280494733 ], [ -84.522192175323454, 39.000247113391339 ], [ -84.520397542217836, 39.001334991508187 ], [ -84.51815992278695, 39.000729742093846 ], [ -84.516365165793715, 39.001817570528189 ], [ -84.516808011605534, 39.003510725162556 ], [ -84.519045750391797, 39.004116018736603 ], [ -84.519488711027094, 39.005809212000912 ], [ -84.517693796883464, 39.006897144319559 ], [ -84.515455938731733, 39.006291806580791 ], [ -84.513660900680961, 39.007379689192888 ], [ -84.514103704138051, 39.009072986335873 ], [ -84.516341681665267, 39.009678368244366 ], [ -84.516784599966499, 39.011371704013222 ], [ -84.514989404709752, 39.012459690498353 ], [ -84.512751307796975, 39.011854264415184 ], [ -84.512308525530315, 39.010160896023642 ], [ -84.510070560123069, 39.009555431772391 ], [ -84.509627892693587, 39.007862102015416 ], [ -84.507390058786925, 39.007256599610329 ], [ -84.506947506177298, 39.005563308498623 ], [ -84.504709803766346, 39.00495776795389 ], [ -84.504267365959308, 39.003264515498266 ], [ -84.502029795039093, 39.002658936828077 ], [ -84.501587472017334, 39.00096572303918 ], [ -84.503382583905221, 38.999878120506295 ], [ -84.502940239651693, 38.998184977974148 ], [ -84.504735211018684, 38.997097402504153 ], [ -84.504292845542125, 38.995404331232571 ], [ -84.502055644675451, 38.994798802847846 ], [ -84.501613393946215, 38.993105770257849 ], [ -84.503408208118216, 38.992018298633269 ], [ -84.505645289716099, 38.992623782827181 ], [ -84.507439980097573, 38.991536261509481 ], [ -84.506997572201143, 38.989843332770533 ], [ -84.508792122117981, 38.988755838542247 ], [ -84.511029096597625, 38.989361196284229 ], [ -84.51147164042456, 38.991054092428072 ], [ -84.513708746298292, 38.99165941207076 ], [ -84.515503189063921, 38.990571791402012 ], [ -84.515060509318531, 38.98887892786378 ], [ -84.51685481163905, 38.987791334308419 ], [ -84.51641211073489, 38.986098542045852 ], [ -84.518206272629101, 38.985010975612667 ], [ -84.520443152042077, 38.985616124676056 ], [ -84.522237190130511, 38.984528508608925 ], [ -84.524474081603671, 38.985133575420178 ], [ -84.524917054270375, 38.986826302436526 ], [ -84.523122999592545, 38.987913995272066 ], [ -84.52088598883357, 38.987308884320754 ], [ -84.51909181032859, 38.98839652752207 ], [ -84.519534625980342, 38.990089358444237 ], [ -84.517740307040043, 38.991177028770927 ], [ -84.518183101543343, 38.992869930966719 ], [ -84.520420350904089, 38.993475130213106 ], [ -84.52086326018258, 38.995168071055751 ], [ -84.519068784171807, 38.99625584527702 ], [ -84.519511672303452, 38.997948857387406 ], [ -84.521749172389008, 38.998554062646924 ], [ -84.5235436650038, 38.997466211644223 ], [ -84.525781177148517, 38.998071334603061 ], [ -84.526224316029229, 38.999764352707082 ], [ -84.528461959573278, 39.000369437500851 ], [ -84.530256344868945, 38.999281460054114 ], [ -84.532494000434028, 38.999886462539479 ], [ -84.53293739008285, 39.001579486598565 ], [ -84.535175177037772, 39.002184450895669 ], [ -84.536969454947567, 39.001096347012663 ], [ -84.539207253885408, 39.001701228993618 ], [ -84.541001407839872, 39.000613075474739 ], [ -84.5405577463452, 38.998920116766172 ], [ -84.538320066809078, 38.998315278893926 ], [ -84.537876520162257, 38.996622358773905 ], [ -84.539670517149887, 38.995534309206306 ], [ -84.541908077294337, 38.99613910297488 ], [ -84.543701950346232, 38.995051003795474 ], [ -84.545939522431411, 38.99565571526955 ], [ -84.547733271536018, 38.994567566489941 ], [ -84.547289432083431, 38.992874783021456 ], [ -84.549083040774676, 38.991786661436777 ], [ -84.548639180308555, 38.990093949248539 ], [ -84.546401846994968, 38.989489325946515 ], [ -84.545958101352568, 38.987796652344244 ], [ -84.543720899322651, 38.987191990856971 ], [ -84.543277268486747, 38.985499355851395 ], [ -84.541040197735626, 38.984894656193084 ], [ -84.540596681688939, 38.983202059794969 ], [ -84.538359742211753, 38.982597321979782 ], [ -84.537916340936988, 38.980904764199821 ], [ -84.539709743327776, 38.979816976905006 ], [ -84.539266321006806, 38.978124490417301 ], [ -84.537029632092128, 38.977519758559005 ], [ -84.536586324515525, 38.97582731070225 ], [ -84.534349766845693, 38.975222540720686 ], [ -84.532556397482125, 38.976310174493236 ], [ -84.53299956926476, 38.978002655004644 ], [ -84.535236246208768, 38.978607469090946 ], [ -84.535679532728835, 38.98029998824201 ], [ -84.533886006495734, 38.981387725961717 ], [ -84.534329271950568, 38.983080316403289 ], [ -84.532535605348983, 38.984168081301995 ], [ -84.530298689826495, 38.983563178991268 ], [ -84.529855560203686, 38.981870555898624 ], [ -84.531649210267503, 38.980782867765704 ], [ -84.531206059560418, 38.979090315961756 ], [ -84.528969394610755, 38.978485419646226 ], [ -84.528526358634181, 38.976792906490623 ], [ -84.52628982495817, 38.976187972069752 ], [ -84.524496208006923, 38.977275506681472 ], [ -84.524939108165313, 38.978968052470819 ], [ -84.523145350853795, 38.980055614243099 ], [ -84.520908709963749, 38.979450553465377 ], [ -84.520465945635536, 38.97775797505281 ], [ -84.522259686363299, 38.976670490039098 ], [ -84.521816900911176, 38.974977982917487 ], [ -84.519580510550725, 38.974372928192935 ], [ -84.519137839787646, 38.972680459749817 ], [ -84.516901580705479, 38.972075366957299 ], [ -84.516459024614193, 38.970382937203297 ], [ -84.514222896805393, 38.969777806357008 ], [ -84.513780455368604, 38.968085415302959 ], [ -84.515574005946419, 38.966998187692091 ], [ -84.515131543363481, 38.96530586793893 ], [ -84.516924953635638, 38.964218667484758 ], [ -84.51648246991526, 38.962526419036365 ], [ -84.518275739900503, 38.961439245747613 ], [ -84.51783323505137, 38.959747068607733 ], [ -84.51962636476847, 38.958659922493283 ], [ -84.51918383879925, 38.956967816665767 ], [ -84.520976828266868, 38.955880697734337 ], [ -84.523212360283509, 38.956485607900241 ], [ -84.52500522608743, 38.955398439431583 ], [ -84.524562543311518, 38.953706437528176 ], [ -84.522327130423193, 38.953101571483423 ], [ -84.521884562239975, 38.95140960829211 ], [ -84.523677271264873, 38.950322543753117 ], [ -84.523234681987674, 38.948630651885622 ], [ -84.52502725081925, 38.947543614556039 ], [ -84.524584640456766, 38.945851794016122 ], [ -84.526377069113749, 38.944764783904738 ], [ -84.528612124677181, 38.945369517615823 ], [ -84.530404429709478, 38.944282458015124 ], [ -84.529961662650976, 38.942590741421682 ], [ -84.527726726175786, 38.941986051811817 ], [ -84.525934437674678, 38.943073034696276 ], [ -84.523699513206225, 38.94246826299247 ], [ -84.523256996311702, 38.940776552512865 ], [ -84.525049268269328, 38.939689646341272 ], [ -84.524606730296554, 38.937998007198885 ], [ -84.522372055967949, 38.937393241628321 ], [ -84.520579800566168, 38.938480071090524 ], [ -84.518345138273006, 38.937875223443868 ], [ -84.516552759310386, 38.938962003417522 ], [ -84.514318109076328, 38.938357073693652 ], [ -84.513875956829949, 38.936665408125279 ], [ -84.515668319203144, 38.935578704857271 ], [ -84.51790285041595, 38.93618359045405 ], [ -84.519695089249595, 38.935096837697778 ], [ -84.519252780293726, 38.933405276049271 ], [ -84.517018368092124, 38.932800434574595 ], [ -84.515226145838966, 38.933887110628405 ], [ -84.512991745701584, 38.933282187095571 ], [ -84.511199399930163, 38.934368813661457 ], [ -84.508965011880562, 38.933763808069273 ], [ -84.508523088588916, 38.932072220050834 ], [ -84.510315417746241, 38.930985670183695 ], [ -84.509873473316233, 38.929294153508792 ], [ -84.511665662371456, 38.928207630849514 ], [ -84.51389981246561, 38.928812548171685 ], [ -84.515691878033579, 38.927725976036648 ], [ -84.515249776915041, 38.92603456327388 ], [ -84.513015745783648, 38.925429690079291 ], [ -84.512573759103034, 38.923738316102877 ], [ -84.514365668010129, 38.922651847885547 ], [ -84.516599580188824, 38.923256676957607 ], [ -84.517041702409358, 38.924948018367402 ], [ -84.519275745600837, 38.925552809533215 ], [ -84.521067547606066, 38.924466215174697 ], [ -84.520625289857662, 38.922774906341864 ], [ -84.52241695181759, 38.921688339232603 ], [ -84.524650888074419, 38.922293004268575 ], [ -84.525093281338656, 38.923984280513942 ], [ -84.523301602834067, 38.925070924312848 ], [ -84.523743975034222, 38.926762271914704 ], [ -84.521952156475407, 38.927848942966108 ], [ -84.522394507602812, 38.92954036192063 ], [ -84.524628812834592, 38.930145077231465 ], [ -84.5264206479347, 38.929058329483688 ], [ -84.528654965174269, 38.929662962749028 ], [ -84.530446676731216, 38.928576165560315 ], [ -84.530004054532398, 38.92688481180496 ], [ -84.531795626035915, 38.925798041883859 ], [ -84.531352982802275, 38.924106759484765 ], [ -84.529118903572012, 38.923502214398106 ], [ -84.528676374803965, 38.921810970750663 ], [ -84.526442426543468, 38.921206387730891 ], [ -84.526000012223818, 38.919515182845807 ], [ -84.527791410676002, 38.918428593578149 ], [ -84.527348975309621, 38.916737460057192 ], [ -84.525115276965138, 38.91613288321075 ], [ -84.524672956019671, 38.914441788464863 ], [ -84.52243938861595, 38.913837173718832 ], [ -84.521997182074188, 38.912146117758688 ], [ -84.523788407480225, 38.911059709126604 ], [ -84.523346179879866, 38.909368724538297 ], [ -84.521112862314752, 38.908764116004598 ], [ -84.520670749090613, 38.907073170214773 ], [ -84.522461818001574, 38.905986865533791 ], [ -84.52201968371719, 38.904295991121664 ], [ -84.52381061269412, 38.903209713727385 ], [ -84.526043692483768, 38.903814234080549 ], [ -84.526485962175443, 38.905505075913695 ], [ -84.528719172843338, 38.906109558397034 ], [ -84.530509994923833, 38.905023154967523 ], [ -84.530067589836932, 38.903332345723861 ], [ -84.531858272002864, 38.902245969604998 ], [ -84.534091375741596, 38.90285032606451 ], [ -84.535881934484749, 38.901763900600855 ], [ -84.535439373019869, 38.900073195343893 ], [ -84.537229791876825, 38.898986797211492 ], [ -84.539462788654419, 38.899591027673736 ], [ -84.539905485471536, 38.901281700318577 ], [ -84.542138613065134, 38.90188589288941 ], [ -84.543928924928224, 38.90079936877116 ], [ -84.546162064413906, 38.901403479399455 ], [ -84.546605010961443, 38.903094158180913 ], [ -84.548838281253637, 38.903698230894776 ], [ -84.550628486056553, 38.902611580798336 ], [ -84.552861768202973, 38.903215571561965 ], [ -84.554651849515906, 38.902128872167168 ], [ -84.554208632310335, 38.900438258679493 ], [ -84.555998573767098, 38.899351586666924 ], [ -84.558231748787904, 38.899955451475243 ], [ -84.558675101304416, 38.901646032300441 ], [ -84.55688514349302, 38.902732780981921 ], [ -84.557328475119675, 38.904423433200733 ], [ -84.555538377443227, 38.905510209267618 ], [ -84.553304964499802, 38.904906256441542 ], [ -84.551514743312069, 38.905992983209835 ], [ -84.551957918691471, 38.907683739477456 ], [ -84.554191450611256, 38.908287736319913 ], [ -84.554634740432377, 38.909978531314607 ], [ -84.552844362969793, 38.911065362126202 ], [ -84.553287631875165, 38.912756228503156 ], [ -84.551497114491539, 38.913843086673964 ], [ -84.551940362472536, 38.915534024429412 ], [ -84.554174263234543, 38.916138071352051 ], [ -84.554617625695016, 38.917829047819907 ], [ -84.552826951984798, 38.918916010029541 ], [ -84.550592932197162, 38.918311919080885 ], [ -84.550149705149181, 38.91662090995068 ], [ -84.547915816240248, 38.916016781029477 ], [ -84.546125035366657, 38.91710361720434 ], [ -84.546568126990039, 38.918794658986471 ], [ -84.54880213491542, 38.919398831943859 ], [ -84.549245341021674, 38.921089912444955 ], [ -84.54745440376287, 38.922176852640931 ], [ -84.547897588918801, 38.923868004509188 ], [ -84.54610651166422, 38.92495497202934 ], [ -84.546549675861172, 38.926646195260908 ], [ -84.544758458592156, 38.927733190096561 ], [ -84.542524093557304, 38.927128885000791 ], [ -84.540732752699029, 38.92821583044222 ], [ -84.538498399577605, 38.927611443305935 ], [ -84.536706935141581, 38.928698339341473 ], [ -84.537149807358006, 38.930389699211872 ], [ -84.539384279526743, 38.930994130414383 ], [ -84.539827266260374, 38.932685529004345 ], [ -84.538035645297612, 38.93377252902652 ], [ -84.538478611027287, 38.935463998966668 ], [ -84.540713333261863, 38.936068436245471 ], [ -84.541156413536243, 38.937759944892498 ], [ -84.54339126678417, 38.93836434416221 ], [ -84.543834461620449, 38.940055891505416 ], [ -84.546069445886602, 38.94066025275189 ], [ -84.547861116197524, 38.939573022597493 ], [ -84.547417785809088, 38.937881507912977 ], [ -84.549209316031622, 38.936794305054178 ], [ -84.548765964678836, 38.935102861717539 ], [ -84.550557354831668, 38.934015686163029 ], [ -84.550113982523186, 38.932324314178139 ], [ -84.551905232625032, 38.931237165936743 ], [ -84.551461839369495, 38.929545865307297 ], [ -84.553252949439056, 38.928458744387775 ], [ -84.552809535245132, 38.926767515117675 ], [ -84.550575146454122, 38.926163374099247 ], [ -84.550131846787806, 38.924472183524713 ], [ -84.551922800451365, 38.923385166633992 ], [ -84.554157070177439, 38.923989263621699 ], [ -84.554600505301067, 38.925680421528746 ], [ -84.556834905934807, 38.926284480510354 ], [ -84.557278455592908, 38.927975677104286 ], [ -84.55548746915693, 38.929062847394903 ], [ -84.555930997895629, 38.930754115349899 ], [ -84.558165648545241, 38.931358180331557 ], [ -84.558609291845897, 38.933049486960762 ], [ -84.556818149010752, 38.934136761293487 ], [ -84.557261771393669, 38.935828139277923 ], [ -84.555470488508377, 38.936915440938897 ], [ -84.555914089964872, 38.938606890274812 ], [ -84.554122667010716, 38.939694219255273 ], [ -84.554566247532151, 38.941385739938823 ], [ -84.552774684490444, 38.942473096229982 ], [ -84.553218244068162, 38.944164688257402 ], [ -84.555453502245271, 38.944768891309259 ], [ -84.555897176443438, 38.946460521992044 ], [ -84.554105456895442, 38.9475479823097 ], [ -84.551870079545481, 38.946943735217999 ], [ -84.551426540920176, 38.945252071850511 ], [ -84.549191294603006, 38.944647786693046 ], [ -84.547399467751333, 38.945735120855034 ], [ -84.54516423331772, 38.945130753590689 ], [ -84.543372282773902, 38.946218038309887 ], [ -84.541137060247465, 38.945613588937398 ], [ -84.539344986022996, 38.946700824202054 ], [ -84.537109775427311, 38.946096292720227 ], [ -84.53531757753376, 38.94718347851866 ], [ -84.535760573746884, 38.948875272520368 ], [ -84.533968235689287, 38.949962485564136 ], [ -84.534411210865414, 38.951654350894934 ], [ -84.532618732625082, 38.952741591175254 ], [ -84.530383295720227, 38.952136889396179 ], [ -84.528590693802826, 38.9532240801746 ], [ -84.529033512262046, 38.954916049459605 ], [ -84.531269068313705, 38.95552079533946 ], [ -84.533061686755502, 38.954433527831412 ], [ -84.535297254789242, 38.955038191570083 ], [ -84.537089749532683, 38.953950874559872 ], [ -84.539325329524871, 38.95455545615863 ], [ -84.539768533945121, 38.956247398850792 ], [ -84.537976022710978, 38.957334792594352 ], [ -84.538419206106184, 38.959026806607781 ], [ -84.536626554652656, 38.960114227585493 ], [ -84.53706971701412, 38.961806312916444 ], [ -84.539305666524953, 38.962410944616877 ], [ -84.539748943554983, 38.96410306860836 ], [ -84.541985024228623, 38.96470766222069 ], [ -84.542428415944457, 38.966399824861924 ], [ -84.54063559127259, 38.967487426554854 ], [ -84.541078961966647, 38.969179660505738 ], [ -84.539285997020002, 38.970267289421592 ], [ -84.5397293466836, 38.971959594678282 ], [ -84.541965797041499, 38.972564238352454 ], [ -84.542409261428801, 38.974256582244152 ], [ -84.544645842997838, 38.974861187791369 ], [ -84.545089422126082, 38.976553570307352 ], [ -84.54732613491116, 38.97715813771341 ], [ -84.549119149262239, 38.976070278527281 ], [ -84.551355873947017, 38.976674763709113 ], [ -84.553148764430929, 38.975586854994987 ], [ -84.552704913799445, 38.973894537861689 ], [ -84.550468308425806, 38.973290096743789 ], [ -84.550024572549091, 38.971597818217354 ], [ -84.547788098357756, 38.970993338954585 ], [ -84.547344477218587, 38.969301099045829 ], [ -84.549137194547299, 38.968213371087366 ], [ -84.548693552415699, 38.966521202487932 ], [ -84.54645732866426, 38.965916729163879 ], [ -84.546013801242623, 38.964224599194836 ], [ -84.547806361874834, 38.963136975230469 ], [ -84.547362813459088, 38.961444916576603 ], [ -84.549155233863786, 38.960357319864791 ], [ -84.55139121912039, 38.960961705064847 ], [ -84.553183515739704, 38.959874058873503 ], [ -84.552739810682837, 38.95818210422491 ], [ -84.550503944658558, 38.95757776307935 ], [ -84.55006035428066, 38.955885847067279 ], [ -84.551852494286507, 38.954798304886765 ], [ -84.551408882940535, 38.953106460201283 ], [ -84.549173267214698, 38.952502125014924 ], [ -84.548729770520168, 38.950810318978739 ], [ -84.550521753936792, 38.949722880807997 ], [ -84.552757250469696, 38.950327171944615 ], [ -84.553200882775045, 38.952018945299635 ], [ -84.555436510364842, 38.952623198351105 ], [ -84.555880257328539, 38.954315010346711 ], [ -84.558116015980119, 38.954919225298873 ], [ -84.559907908442753, 38.953831584218889 ], [ -84.559464025873467, 38.952139804923569 ], [ -84.561255778184318, 38.951052191146381 ], [ -84.563491429431238, 38.951656279931704 ], [ -84.565283057963001, 38.950568616734365 ], [ -84.564839018897729, 38.948876941485494 ], [ -84.56260348687141, 38.948272896719402 ], [ -84.560811874693599, 38.949360483185018 ], [ -84.558576354474809, 38.948756356296684 ], [ -84.558132565638971, 38.947064686969256 ], [ -84.559924161450439, 38.945977177231867 ], [ -84.559480351691519, 38.944285579244223 ], [ -84.56127180739756, 38.943198096823977 ], [ -84.563507089223776, 38.943802135668392 ], [ -84.563951034531371, 38.945493700950443 ], [ -84.566186447347192, 38.946097701702286 ], [ -84.567977795651132, 38.945010093160711 ], [ -84.567533714806956, 38.943318560594683 ], [ -84.565298421191599, 38.942714603852153 ], [ -84.564854454988549, 38.941023109915442 ], [ -84.562619292343555, 38.940419115085533 ], [ -84.56217544076442, 38.938727659788931 ], [ -84.563966616315767, 38.93764023202916 ], [ -84.563522743839513, 38.935948848083733 ], [ -84.56128783131193, 38.935344859195482 ], [ -84.560844073432065, 38.933653513902762 ], [ -84.562635092591094, 38.932566190198465 ], [ -84.564869885976819, 38.933170135076907 ], [ -84.565313779341551, 38.934861447667338 ], [ -84.567548703654282, 38.935465354483114 ], [ -84.569339615447433, 38.934377904706643 ], [ -84.568895586609941, 38.932686624828818 ], [ -84.570686358382233, 38.931599202416457 ], [ -84.572921175296329, 38.932202983171457 ], [ -84.573365339594488, 38.933894230326175 ], [ -84.575600287406814, 38.934497973000653 ], [ -84.577390951747674, 38.933410424539005 ], [ -84.576946652000927, 38.931719210117819 ], [ -84.578737176340539, 38.930631689044205 ], [ -84.580972016688662, 38.931235305680836 ], [ -84.581416451871888, 38.932926487358074 ], [ -84.583651423089421, 38.933530065896292 ], [ -84.585441839932102, 38.932442418796349 ], [ -84.58767682281686, 38.933045915268352 ], [ -84.588121508062116, 38.934737102791878 ], [ -84.590356621806706, 38.935340561142411 ] ], [ [ -84.57290707563665, 38.940055794972302 ], [ -84.570671889455326, 38.939451964324498 ], [ -84.568880821304404, 38.940539518175271 ], [ -84.569324923025064, 38.942230979394132 ], [ -84.571560228405943, 38.9428348540361 ], [ -84.573351312862798, 38.941747223462976 ], [ -84.575586629985636, 38.94235101600561 ], [ -84.577377590669769, 38.941263336071572 ], [ -84.576933217950241, 38.939571940319631 ], [ -84.574698020036124, 38.938968191760935 ], [ -84.57290707563665, 38.940055794972302 ] ], [ [ -84.545257608280863, 38.905871509137064 ], [ -84.543467140105136, 38.906958137273115 ], [ -84.54391004475076, 38.908648958827364 ], [ -84.542119436662063, 38.909735614304296 ], [ -84.542562320343777, 38.911426507239348 ], [ -84.544795947509854, 38.912030712063213 ], [ -84.546586572022449, 38.910943979908325 ], [ -84.546143552948877, 38.90925311960963 ], [ -84.547934037539576, 38.908166414798814 ], [ -84.547490997521024, 38.906475625882649 ], [ -84.545257608280863, 38.905871509137064 ] ] ], [ [ [ -84.605095514325129, 38.951888163414949 ], [ -84.602859495978763, 38.951284890173881 ], [ -84.60241414326785, 38.949593399921739 ], [ -84.604204673420242, 38.94850521573246 ], [ -84.603759299988113, 38.946813796829872 ], [ -84.605549690096581, 38.94572564007494 ], [ -84.607550935162465, 38.946265553451489 ], [ -84.607796728624464, 38.948284160255085 ], [ -84.608144413088311, 38.951139361940982 ], [ -84.608464206421431, 38.953765316972138 ], [ -84.607777131063571, 38.954182927205871 ], [ -84.605540981804396, 38.953579692190694 ], [ -84.605095514325129, 38.951888163414949 ] ] ], [ [ [ -84.606432010832904, 38.956962859600786 ], [ -84.608222713328416, 38.955874494494481 ], [ -84.608738011879964, 38.956013491773575 ], [ -84.608905602116579, 38.957389479154017 ], [ -84.609138681104739, 38.959242720514055 ], [ -84.609113971955694, 38.959257738917564 ], [ -84.606877572388655, 38.958654498231027 ], [ -84.606432010832904, 38.956962859600786 ] ] ], [ [ [ -84.609367991946996, 38.961065906118201 ], [ -84.609755319994392, 38.964145228408718 ], [ -84.608214445260984, 38.963729633797669 ], [ -84.607768789599433, 38.962037885331533 ], [ -84.609367991946996, 38.961065906118201 ] ] ], [ [ [ -84.612199368030744, 39.073322231736199 ], [ -84.61213527740297, 39.073304967807225 ], [ -84.611688455475544, 39.071610719375656 ], [ -84.613483348288796, 39.070520359875403 ], [ -84.613036505576403, 39.068826182645125 ], [ -84.614831257640347, 39.067735850382007 ], [ -84.617072868583719, 39.068339618458921 ], [ -84.617519847432575, 39.070033762757873 ], [ -84.615725079205461, 39.071124171913283 ], [ -84.616172037288436, 39.072818387415339 ], [ -84.618413899745718, 39.073422160823959 ], [ -84.618417015746161, 39.073433969673658 ], [ -84.615252321066492, 39.073377137572642 ], [ -84.612199368030744, 39.073322231736199 ] ] ], [ [ [ -84.623209942767076, 39.072473928400612 ], [ -84.623462027471817, 39.074360389809094 ], [ -84.62277838289647, 39.07417731379509 ], [ -84.622450558114181, 39.07293536558759 ], [ -84.623209942767076, 39.072473928400612 ] ] ], [ [ [ -84.574725622118095, 38.923263687996439 ], [ -84.572935270296128, 38.924351028263999 ], [ -84.570700822527286, 38.92374729741703 ], [ -84.570256845695127, 38.922056270284408 ], [ -84.572047181231042, 38.920969006716348 ], [ -84.574281509889019, 38.921572693583521 ], [ -84.574725622118095, 38.923263687996439 ] ] ], [ [ [ -84.576058146287352, 38.928336891266163 ], [ -84.574267638217961, 38.929424335630195 ], [ -84.572032940454079, 38.92882059885963 ], [ -84.571588869903536, 38.927129461706699 ], [ -84.573379361690257, 38.926042094048817 ], [ -84.575613940314014, 38.926645786839842 ], [ -84.576058146287352, 38.928336891266163 ] ] ], [ [ [ -84.562682462012049, 38.909012557564793 ], [ -84.560892331645462, 38.910099486986276 ], [ -84.558658657093488, 38.909495610077713 ], [ -84.558215231916705, 38.907804847750668 ], [ -84.560005345944404, 38.906717995008215 ], [ -84.562238901491611, 38.907321827915823 ], [ -84.562682462012049, 38.909012557564793 ] ] ], [ [ [ -84.551196530795409, 39.047425883890497 ], [ -84.551641016652596, 39.0491199017236 ], [ -84.549845308171015, 39.050209017956057 ], [ -84.547605130321699, 39.049604039501048 ], [ -84.545809297594019, 39.050693105975064 ], [ -84.543569131690148, 39.050088045020978 ], [ -84.543124918185356, 39.048393961716414 ], [ -84.540884883908944, 39.047788862393602 ], [ -84.539088943482966, 39.048877802245713 ], [ -84.536848921190256, 39.048272620431526 ], [ -84.536404958966259, 39.046578542904243 ], [ -84.53820088284364, 39.045489679900314 ], [ -84.537756899508167, 39.043795673583574 ], [ -84.535517128471966, 39.043190497566073 ], [ -84.533721221155631, 39.044279283725238 ], [ -84.534165068310614, 39.04597332274453 ], [ -84.532369020253213, 39.047062135967046 ], [ -84.530129141619469, 39.046456833323639 ], [ -84.529685430657182, 39.044762761612347 ], [ -84.527445683670052, 39.044157420646698 ], [ -84.527002087752507, 39.04246338746286 ], [ -84.524762472407048, 39.041858008189216 ], [ -84.524318991516921, 39.040164013543603 ], [ -84.526114989789633, 39.039075430844157 ], [ -84.528354485563668, 39.039680765954884 ], [ -84.528798102632521, 39.041374727925913 ], [ -84.531037730028842, 39.041980024733796 ], [ -84.532833620771726, 39.040891315415912 ], [ -84.532389867536224, 39.039197386130049 ], [ -84.534185617565882, 39.038108703881186 ], [ -84.533741843206911, 39.036414845813795 ], [ -84.531502454961952, 39.035809637306308 ], [ -84.531058795616616, 39.034115817772616 ], [ -84.532854388383996, 39.033027239432975 ], [ -84.532410707913556, 39.031333491123682 ], [ -84.534206160014335, 39.030244939867565 ], [ -84.533762458427475, 39.028551262786557 ], [ -84.535557769880484, 39.027462738622702 ], [ -84.53779679947408, 39.028067814716884 ], [ -84.539591986838971, 39.026979240832326 ], [ -84.541831028413284, 39.027584234513142 ], [ -84.54362609167849, 39.026495610919483 ], [ -84.545865145209788, 39.027100522188277 ], [ -84.547660084363713, 39.026011848897355 ], [ -84.549899149828278, 39.026616677755307 ], [ -84.550343395703237, 39.028310224004152 ], [ -84.548548440063684, 39.029398974120916 ], [ -84.548992664898606, 39.031092591605223 ], [ -84.547197568631717, 39.032181368853557 ], [ -84.547641772417862, 39.033875057569418 ], [ -84.545846535504836, 39.034963861940497 ], [ -84.546290718233493, 39.036657621884061 ], [ -84.544495340655502, 39.03774645336901 ], [ -84.544939502317959, 39.039440284536511 ], [ -84.547179177680235, 39.040045251494092 ], [ -84.547623454404857, 39.04173912115629 ], [ -84.549863261336455, 39.042344049760914 ], [ -84.550307653140592, 39.044037957907079 ], [ -84.552547591646416, 39.044642848144505 ], [ -84.552992098547392, 39.046336794763825 ], [ -84.551196530795409, 39.047425883890497 ] ] ], [ [ [ -84.554023202249056, 39.097868398636137 ], [ -84.550987717824825, 39.099301812350959 ], [ -84.550950673210522, 39.099319305669425 ], [ -84.550182367430352, 39.099111941611184 ], [ -84.549681725068226, 39.09941549294556 ], [ -84.546132968075113, 39.09956135382285 ], [ -84.545697435633429, 39.097901343000089 ], [ -84.547495058180388, 39.096811490677858 ], [ -84.549737464118323, 39.097416767912236 ], [ -84.55153496217217, 39.096326865685441 ], [ -84.553777380056189, 39.096932060245088 ], [ -84.554023202249056, 39.097868398636137 ] ] ], [ [ [ -84.540499294973472, 39.022503618989028 ], [ -84.540943174819049, 39.024197120906067 ], [ -84.539148128073307, 39.025285667677508 ], [ -84.536909218009995, 39.024680635711135 ], [ -84.536465474216499, 39.022987101098245 ], [ -84.538260504430397, 39.021898631145504 ], [ -84.540499294973472, 39.022503618989028 ] ] ], [ [ [ -84.524806675225491, 39.026130387395824 ], [ -84.527045549232042, 39.026735666578979 ], [ -84.527488999747888, 39.028429337784537 ], [ -84.529728005308826, 39.029034578709151 ], [ -84.530171570793314, 39.030728288471941 ], [ -84.528375994606222, 39.03181678998353 ], [ -84.528819538955233, 39.033510570972844 ], [ -84.527023822091721, 39.034599099555905 ], [ -84.524784577477078, 39.033993770319839 ], [ -84.522988736529086, 39.035082249134604 ], [ -84.520749503984945, 39.034476837461035 ], [ -84.518953538964055, 39.035565266495752 ], [ -84.519396789851342, 39.037259184032564 ], [ -84.517600684115649, 39.03834764010584 ], [ -84.515361344142363, 39.037742101809862 ], [ -84.514918229431998, 39.036048151626346 ], [ -84.51267902110007, 39.035442575074029 ], [ -84.512236021358177, 39.033748663469723 ], [ -84.514032093774375, 39.032660361053665 ], [ -84.513589072820622, 39.030966520668727 ], [ -84.511350115609815, 39.030360950068406 ], [ -84.510907209596851, 39.028667148275474 ], [ -84.512703124646961, 39.027578949711845 ], [ -84.512260197420531, 39.025885219144101 ], [ -84.510021491277087, 39.025279654515515 ], [ -84.509578678963791, 39.023585962552637 ], [ -84.511374436672241, 39.022497867840464 ], [ -84.513613023370553, 39.023103388279658 ], [ -84.515408657101588, 39.022015243800574 ], [ -84.514965687474472, 39.020321655694794 ], [ -84.516761180574164, 39.019233538271251 ], [ -84.516318189759815, 39.017540021402233 ], [ -84.514079841921628, 39.016934589326858 ], [ -84.512284365476575, 39.018022629943196 ], [ -84.510046029762506, 39.017417115495682 ], [ -84.508250429371216, 39.018505106357416 ], [ -84.508693148014103, 39.020198688471517 ], [ -84.506897406990703, 39.021286706373587 ], [ -84.50465896401802, 39.02068106535279 ], [ -84.504216381479054, 39.018987450631919 ], [ -84.506012105804984, 39.017899509536498 ], [ -84.505569502030255, 39.016205966050826 ], [ -84.507365085733127, 39.015118051992523 ], [ -84.509603289902984, 39.015723604618579 ], [ -84.511398749680964, 39.014635640806006 ], [ -84.513636965989363, 39.015241111068853 ], [ -84.515432301830856, 39.014153097513699 ], [ -84.517670530254094, 39.014758485414625 ], [ -84.518113542246951, 39.016451931043015 ], [ -84.520351902185553, 39.017057280747473 ], [ -84.522147130703217, 39.015969140657177 ], [ -84.524385502718502, 39.016574407991904 ], [ -84.524828765655911, 39.018267859573825 ], [ -84.527067269177039, 39.018873088688871 ], [ -84.527510647027754, 39.020566578853682 ], [ -84.525715385298767, 39.02165487256304 ], [ -84.526158742010736, 39.023348433966149 ], [ -84.524363339660979, 39.024436754758234 ], [ -84.524806675225491, 39.026130387395824 ] ] ], [ [ [ -84.511689879046443, 38.920355678299991 ], [ -84.511247985663985, 38.918664414477625 ], [ -84.513039737934477, 38.917578050176928 ], [ -84.512597823438156, 38.915886857715314 ], [ -84.510364292174629, 38.915281997001294 ], [ -84.509922492061264, 38.913590843351422 ], [ -84.511714087719454, 38.912504582966278 ], [ -84.513947500088719, 38.913109399557293 ], [ -84.515738972341055, 38.912023089744778 ], [ -84.517972396771384, 38.912627824355404 ], [ -84.518414467849013, 38.91431891288925 ], [ -84.516622979024035, 38.915405299377831 ], [ -84.517065029015455, 38.917096459278014 ], [ -84.515273400181769, 38.918182873018253 ], [ -84.51571542907827, 38.919874104280957 ], [ -84.513923660217216, 38.92096054526413 ], [ -84.511689879046443, 38.920355678299991 ] ] ], [ [ [ -84.507614444747048, 38.936542044493578 ], [ -84.505821835329471, 38.937628648750049 ], [ -84.50358734040779, 38.937023516944663 ], [ -84.501794607485309, 38.938110071677819 ], [ -84.502236352827396, 38.939801834919081 ], [ -84.504470966742559, 38.940407010882119 ], [ -84.50491282656705, 38.942098812908341 ], [ -84.503119936814372, 38.943185471519008 ], [ -84.503561775465727, 38.944877344873525 ], [ -84.501768745517467, 38.945964030648142 ], [ -84.502210562987003, 38.947655975327187 ], [ -84.504445546100314, 38.948261201681483 ], [ -84.504887478090041, 38.949953185130759 ], [ -84.503094291259515, 38.951039974778325 ], [ -84.503536202069, 38.952732029546276 ], [ -84.505771435430447, 38.953337262109621 ], [ -84.50621346078762, 38.955029355635077 ], [ -84.504420117050515, 38.956116249156629 ], [ -84.504862121229024, 38.95780841399494 ], [ -84.507097604892081, 38.958413652747737 ], [ -84.50753972364582, 38.960105856330792 ], [ -84.505746222977763, 38.961192853727425 ], [ -84.506188320554458, 38.962885128617458 ], [ -84.508424054572572, 38.963490373540097 ], [ -84.508866266752037, 38.965182687162184 ], [ -84.507072609128656, 38.9662697884349 ], [ -84.507514800132654, 38.967962173358167 ], [ -84.505721002184117, 38.969049301763562 ], [ -84.506163172003937, 38.970741757984158 ], [ -84.504369233711557, 38.971828913513434 ], [ -84.504811382338474, 38.973521441027515 ], [ -84.503017303683478, 38.974608623671912 ], [ -84.500781093082651, 38.974003202052728 ], [ -84.498986890740198, 38.97509033505284 ], [ -84.499428882300862, 38.976782966420544 ], [ -84.497634539567329, 38.977870126514922 ], [ -84.498076509898638, 38.979562829166674 ], [ -84.500312958850941, 38.980168339163988 ], [ -84.500755043846823, 38.981861080535602 ], [ -84.498960543991558, 38.982948344472362 ], [ -84.499402607759649, 38.984641157122105 ], [ -84.497607967466777, 38.985728448138723 ], [ -84.498050009998394, 38.987421332062887 ], [ -84.496255229249158, 38.9885086501505 ], [ -84.496697250535519, 38.990201605345128 ], [ -84.498934188522625, 38.990807209888821 ], [ -84.499376324521776, 38.992500203786513 ], [ -84.4975813865709, 38.993587625706269 ], [ -84.498023501326387, 38.99528069086859 ], [ -84.496228422872591, 38.99636813984489 ], [ -84.496670516375687, 38.998061276268004 ], [ -84.494875297400242, 38.999148752292015 ], [ -84.495317369642194, 39.000841959972114 ], [ -84.497554796875249, 39.001447659061562 ], [ -84.497996983878224, 39.003140905427848 ], [ -84.496201607621089, 39.004228485273693 ], [ -84.496643773364511, 39.005921802891066 ], [ -84.494848256539157, 39.007009409770205 ], [ -84.492610590716865, 39.006403622243681 ], [ -84.490814950063836, 39.007491179357956 ], [ -84.491256958469947, 39.009184600785844 ], [ -84.489461177220164, 39.010272184912495 ], [ -84.489903164330187, 39.011965677581955 ], [ -84.488107242464864, 39.013053288712157 ], [ -84.488549208270044, 39.014746852619389 ], [ -84.486753145770408, 39.015834490744304 ], [ -84.487195090261963, 39.017528125885349 ], [ -84.489433233383238, 39.018134090345718 ], [ -84.489875292697732, 39.019827764160745 ], [ -84.492113567435325, 39.020433690487508 ], [ -84.492555741590039, 39.022127402965722 ], [ -84.49479414794888, 39.022733291144711 ], [ -84.49523643696115, 39.02442704227537 ], [ -84.497474974946215, 39.025032892292344 ], [ -84.499271104517263, 39.023944946951275 ], [ -84.501509654716244, 39.024550714571937 ], [ -84.501952194757536, 39.026244471751703 ], [ -84.500156048449554, 39.027332493905497 ], [ -84.500598567228892, 39.029026322308852 ], [ -84.498802280222648, 39.030114371464485 ], [ -84.496563491179117, 39.029508515398696 ], [ -84.494767080210764, 39.030596514728131 ], [ -84.492528303399823, 39.029990576245645 ], [ -84.490731768480998, 39.031078525737222 ], [ -84.489636939214321, 39.030782168244151 ], [ -84.489946572329657, 39.028769498283097 ], [ -84.489822081298655, 39.027706045217833 ], [ -84.489847411833054, 39.027690706016095 ], [ -84.489798228934745, 39.027502284962111 ], [ -84.48960766014919, 39.025874297439074 ], [ -84.491201657711784, 39.024909005388182 ], [ -84.490759504858758, 39.023215221684019 ], [ -84.489248537042641, 39.022806183318664 ], [ -84.489123571547665, 39.021738496983019 ], [ -84.488432526594892, 39.020701468838837 ], [ -84.486570180908757, 39.017906537680716 ], [ -84.484845468621913, 39.01531793851089 ], [ -84.484746569747543, 39.015169495936313 ], [ -84.484460192126534, 39.015017891586645 ], [ -84.484073304574537, 39.013534891708211 ], [ -84.481835424671075, 39.012928851023375 ], [ -84.481393709773414, 39.011235293262423 ], [ -84.47937531880217, 39.010688628247387 ], [ -84.479059420146186, 39.010258989356437 ], [ -84.478846567600854, 39.009969495220766 ], [ -84.477442015896528, 39.008591053949246 ], [ -84.476236447708516, 39.007407841101596 ], [ -84.475227094861935, 39.006417165295588 ], [ -84.473446565594884, 39.004669494462703 ], [ -84.47344312900546, 39.004669254764416 ], [ -84.469968363190006, 39.0044268416706 ], [ -84.469146564297048, 39.004369494605569 ], [ -84.467070669643121, 39.004153896601771 ], [ -84.466644486886523, 39.002517802477684 ], [ -84.464407277322493, 39.001911489172727 ], [ -84.462611068378521, 39.002998566944335 ], [ -84.460373871219858, 39.002392171330634 ], [ -84.45981279576219, 39.00273170554506 ], [ -84.456307051543988, 39.000932728729055 ], [ -84.453845559401287, 38.999669494421553 ], [ -84.453280177028745, 38.999103110673822 ], [ -84.453221949582712, 38.998879321111971 ], [ -84.455018248333971, 38.997792446718279 ], [ -84.454577608632462, 38.996099095197977 ], [ -84.456373766792566, 38.995012247737499 ], [ -84.455933105646608, 38.99331896746579 ], [ -84.453696422417011, 38.992712502202487 ], [ -84.453322200314588, 38.991274184037451 ], [ -84.454353236463561, 38.990355264969523 ], [ -84.45505187654075, 38.989932516973305 ], [ -84.455009645077453, 38.989770218556302 ], [ -84.457587349290563, 38.987472623805061 ], [ -84.459945560119124, 38.985370491413669 ], [ -84.460063963619106, 38.985230180880919 ], [ -84.460565068432999, 38.98463635413006 ], [ -84.461652420925461, 38.983347761892603 ], [ -84.463465814219575, 38.981198631927796 ], [ -84.465385148603957, 38.981718931776093 ], [ -84.465826031432115, 38.983411894547409 ], [ -84.468062382137248, 38.984018062419487 ], [ -84.46850337957413, 38.985711063980105 ], [ -84.466707890310673, 38.986797930147212 ], [ -84.467148866367523, 38.988491002971585 ], [ -84.465353236588584, 38.989577896122448 ], [ -84.465794191256606, 38.991271040206712 ], [ -84.468030911732512, 38.99187725865896 ], [ -84.468471981047145, 38.993570441517797 ], [ -84.466676193845501, 38.994657438408012 ], [ -84.46711724177284, 38.996350692520849 ], [ -84.469354212956802, 38.996956917255481 ], [ -84.469795375558292, 38.998650210130194 ], [ -84.467999430909458, 38.999737310760679 ], [ -84.468440572125218, 39.001430674883515 ], [ -84.47067779407088, 39.002036905880928 ], [ -84.472473755592603, 39.000949728475945 ], [ -84.474710989896209, 39.001555877166993 ], [ -84.475152381897985, 39.003249247533226 ], [ -84.477389747768868, 39.003855358181184 ], [ -84.479185602401117, 39.002768054198832 ], [ -84.48142298059183, 39.003374082532666 ], [ -84.483218711462413, 39.002286728762584 ], [ -84.485456101949282, 39.002892674783503 ], [ -84.485897880823387, 39.004586018819083 ], [ -84.484102133147374, 39.005673449371166 ], [ -84.484543890704757, 39.007366864652369 ], [ -84.482748002431279, 39.008454322201707 ], [ -84.483189738663171, 39.010147808724724 ], [ -84.485427499265555, 39.010753805158167 ], [ -84.487223404341123, 39.009666270820141 ], [ -84.486781532016082, 39.00797281683942 ], [ -84.488577296485175, 39.00688530950179 ], [ -84.488135402853686, 39.005191926764702 ], [ -84.489931026735036, 39.004104446436287 ], [ -84.489489111805923, 39.002411134946655 ], [ -84.49128459511833, 39.001323681636315 ], [ -84.490842658900249, 38.99963044139799 ], [ -84.492638001662485, 38.998543015114521 ], [ -84.492196044164245, 38.996849846131362 ], [ -84.493991246395083, 38.995762446883624 ], [ -84.493549267625383, 38.994069349159439 ], [ -84.49131222261893, 38.993463618129582 ], [ -84.490870358565346, 38.991770559115118 ], [ -84.492665403535625, 38.990683263681575 ], [ -84.49222351820903, 38.988990275931961 ], [ -84.49401842269441, 38.987903007548603 ], [ -84.493576516103559, 38.986210091067697 ], [ -84.495371280122896, 38.985122849743369 ], [ -84.494929352276486, 38.983430004535016 ], [ -84.492692796340719, 38.982824368100864 ], [ -84.492250983162251, 38.981131561619073 ], [ -84.490014558629696, 38.98052588716034 ], [ -84.489572860101873, 38.978833119415761 ], [ -84.491367450195, 38.977746058668984 ], [ -84.493603755565374, 38.978351688915737 ], [ -84.49539822198453, 38.977264578489333 ], [ -84.494956366300528, 38.975571914568128 ], [ -84.492720180082316, 38.974966328528353 ], [ -84.492278439028397, 38.973273703348482 ], [ -84.494072748319155, 38.972186696751088 ], [ -84.493630986015276, 38.970494142859344 ], [ -84.491395050279536, 38.969888563026778 ], [ -84.490953402578171, 38.968196047889066 ], [ -84.4887175981779, 38.967590430075894 ], [ -84.48827606506174, 38.965897953702928 ], [ -84.490070200505286, 38.964811127670188 ], [ -84.489628646127315, 38.963118722593215 ], [ -84.487393092131796, 38.962513111026333 ], [ -84.486951652311518, 38.960820744726817 ], [ -84.484716229622279, 38.960215095212924 ], [ -84.482922127702153, 38.961301767782771 ], [ -84.48068671727863, 38.960696036112992 ], [ -84.47889249181064, 38.961782659028678 ], [ -84.476657093676408, 38.961176845201841 ], [ -84.476216040040313, 38.959484452694674 ], [ -84.473980773236136, 38.958878600952929 ], [ -84.47218644105476, 38.959965097477124 ], [ -84.469951186577873, 38.95935916358615 ], [ -84.469510383283975, 38.957666777421657 ], [ -84.471304698630206, 38.956580357619593 ], [ -84.473539834109275, 38.957186247262001 ], [ -84.475334025961914, 38.956099777794634 ], [ -84.474893065513129, 38.954407495405938 ], [ -84.476687117055732, 38.953321053004231 ], [ -84.478922145855748, 38.953926816274084 ], [ -84.480716073902826, 38.952840324230777 ], [ -84.480274956357917, 38.95114814563577 ], [ -84.482068744123396, 38.950061680678921 ], [ -84.481627605293028, 38.948369573395638 ], [ -84.483421252795623, 38.947283135534008 ], [ -84.485656055897934, 38.947888728244585 ], [ -84.487449579912862, 38.946802240776968 ], [ -84.487008284072758, 38.945110237310899 ], [ -84.488801667853238, 38.944023776959348 ], [ -84.488360350764111, 38.942331844814454 ], [ -84.490153594328802, 38.941245411587687 ], [ -84.492388171712605, 38.941850833800814 ], [ -84.494181291797418, 38.940764351003729 ], [ -84.496415881381978, 38.941369691132302 ], [ -84.498208877975358, 38.94028315877658 ], [ -84.497767268292108, 38.938591362998586 ], [ -84.49956012470787, 38.937504857800434 ], [ -84.499118493830963, 38.935813133354813 ], [ -84.500911210087779, 38.934726655322969 ], [ -84.500469558025884, 38.933035002213536 ], [ -84.502262134142455, 38.93194855135684 ], [ -84.504496378981457, 38.9325536769135 ], [ -84.504938166664246, 38.934245297482683 ], [ -84.507172542602461, 38.934850385135434 ], [ -84.507614444747048, 38.936542044493578 ] ], [ [ -84.48609733048022, 38.949580803027963 ], [ -84.484303666212142, 38.950667317602772 ], [ -84.484744919527913, 38.952359463699679 ], [ -84.486979972874465, 38.952965062715279 ], [ -84.488773653895734, 38.951878471423811 ], [ -84.488332264821096, 38.950186357835491 ], [ -84.48609733048022, 38.949580803027963 ] ] ], [ [ [ -84.501457733544186, 39.040278318353096 ], [ -84.499218442222627, 39.039672450248794 ], [ -84.498775872341142, 39.037978369583605 ], [ -84.496536712718708, 39.037372463258954 ], [ -84.494740003504759, 39.038460593366814 ], [ -84.495182437148699, 39.040154706626112 ], [ -84.493385587161185, 39.04124286370034 ], [ -84.493827999499388, 39.042937048163992 ], [ -84.492031008719522, 39.04402523219575 ], [ -84.492473399743218, 39.04571948785982 ], [ -84.490676268152185, 39.046807698840254 ], [ -84.488469095756841, 39.046210328725671 ], [ -84.488431733013144, 39.046182310338594 ], [ -84.487994507597904, 39.044507289075341 ], [ -84.486910965806942, 39.044213999692232 ], [ -84.485643125686863, 39.042007005103201 ], [ -84.487110091735914, 39.04111882241105 ], [ -84.489349346319273, 39.041724937884489 ], [ -84.49114632030799, 39.040636830684512 ], [ -84.490704022913647, 39.038942684841572 ], [ -84.492500856119065, 39.037854604595964 ], [ -84.492058537408653, 39.03616052995941 ], [ -84.493855229849558, 39.035072476677023 ], [ -84.496094257777784, 39.035678421207827 ], [ -84.49789082623704, 39.03459031807521 ], [ -84.497448350007915, 39.032896347236154 ], [ -84.499244777731263, 39.031808271087598 ], [ -84.501483698430206, 39.032414088957687 ], [ -84.501926310858678, 39.034108027198997 ], [ -84.500129866392712, 39.03519618017009 ], [ -84.500572457552053, 39.036890189625261 ], [ -84.502811629387494, 39.037496013505006 ], [ -84.503254335494361, 39.039190061565563 ], [ -84.501457733544186, 39.040278318353096 ] ] ], [ [ [ -84.493734258583089, 39.05054783156222 ], [ -84.492947574812504, 39.049568502100421 ], [ -84.491754874774642, 39.048674207397326 ], [ -84.493358275442759, 39.049108108994652 ], [ -84.493734258583089, 39.05054783156222 ] ] ] ] } },
{ "type": "Feature", "properties": { "hex_id": "892a937593bffff", "median_val": 7824.6502143326961, "category": 1, "bin": 3 }, "geometry": { "type": "MultiPolygon", "coordinates": [ [ [ [ -84.563694603676126, 38.849619269623005 ], [ -84.565482384519271, 38.848533315840193 ], [ -84.567713254542468, 38.849136672458556 ], [ -84.568156462448187, 38.850826026810545 ], [ -84.566368665334508, 38.851912057200408 ], [ -84.564137676581836, 38.851308656629158 ], [ -84.563694603676126, 38.849619269623005 ] ] ], [ [ [ -84.595830393408832, 38.853598029737839 ], [ -84.596274618903621, 38.855287336886683 ], [ -84.594487389894098, 38.856373842481609 ], [ -84.592255951513778, 38.855770964306942 ], [ -84.590468599113009, 38.856857420852556 ], [ -84.590912668952114, 38.858546832192602 ], [ -84.589125177013713, 38.859633316298883 ], [ -84.589569226148839, 38.861322799094211 ], [ -84.591800902224307, 38.861925765056654 ], [ -84.592245065663903, 38.863615286576554 ], [ -84.594476872196083, 38.864218214629908 ], [ -84.594921149957216, 38.865907774863757 ], [ -84.593133486166138, 38.86699443978199 ], [ -84.590901560752201, 38.866391467832571 ], [ -84.59045741801485, 38.864701874863094 ], [ -84.588225623076795, 38.864098864999328 ], [ -84.587781594654189, 38.86240931075244 ], [ -84.585549930187213, 38.861806262988473 ], [ -84.585106016062213, 38.860116747474876 ], [ -84.586893631390197, 38.859030312441433 ], [ -84.586449696542388, 38.857340868381371 ], [ -84.58421828136602, 38.856737826643069 ], [ -84.583774460788391, 38.855048421328945 ], [ -84.585561920398845, 38.853962090462439 ], [ -84.585118079096688, 38.852272756607604 ], [ -84.586905399187188, 38.851186453295313 ], [ -84.589136576744949, 38.851789407224999 ], [ -84.589580553012652, 38.853478708366737 ], [ -84.591811860979305, 38.854081624425945 ], [ -84.593599073861029, 38.852995195449672 ], [ -84.595830393408832, 38.853598029737839 ] ] ], [ [ [ -84.599829546510833, 38.868803116123786 ], [ -84.600153614340243, 38.870034956031049 ], [ -84.600022941656249, 38.870645418882177 ], [ -84.599432274719135, 38.873404702009722 ], [ -84.598796911497843, 38.876372540610582 ], [ -84.598161468295146, 38.879340502072132 ], [ -84.596243941306739, 38.878822632524056 ], [ -84.595799496891004, 38.877132780575081 ], [ -84.593567072640639, 38.876529796710443 ], [ -84.59312274261157, 38.874839983448069 ], [ -84.590890448884977, 38.874236961630459 ], [ -84.590446233225464, 38.872547187065294 ], [ -84.59223417622033, 38.87146046705643 ], [ -84.591789939851694, 38.869770763931278 ], [ -84.593577743235329, 38.86868407146337 ], [ -84.595809799130009, 38.86928700548436 ], [ -84.597597479050762, 38.868200263930994 ], [ -84.599829546510833, 38.868803116123786 ] ] ], [ [ [ -84.597577461981587, 38.883892408587243 ], [ -84.597132923848818, 38.882202446532197 ], [ -84.598282264048379, 38.88150378715001 ], [ -84.598763031265491, 38.884212569087381 ], [ -84.597577461981587, 38.883892408587243 ] ] ], [ [ [ -84.562238901491611, 38.907321827915823 ], [ -84.560005345944404, 38.906717995008215 ], [ -84.558215231916705, 38.907804847750668 ], [ -84.558658657093488, 38.909495610077713 ], [ -84.560892331645462, 38.910099486986276 ], [ -84.561335871288037, 38.911790288021088 ], [ -84.563569676651525, 38.912394126949614 ], [ -84.56401333077703, 38.914084966681415 ], [ -84.56222304417345, 38.91517200017168 ], [ -84.562666677422754, 38.916862911283502 ], [ -84.560876250890047, 38.917949972151391 ], [ -84.558642207448571, 38.917346045216455 ], [ -84.55685165732136, 38.918433056761081 ], [ -84.557295134278505, 38.920124071930537 ], [ -84.559529296774031, 38.920728042876043 ], [ -84.561319863254525, 38.91964095463937 ], [ -84.563554037550816, 38.920244843569698 ], [ -84.563997764436039, 38.921935864739993 ], [ -84.566232069591962, 38.92253971565161 ], [ -84.568022528776382, 38.921452501395663 ], [ -84.570256845695127, 38.922056270284408 ], [ -84.570700822527286, 38.92374729741703 ], [ -84.572935270296128, 38.924351028263999 ], [ -84.573379361690257, 38.926042094048817 ], [ -84.571588869903536, 38.927129461706699 ], [ -84.572032940454079, 38.92882059885963 ], [ -84.570242308683916, 38.929907993899171 ], [ -84.568007622663202, 38.929304175077732 ], [ -84.567563687547491, 38.927613005208606 ], [ -84.565329132415357, 38.927009148334946 ], [ -84.564885311865069, 38.925318017124674 ], [ -84.562650887616641, 38.924714122212897 ], [ -84.5608601648198, 38.925801314508362 ], [ -84.561303849930042, 38.927492478415694 ], [ -84.563538393281021, 38.928096417332611 ], [ -84.563982192949794, 38.92978761990743 ], [ -84.562191313812448, 38.930874916262802 ], [ -84.559956651348898, 38.930270933335827 ], [ -84.558165648545241, 38.931358180331557 ], [ -84.555930997895629, 38.930754115349899 ], [ -84.55548746915693, 38.929062847394903 ], [ -84.557278455592908, 38.927975677104286 ], [ -84.556834905934807, 38.926284480510354 ], [ -84.554600505301067, 38.925680421528746 ], [ -84.554157070177439, 38.923989263621699 ], [ -84.551922800451365, 38.923385166633992 ], [ -84.550131846787806, 38.924472183524713 ], [ -84.547897588918801, 38.923868004509188 ], [ -84.54745440376287, 38.922176852640931 ], [ -84.549245341021674, 38.921089912444955 ], [ -84.54880213491542, 38.919398831943859 ], [ -84.546568126990039, 38.918794658986471 ], [ -84.546125035366657, 38.91710361720434 ], [ -84.547915816240248, 38.916016781029477 ], [ -84.550149705149181, 38.91662090995068 ], [ -84.550592932197162, 38.918311919080885 ], [ -84.552826951984798, 38.918916010029541 ], [ -84.554617625695016, 38.917829047819907 ], [ -84.554174263234543, 38.916138071352051 ], [ -84.551940362472536, 38.915534024429412 ], [ -84.551497114491539, 38.913843086673964 ], [ -84.553287631875165, 38.912756228503156 ], [ -84.552844362969793, 38.911065362126202 ], [ -84.554634740432377, 38.909978531314607 ], [ -84.554191450611256, 38.908287736319913 ], [ -84.551957918691471, 38.907683739477456 ], [ -84.551514743312069, 38.905992983209835 ], [ -84.553304964499802, 38.904906256441542 ], [ -84.555538377443227, 38.905510209267618 ], [ -84.557328475119675, 38.904423433200733 ], [ -84.55688514349302, 38.902732780981921 ], [ -84.558675101304416, 38.901646032300441 ], [ -84.560908407088661, 38.902249859167519 ], [ -84.562698241387096, 38.901163061211022 ], [ -84.564931558954925, 38.901766806131661 ], [ -84.565375161205182, 38.903457392997659 ], [ -84.56358531058568, 38.90454426762674 ], [ -84.564028891975326, 38.906234925886153 ], [ -84.562238901491611, 38.907321827915823 ] ] ], [ [ [ -84.577404308409726, 38.925558369869393 ], [ -84.579638898743937, 38.926161980620932 ], [ -84.580083240127919, 38.927853052310226 ], [ -84.578292855770854, 38.928940545987061 ], [ -84.576058146287352, 38.928336891266163 ], [ -84.575613940314014, 38.926645786839842 ], [ -84.577404308409726, 38.925558369869393 ] ] ], [ [ [ -84.564869885976819, 38.933170135076907 ], [ -84.566660781448235, 38.93208276201274 ], [ -84.568895586609941, 38.932686624828818 ], [ -84.569339615447433, 38.934377904706643 ], [ -84.567548703654282, 38.935465354483114 ], [ -84.565313779341551, 38.934861447667338 ], [ -84.564869885976819, 38.933170135076907 ] ] ], [ [ [ -84.560827976724198, 38.941506570179932 ], [ -84.562619292343555, 38.940419115085533 ], [ -84.564854454988549, 38.941023109915442 ], [ -84.565298421191599, 38.942714603852153 ], [ -84.563507089223776, 38.943802135668392 ], [ -84.56127180739756, 38.943198096823977 ], [ -84.560827976724198, 38.941506570179932 ] ] ], [ [ [ -84.572892971314801, 38.947909463511799 ], [ -84.574684212150132, 38.946821728856605 ], [ -84.576919779457469, 38.947425527263576 ], [ -84.577364225173739, 38.949117104312208 ], [ -84.57557296804832, 38.950204915699878 ], [ -84.57333728149284, 38.949601073304272 ], [ -84.572892971314801, 38.947909463511799 ] ] ], [ [ [ -84.559464025873467, 38.952139804923569 ], [ -84.559907908442753, 38.953831584218889 ], [ -84.558116015980119, 38.954919225298873 ], [ -84.555880257328539, 38.954315010346711 ], [ -84.555436510364842, 38.952623198351105 ], [ -84.553200882775045, 38.952018945299635 ], [ -84.552757250469696, 38.950327171944615 ], [ -84.550521753936792, 38.949722880807997 ], [ -84.55007823627254, 38.948031146104306 ], [ -84.551870079545481, 38.946943735217999 ], [ -84.554105456895442, 38.9475479823097 ], [ -84.555897176443438, 38.946460521992044 ], [ -84.555453502245271, 38.944768891309259 ], [ -84.557245081678047, 38.943681458296709 ], [ -84.559480351691519, 38.944285579244223 ], [ -84.559924161450439, 38.945977177231867 ], [ -84.558132565638971, 38.947064686969256 ], [ -84.558576354474809, 38.948756356296684 ], [ -84.560811874693599, 38.949360483185018 ], [ -84.56260348687141, 38.948272896719402 ], [ -84.564839018897729, 38.948876941485494 ], [ -84.565283057963001, 38.950568616734365 ], [ -84.563491429431238, 38.951656279931704 ], [ -84.561255778184318, 38.951052191146381 ], [ -84.559464025873467, 38.952139804923569 ] ] ], [ [ [ -84.599723347448332, 38.955152902418313 ], [ -84.597487221334731, 38.954549503106286 ], [ -84.597042024864038, 38.952857908696714 ], [ -84.598832818992733, 38.9517697464088 ], [ -84.598387601773197, 38.950078223343219 ], [ -84.600178255829405, 38.948990088468953 ], [ -84.60241414326785, 38.949593399921739 ], [ -84.602859495978763, 38.951284890173881 ], [ -84.60106882576369, 38.952373101788744 ], [ -84.601514157744759, 38.954064663386603 ], [ -84.599723347448332, 38.955152902418313 ] ] ], [ [ [ -84.590779128111933, 38.952739064464431 ], [ -84.593015111661245, 38.953342584125927 ], [ -84.593460172609468, 38.955034211336695 ], [ -84.591669114477597, 38.956122351678893 ], [ -84.589433011603987, 38.955518788064921 ], [ -84.588988086190398, 38.953827128063288 ], [ -84.590779128111933, 38.952739064464431 ] ] ], [ [ [ -84.615725079205461, 39.071124171913283 ], [ -84.617519847432575, 39.070033762757873 ], [ -84.619761589897209, 39.070637492210828 ], [ -84.620208684123497, 39.072331674772826 ], [ -84.618413899745718, 39.073422160823959 ], [ -84.616172037288436, 39.072818387415339 ], [ -84.615725079205461, 39.071124171913283 ] ] ], [ [ [ -84.551532366309431, 38.898143737186487 ], [ -84.55332229139924, 38.89705714183939 ], [ -84.555555335661424, 38.897661044574853 ], [ -84.555998573767098, 38.899351586666924 ], [ -84.554208632310335, 38.900438258679493 ], [ -84.551975469111014, 38.899834311932423 ], [ -84.551532366309431, 38.898143737186487 ] ] ], [ [ [ -84.56217544076442, 38.938727659788931 ], [ -84.559940409084916, 38.938123626885869 ], [ -84.559496672112516, 38.936432210239957 ], [ -84.557261771393669, 38.935828139277923 ], [ -84.556818149010752, 38.934136761293487 ], [ -84.558609291845897, 38.933049486960762 ], [ -84.560844073432065, 38.933653513902762 ], [ -84.56128783131193, 38.935344859195482 ], [ -84.563522743839513, 38.935948848083733 ], [ -84.563966616315767, 38.93764023202916 ], [ -84.56217544076442, 38.938727659788931 ] ] ], [ [ [ -84.550503944658558, 38.95757776307935 ], [ -84.552739810682837, 38.95818210422491 ], [ -84.553183515739704, 38.959874058873503 ], [ -84.55139121912039, 38.960961705064847 ], [ -84.549155233863786, 38.960357319864791 ], [ -84.548711664462644, 38.958665332529883 ], [ -84.550503944658558, 38.95757776307935 ] ] ], [ [ [ -84.543777708644484, 38.96362008775953 ], [ -84.546013801242623, 38.964224599194836 ], [ -84.54645732866426, 38.965916729163879 ], [ -84.544664627785792, 38.967004380371982 ], [ -84.542428415944457, 38.966399824861924 ], [ -84.541985024228623, 38.96470766222069 ], [ -84.543777708644484, 38.96362008775953 ] ] ], [ [ [ -84.541927323577525, 38.988279958885293 ], [ -84.539690133484271, 38.987675215132953 ], [ -84.539246638482126, 38.985982547448423 ], [ -84.53700957968212, 38.985377765534018 ], [ -84.536566199462257, 38.98368513646561 ], [ -84.538359742211753, 38.982597321979782 ], [ -84.540596681688939, 38.983202059794969 ], [ -84.541040197735626, 38.984894656193084 ], [ -84.543277268486747, 38.985499355851395 ], [ -84.543720899322651, 38.987191990856971 ], [ -84.541927323577525, 38.988279958885293 ] ] ], [ [ [ -84.545939522431411, 38.99565571526955 ], [ -84.543701950346232, 38.995051003795474 ], [ -84.541908077294337, 38.99613910297488 ], [ -84.539670517149887, 38.995534309206306 ], [ -84.537876520162257, 38.996622358773905 ], [ -84.535638971982209, 38.996017482709647 ], [ -84.535195540165958, 38.994324601188872 ], [ -84.536989520635018, 38.993236628403828 ], [ -84.53922694944275, 38.993841460359171 ], [ -84.541020805997448, 38.992753437962548 ], [ -84.543258246760317, 38.99335818763241 ], [ -84.545051979389086, 38.99227011563589 ], [ -84.544608254770566, 38.990577370751303 ], [ -84.546401846994968, 38.989489325946515 ], [ -84.548639180308555, 38.990093949248539 ], [ -84.549083040774676, 38.991786661436777 ], [ -84.547289432083431, 38.992874783021456 ], [ -84.547733271536018, 38.994567566489941 ], [ -84.545939522431411, 38.99565571526955 ] ] ], [ [ [ -84.535175177037772, 39.002184450895669 ], [ -84.53293739008285, 39.001579486598565 ], [ -84.532494000434028, 38.999886462539479 ], [ -84.530256344868945, 38.999281460054114 ], [ -84.52981307005409, 38.997588474600946 ], [ -84.531607314878471, 38.996500524292337 ], [ -84.533844851070427, 38.997105482653559 ], [ -84.534288261807319, 38.998798435445416 ], [ -84.536525929369759, 38.999403355623613 ], [ -84.538320066809078, 38.998315278893926 ], [ -84.5405577463452, 38.998920116766172 ], [ -84.541001407839872, 39.000613075474739 ], [ -84.539207253885408, 39.001701228993618 ], [ -84.536969454947567, 39.001096347012663 ], [ -84.535175177037772, 39.002184450895669 ] ] ], [ [ [ -84.531415845902288, 38.90055523174636 ], [ -84.533206388172303, 38.899468882946849 ], [ -84.535439373019869, 38.900073195343893 ], [ -84.535881934484749, 38.901763900600855 ], [ -84.534091375741596, 38.90285032606451 ], [ -84.531858272002864, 38.902245969604998 ], [ -84.531415845902288, 38.90055523174636 ] ] ], [ [ [ -84.526485962175443, 38.905505075913695 ], [ -84.526043692483768, 38.903814234080549 ], [ -84.52381061269412, 38.903209713727385 ], [ -84.52201968371719, 38.904295991121664 ], [ -84.519786615937349, 38.90369138881983 ], [ -84.519344596001801, 38.902000553218841 ], [ -84.521135508441859, 38.900914352487881 ], [ -84.523368457358174, 38.90151891069673 ], [ -84.525159246419747, 38.90043266059795 ], [ -84.527392207336689, 38.901037136868268 ], [ -84.527834498060983, 38.902727907318138 ], [ -84.530067589836932, 38.903332345723861 ], [ -84.530509994923833, 38.905023154967523 ], [ -84.528719172843338, 38.906109558397034 ], [ -84.526485962175443, 38.905505075913695 ] ] ], [ [ [ -84.521997182074188, 38.912146117758688 ], [ -84.52243938861595, 38.913837173718832 ], [ -84.524672956019671, 38.914441788464863 ], [ -84.525115276965138, 38.91613288321075 ], [ -84.527348975309621, 38.916737460057192 ], [ -84.527791410676002, 38.918428593578149 ], [ -84.526000012223818, 38.919515182845807 ], [ -84.526442426543468, 38.921206387730891 ], [ -84.528676374803965, 38.921810970750663 ], [ -84.529118903572012, 38.923502214398106 ], [ -84.531352982802275, 38.924106759484765 ], [ -84.531795626035915, 38.925798041883859 ], [ -84.530004054532398, 38.92688481180496 ], [ -84.530446676731216, 38.928576165560315 ], [ -84.528654965174269, 38.929662962749028 ], [ -84.5264206479347, 38.929058329483688 ], [ -84.524628812834592, 38.930145077231465 ], [ -84.522394507602812, 38.92954036192063 ], [ -84.521952156475407, 38.927848942966108 ], [ -84.523743975034222, 38.926762271914704 ], [ -84.523301602834067, 38.925070924312848 ], [ -84.525093281338656, 38.923984280513942 ], [ -84.524650888074419, 38.922293004268575 ], [ -84.52241695181759, 38.921688339232603 ], [ -84.520625289857662, 38.922774906341864 ], [ -84.521067547606066, 38.924466215174697 ], [ -84.519275745600837, 38.925552809533215 ], [ -84.517041702409358, 38.924948018367402 ], [ -84.516599580188824, 38.923256676957607 ], [ -84.514365668010129, 38.922651847885547 ], [ -84.512573759103034, 38.923738316102877 ], [ -84.513015745783648, 38.925429690079291 ], [ -84.515249776915041, 38.92603456327388 ], [ -84.515691878033579, 38.927725976036648 ], [ -84.51389981246561, 38.928812548171685 ], [ -84.511665662371456, 38.928207630849514 ], [ -84.509873473316233, 38.929294153508792 ], [ -84.510315417746241, 38.930985670183695 ], [ -84.508523088588916, 38.932072220050834 ], [ -84.508965011880562, 38.933763808069273 ], [ -84.507172542602461, 38.934850385135434 ], [ -84.504938166664246, 38.934245297482683 ], [ -84.504496378981457, 38.9325536769135 ], [ -84.502262134142455, 38.93194855135684 ], [ -84.501820460904284, 38.930256969587326 ], [ -84.503612896899341, 38.929170545914531 ], [ -84.503171202493562, 38.927479035488787 ], [ -84.504963498385777, 38.926392639008675 ], [ -84.507197505326275, 38.926997676264563 ], [ -84.508989677764049, 38.925911230297331 ], [ -84.508547826635407, 38.924219823764851 ], [ -84.510339858998748, 38.923133405010994 ], [ -84.509897986738864, 38.921442069831684 ], [ -84.507664217656838, 38.920837120856639 ], [ -84.507222459800445, 38.919145824485042 ], [ -84.509014335496204, 38.91805950963559 ], [ -84.508572556507019, 38.916368284622955 ], [ -84.506339037337341, 38.915763341917142 ], [ -84.505897372724178, 38.914072155724938 ], [ -84.507689091776655, 38.912985944778782 ], [ -84.509922492061264, 38.913590843351422 ], [ -84.510364292174629, 38.915281997001294 ], [ -84.512597823438156, 38.915886857715314 ], [ -84.513039737934477, 38.917578050176928 ], [ -84.511247985663985, 38.918664414477625 ], [ -84.511689879046443, 38.920355678299991 ], [ -84.513923660217216, 38.92096054526413 ], [ -84.51571542907827, 38.919874104280957 ], [ -84.515273400181769, 38.918182873018253 ], [ -84.517065029015455, 38.917096459278014 ], [ -84.516622979024035, 38.915405299377831 ], [ -84.518414467849013, 38.91431891288925 ], [ -84.517972396771384, 38.912627824355404 ], [ -84.515738972341055, 38.912023089744778 ], [ -84.513947500088719, 38.913109399557293 ], [ -84.511714087719454, 38.912504582966278 ], [ -84.511272266490622, 38.910813500682977 ], [ -84.513063722158023, 38.909727267543111 ], [ -84.515297015643014, 38.910332040016051 ], [ -84.517088347914296, 38.909245757460816 ], [ -84.516646370128399, 38.907554779104231 ], [ -84.518437562437285, 38.906468523814979 ], [ -84.520670749090613, 38.907073170214773 ], [ -84.521112862314752, 38.908764116004598 ], [ -84.523346179879866, 38.909368724538297 ], [ -84.523788407480225, 38.911059709126604 ], [ -84.521997182074188, 38.912146117758688 ] ] ], [ [ [ -84.525934437674678, 38.943073034696276 ], [ -84.527726726175786, 38.941986051811817 ], [ -84.529961662650976, 38.942590741421682 ], [ -84.530404429709478, 38.944282458015124 ], [ -84.528612124677181, 38.945369517615823 ], [ -84.526377069113749, 38.944764783904738 ], [ -84.525934437674678, 38.943073034696276 ] ] ], [ [ [ -84.532556397482125, 38.976310174493236 ], [ -84.534349766845693, 38.975222540720686 ], [ -84.536586324515525, 38.97582731070225 ], [ -84.537029632092128, 38.977519758559005 ], [ -84.535236246208768, 38.978607469090946 ], [ -84.53299956926476, 38.978002655004644 ], [ -84.532556397482125, 38.976310174493236 ] ] ], [ [ [ -84.516365165793715, 39.001817570528189 ], [ -84.51815992278695, 39.000729742093846 ], [ -84.520397542217836, 39.001334991508187 ], [ -84.520840524007056, 39.003028113514453 ], [ -84.519045750391797, 39.004116018736603 ], [ -84.516808011605534, 39.003510725162556 ], [ -84.516365165793715, 39.001817570528189 ] ] ], [ [ [ -84.519488711027094, 39.005809212000912 ], [ -84.521726581265824, 39.006414467408398 ], [ -84.522169656741838, 39.008107699291934 ], [ -84.520374725979593, 39.009195708405038 ], [ -84.518136736356098, 39.008590408838039 ], [ -84.517693796883464, 39.006897144319559 ], [ -84.519488711027094, 39.005809212000912 ] ] ], [ [ [ -84.519022708984835, 39.011977047744665 ], [ -84.519465742147489, 39.013670422128619 ], [ -84.517670530254094, 39.014758485414625 ], [ -84.515432301830856, 39.014153097513699 ], [ -84.513636965989363, 39.015241111068853 ], [ -84.511398749680964, 39.014635640806006 ], [ -84.510955988613503, 39.012942201169764 ], [ -84.512751307796975, 39.011854264415184 ], [ -84.514989404709752, 39.012459690498353 ], [ -84.516784599966499, 39.011371704013222 ], [ -84.519022708984835, 39.011977047744665 ] ] ], [ [ [ -84.529706721509172, 39.036898242720554 ], [ -84.531502454961952, 39.035809637306308 ], [ -84.533741843206911, 39.036414845813795 ], [ -84.534185617565882, 39.038108703881186 ], [ -84.532389867536224, 39.039197386130049 ], [ -84.530150359720636, 39.038592133474836 ], [ -84.529706721509172, 39.036898242720554 ] ] ], [ [ [ -84.484303666212142, 38.950667317602772 ], [ -84.48609733048022, 38.949580803027963 ], [ -84.488332264821096, 38.950186357835491 ], [ -84.488773653895734, 38.951878471423811 ], [ -84.486979972874465, 38.952965062715279 ], [ -84.484744919527913, 38.952359463699679 ], [ -84.484303666212142, 38.950667317602772 ] ] ], [ [ [ -84.473509287627166, 38.965042482556278 ], [ -84.471273782778809, 38.964436542322758 ], [ -84.470832886322057, 38.962744046038758 ], [ -84.472627358850929, 38.961657522466552 ], [ -84.47218644105476, 38.959965097477124 ], [ -84.473980773236136, 38.958878600952929 ], [ -84.476216040040313, 38.959484452694674 ], [ -84.476657093676408, 38.961176845201841 ], [ -84.474862744672194, 38.962263418451641 ], [ -84.475303776987872, 38.96395588225527 ], [ -84.473509287627166, 38.965042482556278 ] ] ], [ [ [ -84.464126909590917, 38.960925991549537 ], [ -84.465921488767293, 38.959839594391596 ], [ -84.468156730893213, 38.960445610433055 ], [ -84.46859751283742, 38.962138067894166 ], [ -84.466802916795558, 38.963224541777144 ], [ -84.464567555671167, 38.962618481471864 ], [ -84.464126909590917, 38.960925991549537 ] ] ], [ [ [ -84.45909112306083, 38.965933421276134 ], [ -84.459183133162284, 38.965877731318415 ], [ -84.461418600901894, 38.966483918064483 ], [ -84.461561769676024, 38.967033927758663 ], [ -84.45909112306083, 38.965933421276134 ] ] ], [ [ [ -84.486923322379283, 38.968677283190203 ], [ -84.4887175981779, 38.967590430075894 ], [ -84.490953402578171, 38.968196047889066 ], [ -84.491395050279536, 38.969888563026778 ], [ -84.489600757728738, 38.970975492880839 ], [ -84.487364834224891, 38.970369830855311 ], [ -84.486923322379283, 38.968677283190203 ] ] ], [ [ [ -84.49092573039978, 38.97605336220483 ], [ -84.492720180082316, 38.974966328528353 ], [ -84.494956366300528, 38.975571914568128 ], [ -84.49539822198453, 38.977264578489333 ], [ -84.493603755565374, 38.978351688915737 ], [ -84.491367450195, 38.977746058668984 ], [ -84.49092573039978, 38.97605336220483 ] ] ], [ [ [ -84.491339840976309, 38.985604410421857 ], [ -84.490898049063674, 38.983911532665452 ], [ -84.48866150535892, 38.983305813989794 ], [ -84.488219828107248, 38.981612974968584 ], [ -84.490014558629696, 38.98052588716034 ], [ -84.492250983162251, 38.981131561619073 ], [ -84.492692796340719, 38.982824368100864 ], [ -84.494929352276486, 38.983430004535016 ], [ -84.495371280122896, 38.985122849743369 ], [ -84.493576516103559, 38.986210091067697 ], [ -84.491339840976309, 38.985604410421857 ] ] ], [ [ [ -84.472063291234832, 38.991396424931182 ], [ -84.472504496581578, 38.993089575298065 ], [ -84.470708833056079, 38.994176621974752 ], [ -84.468471981047145, 38.993570441517797 ], [ -84.468030911732512, 38.99187725865896 ], [ -84.465794191256606, 38.991271040206712 ], [ -84.465353236588584, 38.989577896122448 ], [ -84.467148866367523, 38.988491002971585 ], [ -84.466707890310673, 38.986797930147212 ], [ -84.46850337957413, 38.985711063980105 ], [ -84.470739861768678, 38.986317193881554 ], [ -84.471180973831622, 38.988010234220866 ], [ -84.469385467697734, 38.989097177145929 ], [ -84.469826558390878, 38.990790288746901 ], [ -84.472063291234832, 38.991396424931182 ] ] ], [ [ [ -84.489517037145035, 38.994550940604533 ], [ -84.49131222261893, 38.993463618129582 ], [ -84.493549267625383, 38.994069349159439 ], [ -84.493991246395083, 38.995762446883624 ], [ -84.492196044164245, 38.996849846131362 ], [ -84.489958879916855, 38.996244070880046 ], [ -84.489517037145035, 38.994550940604533 ] ] ], [ [ [ -84.467999430909458, 38.999737310760679 ], [ -84.469795375558292, 38.998650210130194 ], [ -84.47203247829961, 38.999256396850129 ], [ -84.472473755592603, 39.000949728475945 ], [ -84.47067779407088, 39.002036905880928 ], [ -84.468440572125218, 39.001430674883515 ], [ -84.467999430909458, 38.999737310760679 ] ] ], [ [ [ -84.48142298059183, 39.003374082532666 ], [ -84.479185602401117, 39.002768054198832 ], [ -84.478744074327167, 39.001074716348839 ], [ -84.480539788380014, 38.999987439357312 ], [ -84.482777047328383, 39.000593423439327 ], [ -84.484572637629313, 38.999506096672107 ], [ -84.486809908864544, 39.000111998451409 ], [ -84.487251709046618, 39.001805271237451 ], [ -84.485456101949282, 39.002892674783503 ], [ -84.483218711462413, 39.002286728762584 ], [ -84.48142298059183, 39.003374082532666 ] ] ], [ [ [ -84.485897880823387, 39.004586018819083 ], [ -84.488135402853686, 39.005191926764702 ], [ -84.488577296485175, 39.00688530950179 ], [ -84.486781532016082, 39.00797281683942 ], [ -84.484543890704757, 39.007366864652369 ], [ -84.484102133147374, 39.005673449371166 ], [ -84.485897880823387, 39.004586018819083 ] ] ], [ [ [ -84.510046029762506, 39.017417115495682 ], [ -84.512284365476575, 39.018022629943196 ], [ -84.512727220211261, 39.01971617944001 ], [ -84.510931603143902, 39.020804247108693 ], [ -84.508693148014103, 39.020198688471517 ], [ -84.508250429371216, 39.018505106357416 ], [ -84.510046029762506, 39.017417115495682 ] ] ], [ [ [ -84.493855229849558, 39.035072476677023 ], [ -84.492058537408653, 39.03616052995941 ], [ -84.492500856119065, 39.037854604595964 ], [ -84.490704022913647, 39.038942684841572 ], [ -84.49114632030799, 39.040636830684512 ], [ -84.489349346319273, 39.041724937884489 ], [ -84.487110091735914, 39.04111882241105 ], [ -84.486667930603303, 39.039424643995034 ], [ -84.485740106444538, 39.039173478825091 ], [ -84.486946572090858, 39.037268500039993 ], [ -84.487366036257185, 39.036464748288203 ], [ -84.488805822096865, 39.033705768272021 ], [ -84.48934657245033, 39.032669499053071 ], [ -84.489636939214321, 39.030782168244151 ], [ -84.490731768480998, 39.031078525737222 ], [ -84.492528303399823, 39.029990576245645 ], [ -84.494767080210764, 39.030596514728131 ], [ -84.496563491179117, 39.029508515398696 ], [ -84.498802280222648, 39.030114371464485 ], [ -84.499244777731263, 39.031808271087598 ], [ -84.497448350007915, 39.032896347236154 ], [ -84.49789082623704, 39.03459031807521 ], [ -84.496094257777784, 39.035678421207827 ], [ -84.493855229849558, 39.035072476677023 ] ] ], [ [ [ -84.488469095756841, 39.046210328725671 ], [ -84.490676268152185, 39.046807698840254 ], [ -84.491019655049882, 39.048122917348707 ], [ -84.488469095756841, 39.046210328725671 ] ] ] ] } },
{ "type": "Feature", "properties": { "hex_id": "892a93772b7ffff", "median_val": 120156.10767623154, "category": 4, "bin": 6 }, "geometry": { "type": "MultiPolygon", "coordinates": [ [ [ [ -84.602841184558514, 38.966995101956989 ], [ -84.602395685181904, 38.96530324932467 ], [ -84.600159058377983, 38.964699838613171 ], [ -84.599713673828418, 38.963008024485504 ], [ -84.601504780516876, 38.961919653892778 ], [ -84.603741287919448, 38.96252302067272 ], [ -84.604186808031059, 38.964214801974869 ], [ -84.606423446409025, 38.964818130499012 ], [ -84.606869081354546, 38.966509950297116 ], [ -84.60507794235707, 38.96759847440741 ], [ -84.602841184558514, 38.966995101956989 ] ] ], [ [ [ -84.601486016753512, 38.977632203540487 ], [ -84.599694316986557, 38.978720837198928 ], [ -84.597457081404542, 38.978117288993893 ], [ -84.595665257591207, 38.979205873240922 ], [ -84.593428033629067, 38.978602242797514 ], [ -84.59298275293601, 38.976910072065508 ], [ -84.594774560544067, 38.975821564591577 ], [ -84.594329259062391, 38.974129465172823 ], [ -84.596120926449061, 38.973040985057629 ], [ -84.598357911517596, 38.973644527593351 ], [ -84.600149454889035, 38.97255599807891 ], [ -84.599703997008362, 38.970864002797498 ], [ -84.601495400186963, 38.969775500662571 ], [ -84.603732277416228, 38.970378917044165 ], [ -84.60417787090384, 38.972070879494829 ], [ -84.602386451559113, 38.973159458396715 ], [ -84.602832024304817, 38.974851492167979 ], [ -84.601040464758356, 38.975940098452483 ], [ -84.601486016753512, 38.977632203540487 ] ] ], [ [ [ -84.610873375510621, 38.989595913561416 ], [ -84.609081470857319, 38.990684881725379 ], [ -84.609527441082435, 38.992377283262663 ], [ -84.611765451663018, 38.99298068376914 ], [ -84.61336655329751, 38.992007612575854 ], [ -84.613744308450961, 38.995086336652363 ], [ -84.614039210666419, 38.997489618653482 ], [ -84.61405060671548, 38.997582486564404 ], [ -84.614147249152666, 38.999911664233466 ], [ -84.613549981057375, 38.999750663066344 ], [ -84.611757763513452, 39.000839839563461 ], [ -84.609519382608767, 39.000236389575626 ], [ -84.60772704086078, 39.001325516624057 ], [ -84.605488671516667, 39.000721984313607 ], [ -84.603696205576199, 39.001811061901449 ], [ -84.601457847816349, 39.001207447267014 ], [ -84.59966525769488, 39.002296475382671 ], [ -84.597426911542925, 39.001692778422978 ], [ -84.59563419725194, 39.002781757054599 ], [ -84.59339586273164, 39.002177977768419 ], [ -84.591603024282676, 39.003266906904265 ], [ -84.589364701417665, 39.002663045290227 ], [ -84.588919336566676, 39.000970298523015 ], [ -84.586681144932626, 39.00036639857062 ], [ -84.586235895050422, 38.998673690272689 ], [ -84.583997834642517, 38.998069751996177 ], [ -84.583552699711817, 38.996377082178242 ], [ -84.581314770525182, 38.995773105591795 ], [ -84.579521856759769, 38.996861754824153 ], [ -84.577283939295555, 38.996257695935427 ], [ -84.575490901459276, 38.99734629564923 ], [ -84.575935764772893, 38.999039031044632 ], [ -84.574142586545491, 39.000127658022905 ], [ -84.571904561332403, 38.999523472808939 ], [ -84.570111259035826, 39.000612050244982 ], [ -84.567873245601717, 39.00000778271599 ], [ -84.567428653953726, 38.998314981785036 ], [ -84.56519077179874, 38.997710675981935 ], [ -84.56474629505739, 38.99601791357653 ], [ -84.566539564635193, 38.994929489726012 ], [ -84.568777327323758, 38.995533751491962 ], [ -84.570570472875133, 38.994445278099718 ], [ -84.570125839385128, 38.992752619731476 ], [ -84.571918844563271, 38.9916641735973 ], [ -84.57415649957052, 38.992268309045414 ], [ -84.574601268861315, 38.993960934647539 ], [ -84.576839055094652, 38.994565031823029 ], [ -84.578631952558538, 38.993476459382521 ], [ -84.578187047479048, 38.991783866556922 ], [ -84.579979804589357, 38.990695321398455 ], [ -84.579534878639947, 38.989002799863535 ], [ -84.577297331346031, 38.98839879070664 ], [ -84.576852520285968, 38.986706307686021 ], [ -84.578645120765373, 38.985617866600364 ], [ -84.580882548604748, 38.986221831755444 ], [ -84.582675025064134, 38.985133341187442 ], [ -84.582230057400878, 38.983440962245268 ], [ -84.584022393562961, 38.982352498985691 ], [ -84.586259713657896, 38.982956337891437 ], [ -84.588051925798268, 38.981867825173268 ], [ -84.59028925756958, 38.982471581827838 ], [ -84.590734496659579, 38.984163895174895 ], [ -84.588942268274778, 38.985252484672323 ], [ -84.589387486550237, 38.986944869321164 ], [ -84.591625068928479, 38.987548631663294 ], [ -84.593417313545288, 38.986459965383204 ], [ -84.592971959555669, 38.984767613545785 ], [ -84.594764063885918, 38.983678974601332 ], [ -84.597001538420272, 38.984282610713372 ], [ -84.598793518684445, 38.983193922333513 ], [ -84.60103100483343, 38.983797476188009 ], [ -84.601476630214947, 38.98548976237106 ], [ -84.603714247464595, 38.986093277909866 ], [ -84.605506119819196, 38.985004463323008 ], [ -84.605060358759985, 38.983312209982834 ], [ -84.606852090857529, 38.982223422767426 ], [ -84.609089600164808, 38.982826812110744 ], [ -84.609535496889549, 38.984519032597625 ], [ -84.607743748645333, 38.985607896596598 ], [ -84.608189624642037, 38.98730018839025 ], [ -84.610427384559202, 38.987903583325036 ], [ -84.610873375510621, 38.989595913561416 ] ], [ [ -84.592961162603146, 38.992626010850252 ], [ -84.594753563753798, 38.991537240454051 ], [ -84.594308115641098, 38.989844778839377 ], [ -84.592070402113933, 38.989241054800402 ], [ -84.590278017191778, 38.990329748407312 ], [ -84.590723329564412, 38.99202224284037 ], [ -84.592961162603146, 38.992626010850252 ] ] ], [ [ [ -84.617546811699057, 39.038572344870268 ], [ -84.619049340572516, 39.038977136582631 ], [ -84.61935634603941, 39.04140261097708 ], [ -84.618440273511382, 39.041959297054341 ], [ -84.616199896223748, 39.041355720889932 ], [ -84.61575323330095, 39.039662228339303 ], [ -84.61351298737965, 39.03905861364489 ], [ -84.611719284560323, 39.040148447555801 ], [ -84.609479050195219, 39.039544750392963 ], [ -84.609032638458515, 39.037851263273964 ], [ -84.60679253546941, 39.037247527604301 ], [ -84.606346238926321, 39.035554078836455 ], [ -84.6081399094071, 39.034464398627584 ], [ -84.607693592085866, 39.032771021104374 ], [ -84.60948712202169, 39.031681368183953 ], [ -84.611726985449195, 39.032285015942769 ], [ -84.61217343871273, 39.033978360572817 ], [ -84.614413433477523, 39.034581969835301 ], [ -84.614860001931135, 39.036275352809895 ], [ -84.617100128038075, 39.036878923561893 ], [ -84.617546811699057, 39.038572344870268 ] ] ], [ [ [ -84.603660085941627, 39.03325689426832 ], [ -84.604106267308396, 39.034950304674169 ], [ -84.602312472460753, 39.036039935313639 ], [ -84.602758633030234, 39.037733416962389 ], [ -84.600964697608944, 39.038823074869462 ], [ -84.598724617832573, 39.038219174276961 ], [ -84.596930558046068, 39.039308782590872 ], [ -84.594690489911684, 39.038704799534955 ], [ -84.594244601325883, 39.037011252155921 ], [ -84.592004664606222, 39.036407230634254 ], [ -84.590210496727181, 39.037496712494821 ], [ -84.590656249302782, 39.039190292723347 ], [ -84.588861940820465, 39.040279801815615 ], [ -84.589307672532897, 39.041973453277798 ], [ -84.59154784876074, 39.042577562802208 ], [ -84.59199369564962, 39.044271252648421 ], [ -84.59019923026618, 39.045360865818189 ], [ -84.587958934269011, 39.044756712284915 ], [ -84.587513223428488, 39.043062989592805 ], [ -84.58527305889929, 39.042458797592175 ], [ -84.584827463228322, 39.040765113292771 ], [ -84.586621896041223, 39.039675653829079 ], [ -84.586176279487958, 39.037982040761605 ], [ -84.58797057168772, 39.036892608517498 ], [ -84.587524934260841, 39.035199066685799 ], [ -84.589319085866308, 39.034109661670115 ], [ -84.591558891176092, 39.0347137216433 ], [ -84.593352918470686, 39.033624267023129 ], [ -84.59559273545149, 39.034228244550832 ], [ -84.597386638423686, 39.033138740337961 ], [ -84.599626467051749, 39.033742635421504 ], [ -84.601420245690022, 39.032653081627672 ], [ -84.603660085941627, 39.03325689426832 ] ] ], [ [ [ -84.602293947042611, 39.051768605575241 ], [ -84.600053244971861, 39.051164650041443 ], [ -84.599607052449699, 39.049470845108075 ], [ -84.597366481846947, 39.048866851055237 ], [ -84.596920404553202, 39.047173084473499 ], [ -84.598714761808381, 39.046083344816338 ], [ -84.600955212593902, 39.046687294881103 ], [ -84.601401425937581, 39.048381028589041 ], [ -84.603642008171704, 39.04898494014008 ], [ -84.604088336750692, 39.050678712190916 ], [ -84.606329050438262, 39.051282585214018 ], [ -84.606775494269897, 39.052976395596893 ], [ -84.604981088354066, 39.054066365849984 ], [ -84.602740254810485, 39.053462448849366 ], [ -84.602293947042611, 39.051768605575241 ] ] ], [ [ [ -84.609016339415774, 39.053580230077827 ], [ -84.610810620860917, 39.052490210206621 ], [ -84.613051477585316, 39.05309396216915 ], [ -84.614845634548274, 39.052003892691523 ], [ -84.617086502827462, 39.052607562137027 ], [ -84.617533334033638, 39.054301345009783 ], [ -84.615739160918295, 39.055391491360055 ], [ -84.613498172745295, 39.054787777962844 ], [ -84.611703875126338, 39.055877874706496 ], [ -84.609462898517336, 39.05527407878197 ], [ -84.609016339415774, 39.053580230077827 ] ] ], [ [ [ -84.617526591850606, 39.062167126761366 ], [ -84.617079686835297, 39.060473163158242 ], [ -84.618874016764423, 39.059382912659437 ], [ -84.618427090998836, 39.057689020273095 ], [ -84.620221280254071, 39.056598797046732 ], [ -84.619774333746875, 39.054904975880987 ], [ -84.620947009316012, 39.054192378791619 ], [ -84.621297773223134, 39.056888729929113 ], [ -84.621657896328358, 39.059656811612555 ], [ -84.621115267849092, 39.059986548883217 ], [ -84.621562308943467, 39.061680479549764 ], [ -84.619767962877987, 39.062770806931198 ], [ -84.617526591850606, 39.062167126761366 ] ] ], [ [ [ -84.60944673613065, 39.0710068247515 ], [ -84.607651718742787, 39.072097134584801 ], [ -84.607954579589062, 39.073245896334626 ], [ -84.607932610714485, 39.073245501231376 ], [ -84.607371925156443, 39.073324227032138 ], [ -84.606985386643217, 39.073378500864486 ], [ -84.605246862516836, 39.073622606855636 ], [ -84.603937218653186, 39.073806496158014 ], [ -84.603540311655721, 39.073862223483992 ], [ -84.601686608931118, 39.074122501690127 ], [ -84.600321512602306, 39.074707311686829 ], [ -84.600125651036535, 39.074791222290358 ], [ -84.600024319797399, 39.074763915348299 ], [ -84.599628883762165, 39.075004043943231 ], [ -84.59787017118424, 39.075757472554379 ], [ -84.595987108063639, 39.075249966606776 ], [ -84.594191576213547, 39.076340154548596 ], [ -84.591949783456144, 39.075735885549172 ], [ -84.590154127067805, 39.076826023764859 ], [ -84.590582822194619, 39.078454324778008 ], [ -84.587070033490761, 39.079143095356365 ], [ -84.586562548924036, 39.079006277615377 ], [ -84.58611656509531, 39.07731176064015 ], [ -84.583874795761531, 39.07670732643345 ], [ -84.583428927265444, 39.075012847788933 ], [ -84.58522469185813, 39.073922836205099 ], [ -84.58477880244314, 39.072228428749426 ], [ -84.58657442621724, 39.071138444318485 ], [ -84.588815955723589, 39.071742790454621 ], [ -84.590611455002346, 39.070652756297996 ], [ -84.592852996213921, 39.071257019850371 ], [ -84.594648370985752, 39.070166935979834 ], [ -84.594202188267005, 39.068472665446748 ], [ -84.595997422258932, 39.067382608762045 ], [ -84.598238855234925, 39.067986745724617 ], [ -84.600033964718264, 39.066896639349849 ], [ -84.602275409342681, 39.067500693741479 ], [ -84.604070394305879, 39.066410537688441 ], [ -84.606311850554931, 39.067014509510457 ], [ -84.608106710986448, 39.065924303790901 ], [ -84.610348178836333, 39.066528193044554 ], [ -84.610794906195551, 39.068222331992231 ], [ -84.613036505576403, 39.068826182645125 ], [ -84.613483348288796, 39.070520359875403 ], [ -84.611688455475544, 39.071610719375656 ], [ -84.60944673613065, 39.0710068247515 ] ] ], [ [ [ -84.590645056293582, 39.047054626892169 ], [ -84.592885483763553, 39.047658741943877 ], [ -84.593331424995142, 39.049352541388942 ], [ -84.591536802686278, 39.050442258637247 ], [ -84.58929625541748, 39.04983809957703 ], [ -84.588850450260253, 39.048144267279085 ], [ -84.590645056293582, 39.047054626892169 ] ] ], [ [ [ -84.570671889455326, 38.939451964324498 ], [ -84.57290707563665, 38.940055794972302 ], [ -84.573351312862798, 38.941747223462976 ], [ -84.571560228405943, 38.9428348540361 ], [ -84.569324923025064, 38.942230979394132 ], [ -84.568880821304404, 38.940539518175271 ], [ -84.570671889455326, 38.939451964324498 ] ] ], [ [ [ -84.557077880517781, 39.022261740814606 ], [ -84.556633456585288, 39.020568369786069 ], [ -84.554394618335778, 39.019963711506506 ], [ -84.552600084465368, 39.021052380175711 ], [ -84.553044372394325, 39.022745783942121 ], [ -84.551249697952997, 39.023834479769363 ], [ -84.551693964859297, 39.025527954778887 ], [ -84.553933042233396, 39.026132701227269 ], [ -84.555727733130013, 39.025043928577077 ], [ -84.557966822389915, 39.025648592617152 ], [ -84.558411340336079, 39.027342073386912 ], [ -84.556616632996665, 39.028430922863556 ], [ -84.557061129940934, 39.030124474872359 ], [ -84.555266281993852, 39.031213351504519 ], [ -84.555710757927514, 39.032906974748514 ], [ -84.557950217867656, 39.03351168861073 ], [ -84.558394808856633, 39.035205350336128 ], [ -84.556599803834715, 39.036294330951286 ], [ -84.557044373814762, 39.037988063905964 ], [ -84.559284084902146, 39.038592783488895 ], [ -84.559728769965204, 39.040286554912107 ], [ -84.557933607844078, 39.04137563951133 ], [ -84.555693777100942, 39.040770875842313 ], [ -84.553898490751607, 39.041859910730885 ], [ -84.554343018687675, 39.043553786132492 ], [ -84.556582969096638, 39.044158593892554 ], [ -84.557027612136466, 39.045852507758589 ], [ -84.559267694110076, 39.04645727712829 ], [ -84.559712452271015, 39.048151229447988 ], [ -84.56195266581409, 39.048755960413111 ], [ -84.562397539113476, 39.050449951175693 ], [ -84.560602062720847, 39.051539243745907 ], [ -84.558361729463044, 39.050934468695282 ], [ -84.557916992316393, 39.049240445162013 ], [ -84.555676790647468, 39.048635631701565 ], [ -84.555232168632344, 39.046941646619899 ], [ -84.552992098547392, 39.046336794763825 ], [ -84.552547591646416, 39.044642848144505 ], [ -84.550307653140592, 39.044037957907079 ], [ -84.549863261336455, 39.042344049760914 ], [ -84.551658671902373, 39.041255064594701 ], [ -84.551214259052799, 39.039561227668337 ], [ -84.548974571758379, 39.038956343170234 ], [ -84.548530273977931, 39.037262544729835 ], [ -84.550325527382128, 39.036173663523073 ], [ -84.549881208554567, 39.034479936308344 ], [ -84.55167632130366, 39.033391082227503 ], [ -84.551231981437681, 39.031697426242317 ], [ -84.553026953550457, 39.03060859929618 ], [ -84.552582592654801, 39.028915014544395 ], [ -84.550343395703237, 39.028310224004152 ], [ -84.549899149828278, 39.026616677755307 ], [ -84.547660084363713, 39.026011848897355 ], [ -84.547215953492127, 39.02431834116225 ], [ -84.544977019509645, 39.023713474000843 ], [ -84.543182096853783, 39.024802070469306 ], [ -84.540943174819049, 39.024197120906067 ], [ -84.540499294973472, 39.022503618989028 ], [ -84.542294201118878, 39.021415099339571 ], [ -84.541850300202157, 39.019721668664175 ], [ -84.539611629169173, 39.019116724938499 ], [ -84.539167843203913, 39.01742333280913 ], [ -84.540962592253862, 39.016334917102782 ], [ -84.540518785215795, 39.014641596220926 ], [ -84.538280365130916, 39.014036658352545 ], [ -84.537836673016699, 39.012343376029534 ], [ -84.539631264995563, 39.011255064265313 ], [ -84.541869565609829, 39.011859958020572 ], [ -84.543664033571019, 39.01077159659593 ], [ -84.543220184413471, 39.009078418220625 ], [ -84.540982003259742, 39.008473568573542 ], [ -84.54053826900531, 39.006780428761203 ], [ -84.542332579950966, 39.005692171289958 ], [ -84.541888824639528, 39.003999102738689 ], [ -84.543682995096745, 39.002910872427137 ], [ -84.545920937359639, 39.003515633872823 ], [ -84.546364828601853, 39.005208669726144 ], [ -84.544570641654261, 39.006296976833859 ], [ -84.545014511858483, 39.007990083950062 ], [ -84.547252704951802, 39.008594851254102 ], [ -84.547696690066076, 39.010287996924568 ], [ -84.545902346134142, 39.011376407997915 ], [ -84.546346310212087, 39.013069624925343 ], [ -84.548584754189463, 39.013674398068048 ], [ -84.549028833205114, 39.015367653536892 ], [ -84.55126740860166, 39.015972388406119 ], [ -84.553061785470248, 39.014883823716872 ], [ -84.555300372763043, 39.015488476216134 ], [ -84.555744702711181, 39.017181737484698 ], [ -84.557983421413567, 39.017786351687285 ], [ -84.558427866340907, 39.019479651467087 ], [ -84.560666716457746, 39.020084227358744 ], [ -84.561111276381581, 39.021777565639006 ], [ -84.5593168502011, 39.022866360777989 ], [ -84.557077880517781, 39.022261740814606 ] ] ], [ [ [ -84.569103952324525, 39.060129816729471 ], [ -84.567308285927922, 39.061219367022694 ], [ -84.567753462792425, 39.062913615455813 ], [ -84.56999444225697, 39.063518280794064 ], [ -84.570439734350032, 39.065212567622766 ], [ -84.568643910763711, 39.066302221917276 ], [ -84.569089181877075, 39.067996579941429 ], [ -84.571330412806248, 39.068601250862471 ], [ -84.57177579917591, 39.070295647269319 ], [ -84.574017161762058, 39.070900279684537 ], [ -84.574462663405384, 39.072594714463257 ], [ -84.576704157653353, 39.073199308358433 ], [ -84.577149774587724, 39.074893781498233 ], [ -84.579391400502388, 39.075498336859056 ], [ -84.579837132745112, 39.077192848349171 ], [ -84.578041102811468, 39.078282837315562 ], [ -84.575799356996498, 39.077678237896464 ], [ -84.574003202570921, 39.078768177089529 ], [ -84.571761468551031, 39.078163495062277 ], [ -84.571316008851639, 39.076468917912628 ], [ -84.569074406532422, 39.075864197354733 ], [ -84.568629062127528, 39.07416965857275 ], [ -84.566387591504096, 39.073564899498514 ], [ -84.565942362376333, 39.071870399095083 ], [ -84.567738467604272, 39.070780690570892 ], [ -84.56729321747936, 39.069086261355181 ], [ -84.565051998379602, 39.068481507863133 ], [ -84.564606863504082, 39.066787117038821 ], [ -84.566402811486626, 39.065697512504599 ], [ -84.565957655612237, 39.064003192873969 ], [ -84.56371668798235, 39.063398444983946 ], [ -84.563271647329614, 39.061704163757561 ], [ -84.561030811342022, 39.061099377404474 ], [ -84.559234896227196, 39.062188828189939 ], [ -84.556994072112587, 39.061583959292818 ], [ -84.555198032656023, 39.062673360306761 ], [ -84.552957220438159, 39.062068408864334 ], [ -84.552512567435897, 39.060374100515482 ], [ -84.554308590418458, 39.059284776370504 ], [ -84.553863916367021, 39.057590539219767 ], [ -84.555659798564349, 39.056501242169226 ], [ -84.557900371281946, 39.057106105405794 ], [ -84.559696129168827, 39.056016758596044 ], [ -84.559251297885979, 39.054322625414365 ], [ -84.561046915016306, 39.053233305719942 ], [ -84.563287379867901, 39.05383804234652 ], [ -84.56373234732952, 39.055532142750586 ], [ -84.565972943779741, 39.056136840938784 ], [ -84.566418026424842, 39.057830979762088 ], [ -84.568658754478605, 39.058435639497723 ], [ -84.569103952324525, 39.060129816729471 ] ] ], [ [ [ -84.556926925318081, 39.093057113270959 ], [ -84.558688057882065, 39.093532343992734 ], [ -84.55754859744637, 39.094867507693664 ], [ -84.55626376258931, 39.096028040431797 ], [ -84.555574753605256, 39.095842108125467 ], [ -84.555129692769057, 39.094147038359814 ], [ -84.556926925318081, 39.093057113270959 ] ] ], [ [ [ -84.524939108165313, 38.978968052470819 ], [ -84.527175761097013, 38.979573031016805 ], [ -84.527618775979008, 38.98126561546313 ], [ -84.525825002095999, 38.982353253997523 ], [ -84.523588229898607, 38.981748231321404 ], [ -84.523145350853795, 38.980055614243099 ], [ -84.524939108165313, 38.978968052470819 ] ] ], [ [ [ -84.549064977566232, 38.999646136594748 ], [ -84.551302812310666, 39.000250771634796 ], [ -84.5517468604817, 39.001943703511294 ], [ -84.549952938012595, 39.003032033059931 ], [ -84.547714983828584, 39.002427353936838 ], [ -84.547271071557105, 39.000734389350221 ], [ -84.549064977566232, 38.999646136594748 ] ] ], [ [ [ -84.522056951904517, 39.047423457634522 ], [ -84.520260531376792, 39.048512121442229 ], [ -84.52070394872942, 39.050206329709368 ], [ -84.522943922849663, 39.050811841501755 ], [ -84.524740360011748, 39.049723100846975 ], [ -84.526980346210777, 39.050328530142963 ], [ -84.528776659206287, 39.049239739671201 ], [ -84.531016657460313, 39.049845086472018 ], [ -84.53146046234535, 39.051539267904921 ], [ -84.529664132749346, 39.052628135227501 ], [ -84.53010791648633, 39.05432238786134 ], [ -84.528311446092772, 39.055411282220724 ], [ -84.528755208672962, 39.057105606051735 ], [ -84.526958597462993, 39.058194527439078 ], [ -84.52740233887765, 39.05988892246333 ], [ -84.525605586832455, 39.060977870869706 ], [ -84.523365109996362, 39.06037234738934 ], [ -84.521568233733689, 39.061461245942361 ], [ -84.519327768989783, 39.06085563992589 ], [ -84.517530768521254, 39.06194448861379 ], [ -84.517974216134746, 39.063639020179352 ], [ -84.516177074792495, 39.064727895853409 ], [ -84.51662050118469, 39.066422498600915 ], [ -84.514823218949886, 39.067511401252219 ], [ -84.512582527007609, 39.066905624287742 ], [ -84.512139236966192, 39.065210988881866 ], [ -84.51393650251245, 39.064122163096741 ], [ -84.513493191230609, 39.062427598870968 ], [ -84.511252750742457, 39.061821827778537 ], [ -84.509455501897179, 39.062910576700929 ], [ -84.507215073572596, 39.062304723068692 ], [ -84.505417700556421, 39.063393422090684 ], [ -84.503177284419152, 39.062787485917376 ], [ -84.501379787243721, 39.063876135027229 ], [ -84.49913938331764, 39.063270116311585 ], [ -84.498696596175577, 39.061575492727101 ], [ -84.496456324079844, 39.060969435716956 ], [ -84.496444438134318, 39.060923936423492 ], [ -84.49740766192474, 39.058430681259885 ], [ -84.497547576828353, 39.058068503502561 ], [ -84.497137155924619, 39.056429273428485 ], [ -84.496696576315301, 39.054669502895862 ], [ -84.495872379339573, 39.053472781150887 ], [ -84.496483129173484, 39.05310292357516 ], [ -84.496040529491921, 39.051408519513565 ], [ -84.493977158313896, 39.050850206849823 ], [ -84.493734258583089, 39.05054783156222 ], [ -84.493358275442759, 39.049108108994652 ], [ -84.491754874774642, 39.048674207397326 ], [ -84.491019655049882, 39.048122917348707 ], [ -84.490676268152185, 39.046807698840254 ], [ -84.492473399743218, 39.04571948785982 ], [ -84.494712917826348, 39.0463255269038 ], [ -84.495155423821615, 39.048019821175764 ], [ -84.497395073662034, 39.048625821983684 ], [ -84.497837694646165, 39.050320154852805 ], [ -84.500077476248876, 39.05092611741037 ], [ -84.501874517327835, 39.04983770286244 ], [ -84.501431760053961, 39.048143402601234 ], [ -84.503228660313454, 39.047055015020312 ], [ -84.505468334583156, 39.04766085086024 ], [ -84.507265110765459, 39.046572413415959 ], [ -84.506822195958435, 39.044878216973132 ], [ -84.50458264122372, 39.044272425352283 ], [ -84.504139841409199, 39.042578267491265 ], [ -84.501900418383528, 39.041972437621574 ], [ -84.500103675660597, 39.043060721390709 ], [ -84.500546339223618, 39.044754911863251 ], [ -84.49874945570906, 39.045843222605136 ], [ -84.496509925384984, 39.045237266036786 ], [ -84.496067398085557, 39.043543042963194 ], [ -84.493827999499388, 39.042937048163992 ], [ -84.493385587161185, 39.04124286370034 ], [ -84.495182437148699, 39.040154706626112 ], [ -84.49742171624797, 39.040760657185558 ], [ -84.499218442222627, 39.039672450248794 ], [ -84.501457733544186, 39.040278318353096 ], [ -84.503254335494361, 39.039190061565563 ], [ -84.505493639014503, 39.039795847215935 ], [ -84.507290116928473, 39.038707540589321 ], [ -84.50952943262341, 39.039313243787014 ], [ -84.50997238991539, 39.04100729781829 ], [ -84.512211837285548, 39.041612962763367 ], [ -84.512654909566663, 39.043307055369731 ], [ -84.514894488616974, 39.043912682047981 ], [ -84.516690875838748, 39.042824171924117 ], [ -84.518930467011188, 39.043429716132998 ], [ -84.519373790520916, 39.045123814651916 ], [ -84.52161351336396, 39.045729320570672 ], [ -84.522056951904517, 39.047423457634522 ] ] ], [ [ [ -84.539088943482966, 39.048877802245713 ], [ -84.539533020793328, 39.050571918270208 ], [ -84.541773174727965, 39.051177061724701 ], [ -84.542217367142058, 39.052871216235644 ], [ -84.54042126941178, 39.053960260012325 ], [ -84.538180995808801, 39.053355072421105 ], [ -84.536384773845811, 39.054444066403775 ], [ -84.534144512245106, 39.053838796300681 ], [ -84.533700592270279, 39.052144576363951 ], [ -84.53549679766661, 39.051055659235871 ], [ -84.535052856562814, 39.049361510501939 ], [ -84.536848921190256, 39.048272620431526 ], [ -84.539088943482966, 39.048877802245713 ] ] ], [ [ [ -84.54355013244168, 39.05795389912484 ], [ -84.545790669382015, 39.058559009943387 ], [ -84.54623507097682, 39.060253312593233 ], [ -84.544438799388544, 39.061342537160407 ], [ -84.542198142730939, 39.060737382210661 ], [ -84.541753877382718, 39.059043046827043 ], [ -84.54355013244168, 39.05795389912484 ] ] ], [ [ [ -84.525517616953991, 39.092451649744191 ], [ -84.527315563034833, 39.091362177926236 ], [ -84.529557537249644, 39.091967818647717 ], [ -84.530001685218394, 39.093662975376013 ], [ -84.532243791342268, 39.094268577626671 ], [ -84.532562579227744, 39.095484999183988 ], [ -84.529271465367344, 39.0941054891683 ], [ -84.525541211276177, 39.092541732481337 ], [ -84.525517616953991, 39.092451649744191 ] ] ], [ [ [ -84.509824422154324, 38.945000891835186 ], [ -84.51161720499978, 38.943914106977203 ], [ -84.51385209330634, 38.944519124970199 ], [ -84.514294317814873, 38.946210971961072 ], [ -84.516529337259513, 38.946815951988242 ], [ -84.518322013131296, 38.94572904089064 ], [ -84.520557044639148, 38.946333938811229 ], [ -84.520999519351193, 38.948025791953938 ], [ -84.519206826896706, 38.94911277977053 ], [ -84.519649280504467, 38.950804704239047 ], [ -84.517856447846924, 38.951891719253034 ], [ -84.518298880341717, 38.953583715043592 ], [ -84.516505907462417, 38.954670757246241 ], [ -84.51694831883556, 38.956362824355004 ], [ -84.515155205715786, 38.957449893737504 ], [ -84.512919697828679, 38.956844819280583 ], [ -84.512477422175024, 38.955152719584845 ], [ -84.510242045488738, 38.954547607132355 ], [ -84.509799884406959, 38.95285554617471 ], [ -84.507564638916563, 38.952250395740784 ], [ -84.507122592389436, 38.950558373531962 ], [ -84.508915655643293, 38.949471534324637 ], [ -84.508473587954924, 38.947779583436301 ], [ -84.506238592707547, 38.947174439192246 ], [ -84.50579663954629, 38.945482527065451 ], [ -84.507589545948946, 38.944395791743347 ], [ -84.509824422154324, 38.945000891835186 ] ] ], [ [ [ -84.519557572061515, 38.982230715327475 ], [ -84.517763550574855, 38.983318254629602 ], [ -84.518206272629101, 38.985010975612667 ], [ -84.51641211073489, 38.986098542045852 ], [ -84.51685481163905, 38.987791334308419 ], [ -84.515060509318531, 38.98887892786378 ], [ -84.512823522722115, 38.988273652386567 ], [ -84.51238095771734, 38.986580827516583 ], [ -84.51014410249573, 38.98597551394532 ], [ -84.509701652214332, 38.984282727754383 ], [ -84.507464928362623, 38.983677376103138 ], [ -84.507022592787308, 38.981984628601928 ], [ -84.50881684517438, 38.980897265339841 ], [ -84.508374488409345, 38.979204589120357 ], [ -84.51016860039708, 38.978117252970897 ], [ -84.509726222451036, 38.976424648037053 ], [ -84.511520194058178, 38.975337339009016 ], [ -84.513756560254023, 38.975942558162345 ], [ -84.514199074047497, 38.977635130502605 ], [ -84.516435571555348, 38.978240311591691 ], [ -84.516878200041234, 38.979932922617031 ], [ -84.519114828865938, 38.980538065627741 ], [ -84.519557572061515, 38.982230715327475 ] ] ], [ [ [ -84.498881451406746, 39.006527508089086 ], [ -84.500676844392785, 39.005439851456842 ], [ -84.500234542611508, 39.003746566415096 ], [ -84.502029795039093, 39.002658936828077 ], [ -84.504267365959308, 39.003264515498266 ], [ -84.504709803766346, 39.00495776795389 ], [ -84.506947506177298, 39.005563308498623 ], [ -84.507390058786925, 39.007256599610329 ], [ -84.509627892693587, 39.007862102015416 ], [ -84.510070560123069, 39.009555431772391 ], [ -84.508275257610009, 39.010643291729878 ], [ -84.508717903829975, 39.012336692733612 ], [ -84.506922460731388, 39.013424579745902 ], [ -84.507365085733127, 39.015118051992523 ], [ -84.505569502030255, 39.016205966050826 ], [ -84.503331310022688, 39.015600331060355 ], [ -84.501535602406591, 39.016688195352572 ], [ -84.501978070084391, 39.018381771436353 ], [ -84.500182221835445, 39.019469662753728 ], [ -84.497943922636082, 39.018863901182321 ], [ -84.496147950475745, 39.019951742709914 ], [ -84.493909663495401, 39.019345898761415 ], [ -84.493467468047726, 39.017652257512999 ], [ -84.49122931266929, 39.017046375421955 ], [ -84.490787232051503, 39.015352772838767 ], [ -84.492583170694189, 39.014265084912907 ], [ -84.492141068781891, 39.01257155356538 ], [ -84.493936866800027, 39.011483892646282 ], [ -84.493494743601929, 39.009790432538317 ], [ -84.495290401014287, 39.008702798634772 ], [ -84.497528198375505, 39.009308548048544 ], [ -84.497970457649572, 39.011001975584534 ], [ -84.500208386554661, 39.0116076868714 ], [ -84.502003936843494, 39.010519926409685 ], [ -84.501561541505524, 39.008826531456194 ], [ -84.499323731938787, 39.008220864379865 ], [ -84.498881451406746, 39.006527508089086 ] ] ], [ [ [ -84.504318316692306, 38.987545002709268 ], [ -84.50208148575679, 38.9869395246251 ], [ -84.500286828755364, 38.988026892405237 ], [ -84.498050009998394, 38.987421332062887 ], [ -84.497607967466777, 38.985728448138723 ], [ -84.499402607759649, 38.984641157122105 ], [ -84.5016393072965, 38.985246673268207 ], [ -84.503433823851324, 38.984159332571117 ], [ -84.505670535557442, 38.984764766469119 ], [ -84.50611284993434, 38.986457585248317 ], [ -84.508349693024712, 38.987062981075397 ], [ -84.508792122117981, 38.988755838542247 ], [ -84.506997572201143, 38.989843332770533 ], [ -84.504760609862018, 38.989237892762546 ], [ -84.504318316692306, 38.987545002709268 ] ] ] ] } },
{ "type": "Feature", "properties": { "hex_id": "892a9375ba3ffff", "median_val": 35973.644323723609, "category": 2, "bin": 5 }, "geometry": { "type": "MultiPolygon", "coordinates": [ [ [ [ -84.602410727811446, 38.860083440830351 ], [ -84.602177592791875, 38.861103461109053 ], [ -84.601799592805506, 38.86275646144211 ], [ -84.601734918465013, 38.8630397057442 ], [ -84.601633592811595, 38.863483461588679 ], [ -84.602755380135491, 38.865064405318172 ], [ -84.603898593724139, 38.866675462092736 ], [ -84.601834410935524, 38.867775011572292 ], [ -84.601067593001034, 38.86818346251183 ], [ -84.6004805928537, 38.868530462605456 ], [ -84.6004375928553, 38.868719462643533 ], [ -84.600398592856635, 38.868890462677946 ], [ -84.600153614340243, 38.870034956031049 ], [ -84.599829546510833, 38.868803116123786 ], [ -84.597597479050762, 38.868200263930994 ], [ -84.597153086950968, 38.866510664993903 ], [ -84.598940627288897, 38.865423951002093 ], [ -84.598496214516075, 38.863734423514224 ], [ -84.596264396413162, 38.863131577270075 ], [ -84.594476872196083, 38.864218214629908 ], [ -84.592245065663903, 38.863615286576554 ], [ -84.591800902224307, 38.861925765056654 ], [ -84.593588410308215, 38.86083920432533 ], [ -84.593144226175014, 38.859149754258688 ], [ -84.594931594712392, 38.858063221091186 ], [ -84.594487389894098, 38.856373842481609 ], [ -84.596274618903621, 38.855287336886683 ], [ -84.598506068850753, 38.855890133281363 ], [ -84.600293174457619, 38.854803578648841 ], [ -84.59984881401455, 38.853114304242588 ], [ -84.601635780121882, 38.852027777203212 ], [ -84.603867122761599, 38.852630447953089 ], [ -84.604154908449544, 38.852455450027783 ], [ -84.604042592724568, 38.852945459465097 ], [ -84.603999579128981, 38.853133838143407 ], [ -84.603818592732694, 38.853926459662738 ], [ -84.603684592737309, 38.854509459780431 ], [ -84.603633766205164, 38.854731875619514 ], [ -84.603086349583762, 38.857127269907174 ], [ -84.602410727811446, 38.860083440830351 ] ] ], [ [ [ -84.605558395509973, 38.93787244453646 ], [ -84.6051130746757, 38.936181278247659 ], [ -84.606239874807102, 38.935496376109171 ], [ -84.606562073771585, 38.938143253369525 ], [ -84.605558395509973, 38.93787244453646 ] ] ], [ [ [ -84.603759299988113, 38.946813796829872 ], [ -84.601523531872147, 38.946210529299258 ], [ -84.601078273180832, 38.944519148933033 ], [ -84.598842635948785, 38.943915843210064 ], [ -84.598397491981075, 38.942224501390939 ], [ -84.600187849795063, 38.941136498100917 ], [ -84.602423367734019, 38.94173975990136 ], [ -84.604213601685089, 38.940651707320477 ], [ -84.606449131186451, 38.941254887021579 ], [ -84.606906996002763, 38.940976583880882 ], [ -84.60715535033907, 38.94301652629926 ], [ -84.607550935162465, 38.946265553451489 ], [ -84.605549690096581, 38.94572564007494 ], [ -84.603759299988113, 38.946813796829872 ] ] ], [ [ [ -84.609367991946996, 38.961065906118201 ], [ -84.607768789599433, 38.962037885331533 ], [ -84.608214445260984, 38.963729633797669 ], [ -84.606423446409025, 38.964818130499012 ], [ -84.604186808031059, 38.964214801974869 ], [ -84.603741287919448, 38.96252302067272 ], [ -84.601504780516876, 38.961919653892778 ], [ -84.601059375221908, 38.960227911097405 ], [ -84.598822998789885, 38.959624506075798 ], [ -84.598377708294407, 38.957932801797881 ], [ -84.600168658690905, 38.956844535358094 ], [ -84.602404915750952, 38.957447896447874 ], [ -84.604195742202705, 38.956359580669009 ], [ -84.603750295442921, 38.954667980549551 ], [ -84.605540981804396, 38.953579692190694 ], [ -84.607777131063571, 38.954182927205871 ], [ -84.608222713328416, 38.955874494494481 ], [ -84.606432010832904, 38.956962859600786 ], [ -84.606877572388655, 38.958654498231027 ], [ -84.609113971955694, 38.959257738917564 ], [ -84.609164868480462, 38.959450933679143 ], [ -84.609367991946996, 38.961065906118201 ] ] ], [ [ [ -84.592993542745845, 38.969053386565093 ], [ -84.594785053730007, 38.967965010580578 ], [ -84.597021788338537, 38.968568547427324 ], [ -84.598813175338648, 38.967480122055839 ], [ -84.601049921553994, 38.968083576703776 ], [ -84.601495400186963, 38.969775500662571 ], [ -84.599703997008362, 38.970864002797498 ], [ -84.600149454889035, 38.97255599807891 ], [ -84.598357911517596, 38.973644527593351 ], [ -84.596120926449061, 38.973040985057629 ], [ -84.594329259062391, 38.974129465172823 ], [ -84.594774560544067, 38.975821564591577 ], [ -84.59298275293601, 38.976910072065508 ], [ -84.593428033629067, 38.978602242797514 ], [ -84.595665257591207, 38.979205873240922 ], [ -84.59611065316318, 38.980898082467334 ], [ -84.594318689100788, 38.98198669406748 ], [ -84.592081345676718, 38.9813830196628 ], [ -84.59028925756958, 38.982471581827838 ], [ -84.588051925798268, 38.981867825173268 ], [ -84.587606801590653, 38.980175550327267 ], [ -84.585369600939273, 38.979571755403235 ], [ -84.584924591596803, 38.97787951906902 ], [ -84.586716647220513, 38.976791110452673 ], [ -84.586271617051423, 38.975098945428208 ], [ -84.588063532434077, 38.974010564146582 ], [ -84.587618481447038, 38.972318470435667 ], [ -84.589410256607337, 38.971230116497573 ], [ -84.588965184810988, 38.969538094103996 ], [ -84.590756819767734, 38.96844976751823 ], [ -84.592993542745845, 38.969053386565093 ] ] ], [ [ [ -84.61575323330095, 39.039662228339303 ], [ -84.616199896223748, 39.041355720889932 ], [ -84.618440273511382, 39.041959297054341 ], [ -84.61935634603941, 39.04140261097708 ], [ -84.619667811546961, 39.043863151317645 ], [ -84.618887051669262, 39.043652827925833 ], [ -84.617093316561323, 39.044742815552574 ], [ -84.617540073982738, 39.046436417660367 ], [ -84.619780702504812, 39.047039999217375 ], [ -84.620227575189062, 39.048733639633177 ], [ -84.618433683347121, 39.049823731418577 ], [ -84.618880535296682, 39.051517443064753 ], [ -84.620661454437467, 39.051997142671553 ], [ -84.620947009316012, 39.054192378791619 ], [ -84.619774333746875, 39.054904975880987 ], [ -84.617533334033638, 39.054301345009783 ], [ -84.617086502827462, 39.052607562137027 ], [ -84.614845634548274, 39.052003892691523 ], [ -84.613051477585316, 39.05309396216915 ], [ -84.610810620860917, 39.052490210206621 ], [ -84.609016339415774, 39.053580230077827 ], [ -84.606775494269897, 39.052976395596893 ], [ -84.606329050438262, 39.051282585214018 ], [ -84.604088336750692, 39.050678712190916 ], [ -84.603642008171704, 39.04898494014008 ], [ -84.601401425937581, 39.048381028589041 ], [ -84.600955212593902, 39.046687294881103 ], [ -84.598714761808381, 39.046083344816338 ], [ -84.596920404553202, 39.047173084473499 ], [ -84.597366481846947, 39.048866851055237 ], [ -84.599607052449699, 39.049470845108075 ], [ -84.600053244971861, 39.051164650041443 ], [ -84.598258730826075, 39.052254493796042 ], [ -84.59601804039589, 39.051650455750185 ], [ -84.59557198394279, 39.049956617944844 ], [ -84.593331424995142, 39.049352541388942 ], [ -84.592885483763553, 39.047658741943877 ], [ -84.590645056293582, 39.047054626892169 ], [ -84.59019923026618, 39.045360865818189 ], [ -84.59199369564962, 39.044271252648421 ], [ -84.59154784876074, 39.042577562802208 ], [ -84.589307672532897, 39.041973453277798 ], [ -84.588861940820465, 39.040279801815615 ], [ -84.590656249302782, 39.039190292723347 ], [ -84.590210496727181, 39.037496712494821 ], [ -84.592004664606222, 39.036407230634254 ], [ -84.594244601325883, 39.037011252155921 ], [ -84.594690489911684, 39.038704799534955 ], [ -84.596930558046068, 39.039308782590872 ], [ -84.598724617832573, 39.038219174276961 ], [ -84.600964697608944, 39.038823074869462 ], [ -84.602758633030234, 39.037733416962389 ], [ -84.602312472460753, 39.036039935313639 ], [ -84.604106267308396, 39.034950304674169 ], [ -84.606346238926321, 39.035554078836455 ], [ -84.60679253546941, 39.037247527604301 ], [ -84.609032638458515, 39.037851263273964 ], [ -84.609479050195219, 39.039544750392963 ], [ -84.611719284560323, 39.040148447555801 ], [ -84.61351298737965, 39.03905861364489 ], [ -84.61575323330095, 39.039662228339303 ] ] ], [ [ [ -84.60944673613065, 39.0710068247515 ], [ -84.611688455475544, 39.071610719375656 ], [ -84.61213527740297, 39.073304967807225 ], [ -84.612109519698691, 39.073320614662606 ], [ -84.610865323916457, 39.073298214827169 ], [ -84.610395505122014, 39.073289770142537 ], [ -84.607954579589062, 39.073245896334626 ], [ -84.607651718742787, 39.072097134584801 ], [ -84.60944673613065, 39.0710068247515 ] ] ], [ [ [ -84.576933217950241, 38.939571940319631 ], [ -84.577377590669769, 38.941263336071572 ], [ -84.575586629985636, 38.94235101600561 ], [ -84.573351312862798, 38.941747223462976 ], [ -84.57290707563665, 38.940055794972302 ], [ -84.574698020036124, 38.938968191760935 ], [ -84.576933217950241, 38.939571940319631 ] ] ], [ [ [ -84.567533714806956, 38.943318560594683 ], [ -84.567977795651132, 38.945010093160711 ], [ -84.566186447347192, 38.946097701702286 ], [ -84.563951034531371, 38.945493700950443 ], [ -84.563507089223776, 38.943802135668392 ], [ -84.565298421191599, 38.942714603852153 ], [ -84.567533714806956, 38.943318560594683 ] ] ], [ [ [ -84.578631952558538, 38.993476459382521 ], [ -84.576839055094652, 38.994565031823029 ], [ -84.574601268861315, 38.993960934647539 ], [ -84.57415649957052, 38.992268309045414 ], [ -84.571918844563271, 38.9916641735973 ], [ -84.570125839385128, 38.992752619731476 ], [ -84.570570472875133, 38.994445278099718 ], [ -84.568777327323758, 38.995533751491962 ], [ -84.566539564635193, 38.994929489726012 ], [ -84.56474629505739, 38.99601791357653 ], [ -84.56519077179874, 38.997710675981935 ], [ -84.563397361819099, 38.998799127069702 ], [ -84.561159491481234, 38.998194738959263 ], [ -84.559365957476913, 38.999283140481566 ], [ -84.557128098979831, 38.998678670062482 ], [ -84.555334440962341, 38.999767022007589 ], [ -84.553096594329745, 38.999162469278644 ], [ -84.552652525157171, 38.997469608674542 ], [ -84.554446166744967, 38.996381333519736 ], [ -84.55400207657955, 38.99468854419176 ], [ -84.555795577754836, 38.993600296247024 ], [ -84.558033185520117, 38.994204760845278 ], [ -84.559826562713454, 38.993116463335596 ], [ -84.559382315733586, 38.99142377801364 ], [ -84.561175552542977, 38.990335507734883 ], [ -84.563413052726489, 38.990939845996039 ], [ -84.565206165552169, 38.98985152617599 ], [ -84.567443677548781, 38.990455782159188 ], [ -84.569236666379211, 38.989367412809692 ], [ -84.568792126856764, 38.987674864260271 ], [ -84.570584975341646, 38.98658652217442 ], [ -84.570140414909531, 38.984894044918015 ], [ -84.571933123067637, 38.983805730104663 ], [ -84.574170407991517, 38.984409815771564 ], [ -84.575962992162474, 38.983321451464384 ], [ -84.578200288833685, 38.983925454876307 ], [ -84.578645120765373, 38.985617866600364 ], [ -84.576852520285968, 38.986706307686021 ], [ -84.577297331346031, 38.98839879070664 ], [ -84.579534878639947, 38.989002799863535 ], [ -84.579979804589357, 38.990695321398455 ], [ -84.578187047479048, 38.991783866556922 ], [ -84.578631952558538, 38.993476459382521 ] ] ], [ [ [ -84.557900371281946, 39.057106105405794 ], [ -84.555659798564349, 39.056501242169226 ], [ -84.553863916367021, 39.057590539219767 ], [ -84.554308590418458, 39.059284776370504 ], [ -84.552512567435897, 39.060374100515482 ], [ -84.552957220438159, 39.062068408864334 ], [ -84.555198032656023, 39.062673360306761 ], [ -84.556994072112587, 39.061583959292818 ], [ -84.559234896227196, 39.062188828189939 ], [ -84.561030811342022, 39.061099377404474 ], [ -84.563271647329614, 39.061704163757561 ], [ -84.56371668798235, 39.063398444983946 ], [ -84.565957655612237, 39.064003192873969 ], [ -84.566402811486626, 39.065697512504599 ], [ -84.564606863504082, 39.066787117038821 ], [ -84.565051998379602, 39.068481507863133 ], [ -84.56729321747936, 39.069086261355181 ], [ -84.567738467604272, 39.070780690570892 ], [ -84.565942362376333, 39.071870399095083 ], [ -84.566387591504096, 39.073564899498514 ], [ -84.568629062127528, 39.07416965857275 ], [ -84.569074406532422, 39.075864197354733 ], [ -84.571316008851639, 39.076468917912628 ], [ -84.571761468551031, 39.078163495062277 ], [ -84.574003202570921, 39.078768177089529 ], [ -84.575799356996498, 39.077678237896464 ], [ -84.578041102811468, 39.078282837315562 ], [ -84.579837132745112, 39.077192848349171 ], [ -84.582078890331402, 39.077797365161366 ], [ -84.583874795761531, 39.07670732643345 ], [ -84.58611656509531, 39.07731176064015 ], [ -84.586562548924036, 39.079006277615377 ], [ -84.585987515961023, 39.079355326399316 ], [ -84.583689172648448, 39.079805886905724 ], [ -84.582524737899831, 39.079491914990946 ], [ -84.58120520209971, 39.080292780530534 ], [ -84.580308198219896, 39.080468591597707 ], [ -84.576718182482523, 39.08117215101926 ], [ -84.572756500714391, 39.081948405529943 ], [ -84.572148600788935, 39.082067504580223 ], [ -84.56971958044808, 39.083637481166463 ], [ -84.569421355672688, 39.083830248524265 ], [ -84.569059626288151, 39.083732668811834 ], [ -84.567263065591447, 39.084822612409141 ], [ -84.567353520630121, 39.085166811933377 ], [ -84.565342599110096, 39.086466505733924 ], [ -84.56432152827945, 39.087126466159077 ], [ -84.564264899240527, 39.087163068036929 ], [ -84.563948598766288, 39.087367505970171 ], [ -84.562215883616304, 39.089398222538584 ], [ -84.561418058621442, 39.090333213976706 ], [ -84.560622968479151, 39.091264970465957 ], [ -84.558688057882065, 39.093532343992734 ], [ -84.556926925318081, 39.093057113270959 ], [ -84.555129692769057, 39.094147038359814 ], [ -84.555574753605256, 39.095842108125467 ], [ -84.553777380056189, 39.096932060245088 ], [ -84.55153496217217, 39.096326865685441 ], [ -84.549737464118323, 39.097416767912236 ], [ -84.547495058180388, 39.096811490677858 ], [ -84.545697435633429, 39.097901343000089 ], [ -84.546132968075113, 39.09956135382285 ], [ -84.543548593665165, 39.09966750925966 ], [ -84.541894889468779, 39.099291672000909 ], [ -84.541348592974401, 39.099167509267573 ], [ -84.539590697659648, 39.098430667104594 ], [ -84.53885249650466, 39.098121249454941 ], [ -84.537256264896243, 39.097452162598394 ], [ -84.535020004546183, 39.096514963818152 ], [ -84.532562579227744, 39.095484999183988 ], [ -84.532243791342268, 39.094268577626671 ], [ -84.530001685218394, 39.093662975376013 ], [ -84.529557537249644, 39.091967818647717 ], [ -84.527315563034833, 39.091362177926236 ], [ -84.525517616953991, 39.092451649744191 ], [ -84.524979679294887, 39.092306316957966 ], [ -84.52464858748381, 39.092167508718532 ], [ -84.52445161716642, 39.092163649249002 ], [ -84.523275654824104, 39.091845926369899 ], [ -84.522804555736911, 39.092131363585239 ], [ -84.522142198709346, 39.092118373597259 ], [ -84.522137532947738, 39.092118282129988 ], [ -84.519547585963551, 39.09206750893771 ], [ -84.519182637512728, 39.092127096117302 ], [ -84.518791874595607, 39.090634358521882 ], [ -84.516550056507626, 39.090028514055028 ], [ -84.516106412005229, 39.088333368834341 ], [ -84.513864725845465, 39.087727485943205 ], [ -84.513421196567734, 39.08603237919943 ], [ -84.515219216978494, 39.084943188020233 ], [ -84.514775666447662, 39.083248152431004 ], [ -84.51253423196269, 39.082642275352079 ], [ -84.512090796628854, 39.080947278252637 ], [ -84.513888659334768, 39.079858190898541 ], [ -84.513445202746169, 39.078163264959535 ], [ -84.515242924475046, 39.077074204550392 ], [ -84.514799446640481, 39.075379349775694 ], [ -84.516597027411166, 39.074290316320422 ], [ -84.516153528339387, 39.072595532713962 ], [ -84.51795096817078, 39.07150652622137 ], [ -84.517507447870571, 39.069811813786956 ], [ -84.519304746781486, 39.068722834266005 ], [ -84.521545582660167, 39.069328490308415 ], [ -84.523342757324144, 39.068239460897949 ], [ -84.525583605299161, 39.068845034374796 ], [ -84.527380655704548, 39.067755955086604 ], [ -84.526936841505574, 39.066061379193883 ], [ -84.528733751029009, 39.064972326910244 ], [ -84.530974491367004, 39.065577773650887 ], [ -84.532771276630029, 39.064488671513338 ], [ -84.535012029007447, 39.065094035701165 ], [ -84.536808689998452, 39.064004883721431 ], [ -84.539049454391545, 39.064610165357649 ], [ -84.540845991098905, 39.063520963547575 ], [ -84.540401746857214, 39.061826556971234 ], [ -84.542198142730939, 39.060737382210661 ], [ -84.544438799388544, 39.061342537160407 ], [ -84.54623507097682, 39.060253312593233 ], [ -84.545790669382015, 39.058559009943387 ], [ -84.54355013244168, 39.05795389912484 ], [ -84.543105845995626, 39.05625963493781 ], [ -84.540865440726392, 39.055654485725789 ], [ -84.54042126941178, 39.053960260012325 ], [ -84.542217367142058, 39.052871216235644 ], [ -84.541773174727965, 39.051177061724701 ], [ -84.539533020793328, 39.050571918270208 ], [ -84.539088943482966, 39.048877802245713 ], [ -84.540884883908944, 39.047788862393602 ], [ -84.543124918185356, 39.048393961716414 ], [ -84.543569131690148, 39.050088045020978 ], [ -84.545809297594019, 39.050693105975064 ], [ -84.547605130321699, 39.049604039501048 ], [ -84.549845308171015, 39.050209017956057 ], [ -84.551641016652596, 39.0491199017236 ], [ -84.551196530795409, 39.047425883890497 ], [ -84.552992098547392, 39.046336794763825 ], [ -84.555232168632344, 39.046941646619899 ], [ -84.555676790647468, 39.048635631701565 ], [ -84.557916992316393, 39.049240445162013 ], [ -84.558361729463044, 39.050934468695282 ], [ -84.560602062720847, 39.051539243745907 ], [ -84.561046915016306, 39.053233305719942 ], [ -84.559251297885979, 39.054322625414365 ], [ -84.559696129168827, 39.056016758596044 ], [ -84.557900371281946, 39.057106105405794 ] ] ], [ [ [ -84.547490997521024, 38.906475625882649 ], [ -84.547934037539576, 38.908166414798814 ], [ -84.546143552948877, 38.90925311960963 ], [ -84.546586572022449, 38.910943979908325 ], [ -84.544795947509854, 38.912030712063213 ], [ -84.542562320343777, 38.911426507239348 ], [ -84.542119436662063, 38.909735614304296 ], [ -84.54391004475076, 38.908648958827364 ], [ -84.543467140105136, 38.906958137273115 ], [ -84.545257608280863, 38.905871509137064 ], [ -84.547490997521024, 38.906475625882649 ] ] ], [ [ [ -84.550113982523186, 38.932324314178139 ], [ -84.550557354831668, 38.934015686163029 ], [ -84.548765964678836, 38.935102861717539 ], [ -84.549209316031622, 38.936794305054178 ], [ -84.547417785809088, 38.937881507912977 ], [ -84.547861116197524, 38.939573022597493 ], [ -84.546069445886602, 38.94066025275189 ], [ -84.543834461620449, 38.940055891505416 ], [ -84.54339126678417, 38.93836434416221 ], [ -84.541156413536243, 38.937759944892498 ], [ -84.540713333261863, 38.936068436245471 ], [ -84.538478611027287, 38.935463998966668 ], [ -84.538035645297612, 38.93377252902652 ], [ -84.539827266260374, 38.932685529004345 ], [ -84.539384279526743, 38.930994130414383 ], [ -84.537149807358006, 38.930389699211872 ], [ -84.536706935141581, 38.928698339341473 ], [ -84.538498399577605, 38.927611443305935 ], [ -84.540732752699029, 38.92821583044222 ], [ -84.542524093557304, 38.927128885000791 ], [ -84.544758458592156, 38.927733190096561 ], [ -84.546549675861172, 38.926646195260908 ], [ -84.54610651166422, 38.92495497202934 ], [ -84.547897588918801, 38.923868004509188 ], [ -84.550131846787806, 38.924472183524713 ], [ -84.550575146454122, 38.926163374099247 ], [ -84.552809535245132, 38.926767515117675 ], [ -84.553252949439056, 38.928458744387775 ], [ -84.551461839369495, 38.929545865307297 ], [ -84.551905232625032, 38.931237165936743 ], [ -84.550113982523186, 38.932324314178139 ] ] ], [ [ [ -84.551408882940535, 38.953106460201283 ], [ -84.551852494286507, 38.954798304886765 ], [ -84.55006035428066, 38.955885847067279 ], [ -84.550503944658558, 38.95757776307935 ], [ -84.548711664462644, 38.958665332529883 ], [ -84.549155233863786, 38.960357319864791 ], [ -84.547362813459088, 38.961444916576603 ], [ -84.547806361874834, 38.963136975230469 ], [ -84.546013801242623, 38.964224599194836 ], [ -84.543777708644484, 38.96362008775953 ], [ -84.541985024228623, 38.96470766222069 ], [ -84.539748943554983, 38.96410306860836 ], [ -84.539305666524953, 38.962410944616877 ], [ -84.53706971701412, 38.961806312916444 ], [ -84.536626554652656, 38.960114227585493 ], [ -84.538419206106184, 38.959026806607781 ], [ -84.537976022710978, 38.957334792594352 ], [ -84.539768533945121, 38.956247398850792 ], [ -84.539325329524871, 38.95455545615863 ], [ -84.537089749532683, 38.953950874559872 ], [ -84.535297254789242, 38.955038191570083 ], [ -84.533061686755502, 38.954433527831412 ], [ -84.531269068313705, 38.95552079533946 ], [ -84.529033512262046, 38.954916049459605 ], [ -84.528590693802826, 38.9532240801746 ], [ -84.530383295720227, 38.952136889396179 ], [ -84.532618732625082, 38.952741591175254 ], [ -84.534411210865414, 38.951654350894934 ], [ -84.533968235689287, 38.949962485564136 ], [ -84.535760573746884, 38.948875272520368 ], [ -84.53531757753376, 38.94718347851866 ], [ -84.537109775427311, 38.946096292720227 ], [ -84.539344986022996, 38.946700824202054 ], [ -84.541137060247465, 38.945613588937398 ], [ -84.543372282773902, 38.946218038309887 ], [ -84.54516423331772, 38.945130753590689 ], [ -84.547399467751333, 38.945735120855034 ], [ -84.547842870791726, 38.94742681689673 ], [ -84.55007823627254, 38.948031146104306 ], [ -84.550521753936792, 38.949722880807997 ], [ -84.548729770520168, 38.950810318978739 ], [ -84.549173267214698, 38.952502125014924 ], [ -84.551408882940535, 38.953106460201283 ] ] ], [ [ [ -84.547271071557105, 39.000734389350221 ], [ -84.547714983828584, 39.002427353936838 ], [ -84.545920937359639, 39.003515633872823 ], [ -84.543682995096745, 39.002910872427137 ], [ -84.543239218736943, 39.00121787514081 ], [ -84.545033248724508, 39.000129671997747 ], [ -84.547271071557105, 39.000734389350221 ] ] ], [ [ [ -84.547660084363713, 39.026011848897355 ], [ -84.545865145209788, 39.027100522188277 ], [ -84.54362609167849, 39.026495610919483 ], [ -84.541831028413284, 39.027584234513142 ], [ -84.539591986838971, 39.026979240832326 ], [ -84.53779679947408, 39.028067814716884 ], [ -84.535557769880484, 39.027462738622702 ], [ -84.533762458427475, 39.028551262786557 ], [ -84.534206160014335, 39.030244939867565 ], [ -84.532410707913556, 39.031333491123682 ], [ -84.532854388383996, 39.033027239432975 ], [ -84.531058795616616, 39.034115817772616 ], [ -84.531502454961952, 39.035809637306308 ], [ -84.529706721509172, 39.036898242720554 ], [ -84.530150359720636, 39.038592133474836 ], [ -84.528354485563668, 39.039680765954884 ], [ -84.526114989789633, 39.039075430844157 ], [ -84.524318991516921, 39.040164013543603 ], [ -84.524762472407048, 39.041858008189216 ], [ -84.527002087752507, 39.04246338746286 ], [ -84.527445683670052, 39.044157420646698 ], [ -84.529685430657182, 39.044762761612347 ], [ -84.530129141619469, 39.046456833323639 ], [ -84.532369020253213, 39.047062135967046 ], [ -84.534165068310614, 39.04597332274453 ], [ -84.533721221155631, 39.044279283725238 ], [ -84.535517128471966, 39.043190497566073 ], [ -84.537756899508167, 39.043795673583574 ], [ -84.53820088284364, 39.045489679900314 ], [ -84.536404958966259, 39.046578542904243 ], [ -84.536848921190256, 39.048272620431526 ], [ -84.535052856562814, 39.049361510501939 ], [ -84.53549679766661, 39.051055659235871 ], [ -84.533700592270279, 39.052144576363951 ], [ -84.53146046234535, 39.051539267904921 ], [ -84.531016657460313, 39.049845086472018 ], [ -84.528776659206287, 39.049239739671201 ], [ -84.526980346210777, 39.050328530142963 ], [ -84.524740360011748, 39.049723100846975 ], [ -84.522943922849663, 39.050811841501755 ], [ -84.52070394872942, 39.050206329709368 ], [ -84.520260531376792, 39.048512121442229 ], [ -84.522056951904517, 39.047423457634522 ], [ -84.52161351336396, 39.045729320570672 ], [ -84.519373790520916, 39.045123814651916 ], [ -84.518930467011188, 39.043429716132998 ], [ -84.516690875838748, 39.042824171924117 ], [ -84.514894488616974, 39.043912682047981 ], [ -84.512654909566663, 39.043307055369731 ], [ -84.512211837285548, 39.041612962763367 ], [ -84.50997238991539, 39.04100729781829 ], [ -84.50952943262341, 39.039313243787014 ], [ -84.507290116928473, 39.038707540589321 ], [ -84.505493639014503, 39.039795847215935 ], [ -84.503254335494361, 39.039190061565563 ], [ -84.502811629387494, 39.037496013505006 ], [ -84.500572457552053, 39.036890189625261 ], [ -84.500129866392712, 39.03519618017009 ], [ -84.501926310858678, 39.034108027198997 ], [ -84.501483698430206, 39.032414088957687 ], [ -84.499244777731263, 39.031808271087598 ], [ -84.498802280222648, 39.030114371464485 ], [ -84.500598567228892, 39.029026322308852 ], [ -84.500156048449554, 39.027332493905497 ], [ -84.501952194757536, 39.026244471751703 ], [ -84.501509654716244, 39.024550714571937 ], [ -84.499271104517263, 39.023944946951275 ], [ -84.497474974946215, 39.025032892292344 ], [ -84.49523643696115, 39.02442704227537 ], [ -84.49479414794888, 39.022733291144711 ], [ -84.492555741590039, 39.022127402965722 ], [ -84.492113567435325, 39.020433690487508 ], [ -84.489875292697732, 39.019827764160745 ], [ -84.489433233383238, 39.018134090345718 ], [ -84.487195090261963, 39.017528125885349 ], [ -84.486753145770408, 39.015834490744304 ], [ -84.488549208270044, 39.014746852619389 ], [ -84.488107242464864, 39.013053288712157 ], [ -84.489903164330187, 39.011965677581955 ], [ -84.489461177220164, 39.010272184912495 ], [ -84.491256958469947, 39.009184600785844 ], [ -84.490814950063836, 39.007491179357956 ], [ -84.492610590716865, 39.006403622243681 ], [ -84.494848256539157, 39.007009409770205 ], [ -84.496643773364511, 39.005921802891066 ], [ -84.496201607621089, 39.004228485273693 ], [ -84.497996983878224, 39.003140905427848 ], [ -84.497554796875249, 39.001447659061562 ], [ -84.495317369642194, 39.000841959972114 ], [ -84.494875297400242, 38.999148752292015 ], [ -84.496670516375687, 38.998061276268004 ], [ -84.496228422872591, 38.99636813984489 ], [ -84.498023501326387, 38.99528069086859 ], [ -84.4975813865709, 38.993587625706269 ], [ -84.499376324521776, 38.992500203786513 ], [ -84.498934188522625, 38.990807209888821 ], [ -84.496697250535519, 38.990201605345128 ], [ -84.496255229249158, 38.9885086501505 ], [ -84.498050009998394, 38.987421332062887 ], [ -84.500286828755364, 38.988026892405237 ], [ -84.50208148575679, 38.9869395246251 ], [ -84.504318316692306, 38.987545002709268 ], [ -84.504760609862018, 38.989237892762546 ], [ -84.506997572201143, 38.989843332770533 ], [ -84.507439980097573, 38.991536261509481 ], [ -84.505645289716099, 38.992623782827181 ], [ -84.503408208118216, 38.992018298633269 ], [ -84.501613393946215, 38.993105770257849 ], [ -84.502055644675451, 38.994798802847846 ], [ -84.504292845542125, 38.995404331232571 ], [ -84.504735211018684, 38.997097402504153 ], [ -84.502940239651693, 38.998184977974148 ], [ -84.503382583905221, 38.999878120506295 ], [ -84.501587472017334, 39.00096572303918 ], [ -84.502029795039093, 39.002658936828077 ], [ -84.500234542611508, 39.003746566415096 ], [ -84.500676844392785, 39.005439851456842 ], [ -84.498881451406746, 39.006527508089086 ], [ -84.499323731938787, 39.008220864379865 ], [ -84.501561541505524, 39.008826531456194 ], [ -84.502003936843494, 39.010519926409685 ], [ -84.500208386554661, 39.0116076868714 ], [ -84.497970457649572, 39.011001975584534 ], [ -84.497528198375505, 39.009308548048544 ], [ -84.495290401014287, 39.008702798634772 ], [ -84.493494743601929, 39.009790432538317 ], [ -84.493936866800027, 39.011483892646282 ], [ -84.492141068781891, 39.01257155356538 ], [ -84.492583170694189, 39.014265084912907 ], [ -84.490787232051503, 39.015352772838767 ], [ -84.49122931266929, 39.017046375421955 ], [ -84.493467468047726, 39.017652257512999 ], [ -84.493909663495401, 39.019345898761415 ], [ -84.496147950475745, 39.019951742709914 ], [ -84.497943922636082, 39.018863901182321 ], [ -84.500182221835445, 39.019469662753728 ], [ -84.501978070084391, 39.018381771436353 ], [ -84.501535602406591, 39.016688195352572 ], [ -84.503331310022688, 39.015600331060355 ], [ -84.505569502030255, 39.016205966050826 ], [ -84.506012105804984, 39.017899509536498 ], [ -84.504216381479054, 39.018987450631919 ], [ -84.50465896401802, 39.02068106535279 ], [ -84.506897406990703, 39.021286706373587 ], [ -84.508693148014103, 39.020198688471517 ], [ -84.510931603143902, 39.020804247108693 ], [ -84.512727220211261, 39.01971617944001 ], [ -84.512284365476575, 39.018022629943196 ], [ -84.514079841921628, 39.016934589326858 ], [ -84.516318189759815, 39.017540021402233 ], [ -84.516761180574164, 39.019233538271251 ], [ -84.514965687474472, 39.020321655694794 ], [ -84.515408657101588, 39.022015243800574 ], [ -84.513613023370553, 39.023103388279658 ], [ -84.511374436672241, 39.022497867840464 ], [ -84.509578678963791, 39.023585962552637 ], [ -84.510021491277087, 39.025279654515515 ], [ -84.512260197420531, 39.025885219144101 ], [ -84.512703124646961, 39.027578949711845 ], [ -84.510907209596851, 39.028667148275474 ], [ -84.511350115609815, 39.030360950068406 ], [ -84.513589072820622, 39.030966520668727 ], [ -84.514032093774375, 39.032660361053665 ], [ -84.512236021358177, 39.033748663469723 ], [ -84.51267902110007, 39.035442575074029 ], [ -84.514918229431998, 39.036048151626346 ], [ -84.515361344142363, 39.037742101809862 ], [ -84.517600684115649, 39.03834764010584 ], [ -84.519396789851342, 39.037259184032564 ], [ -84.518953538964055, 39.035565266495752 ], [ -84.520749503984945, 39.034476837461035 ], [ -84.522988736529086, 39.035082249134604 ], [ -84.524784577477078, 39.033993770319839 ], [ -84.527023822091721, 39.034599099555905 ], [ -84.528819538955233, 39.033510570972844 ], [ -84.528375994606222, 39.03181678998353 ], [ -84.530171570793314, 39.030728288471941 ], [ -84.529728005308826, 39.029034578709151 ], [ -84.527488999747888, 39.028429337784537 ], [ -84.527045549232042, 39.026735666578979 ], [ -84.524806675225491, 39.026130387395824 ], [ -84.524363339660979, 39.024436754758234 ], [ -84.526158742010736, 39.023348433966149 ], [ -84.525715385298767, 39.02165487256304 ], [ -84.527510647027754, 39.020566578853682 ], [ -84.527067269177039, 39.018873088688871 ], [ -84.524828765655911, 39.018267859573825 ], [ -84.524385502718502, 39.016574407991904 ], [ -84.522147130703217, 39.015969140657177 ], [ -84.520351902185553, 39.017057280747473 ], [ -84.518113542246951, 39.016451931043015 ], [ -84.517670530254094, 39.014758485414625 ], [ -84.519465742147489, 39.013670422128619 ], [ -84.521703982661847, 39.014275727668839 ], [ -84.523499070595534, 39.013187614663707 ], [ -84.525737323177296, 39.013792837844456 ], [ -84.527532287139664, 39.012704675131936 ], [ -84.529770551765139, 39.013309815954457 ], [ -84.53021397186717, 39.015003163631114 ], [ -84.53245236796468, 39.015608266230174 ], [ -84.534247224504213, 39.014519977016924 ], [ -84.533803668390021, 39.012826662011811 ], [ -84.535598384374993, 39.011738399919786 ], [ -84.535154807167274, 39.010045156166306 ], [ -84.536949382616442, 39.008956921204344 ], [ -84.536505784323907, 39.007263748706336 ], [ -84.538300219256087, 39.006175540883241 ], [ -84.537856599887462, 39.004482439644555 ], [ -84.539650894321397, 39.003394258969145 ], [ -84.541888824639528, 39.003999102738689 ], [ -84.542332579950966, 39.005692171289958 ], [ -84.54053826900531, 39.006780428761203 ], [ -84.540982003259742, 39.008473568573542 ], [ -84.543220184413471, 39.009078418220625 ], [ -84.543664033571019, 39.01077159659593 ], [ -84.541869565609829, 39.011859958020572 ], [ -84.539631264995563, 39.011255064265313 ], [ -84.537836673016699, 39.012343376029534 ], [ -84.538280365130916, 39.014036658352545 ], [ -84.540518785215795, 39.014641596220926 ], [ -84.540962592253862, 39.016334917102782 ], [ -84.539167843203913, 39.01742333280913 ], [ -84.539611629169173, 39.019116724938499 ], [ -84.541850300202157, 39.019721668664175 ], [ -84.542294201118878, 39.021415099339571 ], [ -84.540499294973472, 39.022503618989028 ], [ -84.538260504430397, 39.021898631145504 ], [ -84.536465474216499, 39.022987101098245 ], [ -84.536909218009995, 39.024680635711135 ], [ -84.539148128073307, 39.025285667677508 ], [ -84.540943174819049, 39.024197120906067 ], [ -84.543182096853783, 39.024802070469306 ], [ -84.544977019509645, 39.023713474000843 ], [ -84.547215953492127, 39.02431834116225 ], [ -84.547660084363713, 39.026011848897355 ] ] ], [ [ [ -84.548530273977931, 39.037262544729835 ], [ -84.548974571758379, 39.038956343170234 ], [ -84.551214259052799, 39.039561227668337 ], [ -84.551658671902373, 39.041255064594701 ], [ -84.549863261336455, 39.042344049760914 ], [ -84.547623454404857, 39.04173912115629 ], [ -84.547179177680235, 39.040045251494092 ], [ -84.544939502317959, 39.039440284536511 ], [ -84.544495340655502, 39.03774645336901 ], [ -84.546290718233493, 39.036657621884061 ], [ -84.545846535504836, 39.034963861940497 ], [ -84.547641772417862, 39.033875057569418 ], [ -84.547197568631717, 39.032181368853557 ], [ -84.548992664898606, 39.031092591605223 ], [ -84.548548440063684, 39.029398974120916 ], [ -84.550343395703237, 39.028310224004152 ], [ -84.552582592654801, 39.028915014544395 ], [ -84.553026953550457, 39.03060859929618 ], [ -84.551231981437681, 39.031697426242317 ], [ -84.55167632130366, 39.033391082227503 ], [ -84.549881208554567, 39.034479936308344 ], [ -84.550325527382128, 39.036173663523073 ], [ -84.548530273977931, 39.037262544729835 ] ] ], [ [ [ -84.525049268269328, 38.939689646341272 ], [ -84.523256996311702, 38.940776552512865 ], [ -84.523699513206225, 38.94246826299247 ], [ -84.525934437674678, 38.943073034696276 ], [ -84.526377069113749, 38.944764783904738 ], [ -84.524584640456766, 38.945851794016122 ], [ -84.52502725081925, 38.947543614556039 ], [ -84.523234681987674, 38.948630651885622 ], [ -84.523677271264873, 38.950322543753117 ], [ -84.521884562239975, 38.95140960829211 ], [ -84.522327130423193, 38.953101571483423 ], [ -84.524562543311518, 38.953706437528176 ], [ -84.52500522608743, 38.955398439431583 ], [ -84.523212360283509, 38.956485607900241 ], [ -84.520976828266868, 38.955880697734337 ], [ -84.51918383879925, 38.956967816665767 ], [ -84.51962636476847, 38.958659922493283 ], [ -84.51783323505137, 38.959747068607733 ], [ -84.518275739900503, 38.961439245747613 ], [ -84.51648246991526, 38.962526419036365 ], [ -84.516924953635638, 38.964218667484758 ], [ -84.515131543363481, 38.96530586793893 ], [ -84.515574005946419, 38.966998187692091 ], [ -84.513780455368604, 38.968085415302959 ], [ -84.514222896805393, 38.969777806357008 ], [ -84.516459024614193, 38.970382937203297 ], [ -84.516901580705479, 38.972075366957299 ], [ -84.519137839787646, 38.972680459749817 ], [ -84.519580510550725, 38.974372928192935 ], [ -84.521816900911176, 38.974977982917487 ], [ -84.522259686363299, 38.976670490039098 ], [ -84.520465945635536, 38.97775797505281 ], [ -84.520908709963749, 38.979450553465377 ], [ -84.523145350853795, 38.980055614243099 ], [ -84.523588229898607, 38.981748231321404 ], [ -84.525825002095999, 38.982353253997523 ], [ -84.527618775979008, 38.98126561546313 ], [ -84.527175761097013, 38.979573031016805 ], [ -84.524939108165313, 38.978968052470819 ], [ -84.524496208006923, 38.977275506681472 ], [ -84.52628982495817, 38.976187972069752 ], [ -84.528526358634181, 38.976792906490623 ], [ -84.528969394610755, 38.978485419646226 ], [ -84.531206059560418, 38.979090315961756 ], [ -84.531649210267503, 38.980782867765704 ], [ -84.529855560203686, 38.981870555898624 ], [ -84.530298689826495, 38.983563178991268 ], [ -84.528504899384387, 38.984650894291164 ], [ -84.52626799587469, 38.984045909730803 ], [ -84.524474081603671, 38.985133575420178 ], [ -84.522237190130511, 38.984528508608925 ], [ -84.520443152042077, 38.985616124676056 ], [ -84.518206272629101, 38.985010975612667 ], [ -84.517763550574855, 38.983318254629602 ], [ -84.519557572061515, 38.982230715327475 ], [ -84.519114828865938, 38.980538065627741 ], [ -84.516878200041234, 38.979932922617031 ], [ -84.516435571555348, 38.978240311591691 ], [ -84.514199074047497, 38.977635130502605 ], [ -84.513756560254023, 38.975942558162345 ], [ -84.511520194058178, 38.975337339009016 ], [ -84.509726222451036, 38.976424648037053 ], [ -84.51016860039708, 38.978117252970897 ], [ -84.508374488409345, 38.979204589120357 ], [ -84.50881684517438, 38.980897265339841 ], [ -84.507022592787308, 38.981984628601928 ], [ -84.507464928362623, 38.983677376103138 ], [ -84.509701652214332, 38.984282727754383 ], [ -84.51014410249573, 38.98597551394532 ], [ -84.51238095771734, 38.986580827516583 ], [ -84.512823522722115, 38.988273652386567 ], [ -84.515060509318531, 38.98887892786378 ], [ -84.515503189063921, 38.990571791402012 ], [ -84.513708746298292, 38.99165941207076 ], [ -84.51147164042456, 38.991054092428072 ], [ -84.511029096597625, 38.989361196284229 ], [ -84.508792122117981, 38.988755838542247 ], [ -84.508349693024712, 38.987062981075397 ], [ -84.50611284993434, 38.986457585248317 ], [ -84.505670535557442, 38.984764766469119 ], [ -84.503433823851324, 38.984159332571117 ], [ -84.5016393072965, 38.985246673268207 ], [ -84.499402607759649, 38.984641157122105 ], [ -84.498960543991558, 38.982948344472362 ], [ -84.500755043846823, 38.981861080535602 ], [ -84.500312958850941, 38.980168339163988 ], [ -84.498076509898638, 38.979562829166674 ], [ -84.497634539567329, 38.977870126514922 ], [ -84.499428882300862, 38.976782966420544 ], [ -84.498986890740198, 38.97509033505284 ], [ -84.500781093082651, 38.974003202052728 ], [ -84.503017303683478, 38.974608623671912 ], [ -84.504811382338474, 38.973521441027515 ], [ -84.504369233711557, 38.971828913513434 ], [ -84.506163172003937, 38.970741757984158 ], [ -84.505721002184117, 38.969049301763562 ], [ -84.507514800132654, 38.967962173358167 ], [ -84.507072609128656, 38.9662697884349 ], [ -84.508866266752037, 38.965182687162184 ], [ -84.508424054572572, 38.963490373540097 ], [ -84.506188320554458, 38.962885128617458 ], [ -84.505746222977763, 38.961192853727425 ], [ -84.50753972364582, 38.960105856330792 ], [ -84.507097604892081, 38.958413652747737 ], [ -84.504862121229024, 38.95780841399494 ], [ -84.504420117050515, 38.956116249156629 ], [ -84.50621346078762, 38.955029355635077 ], [ -84.505771435430447, 38.953337262109621 ], [ -84.503536202069, 38.952732029546276 ], [ -84.503094291259515, 38.951039974778325 ], [ -84.504887478090041, 38.949953185130759 ], [ -84.504445546100314, 38.948261201681483 ], [ -84.502210562987003, 38.947655975327187 ], [ -84.501768745517467, 38.945964030648142 ], [ -84.503561775465727, 38.944877344873525 ], [ -84.503119936814372, 38.943185471519008 ], [ -84.50491282656705, 38.942098812908341 ], [ -84.504470966742559, 38.940407010882119 ], [ -84.502236352827396, 38.939801834919081 ], [ -84.501794607485309, 38.938110071677819 ], [ -84.50358734040779, 38.937023516944663 ], [ -84.505821835329471, 38.937628648750049 ], [ -84.507614444747048, 38.936542044493578 ], [ -84.507172542602461, 38.934850385135434 ], [ -84.508965011880562, 38.933763808069273 ], [ -84.511199399930163, 38.934368813661457 ], [ -84.512991745701584, 38.933282187095571 ], [ -84.515226145838966, 38.933887110628405 ], [ -84.517018368092124, 38.932800434574595 ], [ -84.519252780293726, 38.933405276049271 ], [ -84.519695089249595, 38.935096837697778 ], [ -84.51790285041595, 38.93618359045405 ], [ -84.515668319203144, 38.935578704857271 ], [ -84.513875956829949, 38.936665408125279 ], [ -84.514318109076328, 38.938357073693652 ], [ -84.516552759310386, 38.938962003417522 ], [ -84.518345138273006, 38.937875223443868 ], [ -84.520579800566168, 38.938480071090524 ], [ -84.522372055967949, 38.937393241628321 ], [ -84.524606730296554, 38.937998007198885 ], [ -84.525049268269328, 38.939689646341272 ] ], [ [ -84.518322013131296, 38.94572904089064 ], [ -84.516529337259513, 38.946815951988242 ], [ -84.514294317814873, 38.946210971961072 ], [ -84.51385209330634, 38.944519124970199 ], [ -84.51161720499978, 38.943914106977203 ], [ -84.509824422154324, 38.945000891835186 ], [ -84.507589545948946, 38.944395791743347 ], [ -84.50579663954629, 38.945482527065451 ], [ -84.506238592707547, 38.947174439192246 ], [ -84.508473587954924, 38.947779583436301 ], [ -84.508915655643293, 38.949471534324637 ], [ -84.507122592389436, 38.950558373531962 ], [ -84.507564638916563, 38.952250395740784 ], [ -84.509799884406959, 38.95285554617471 ], [ -84.510242045488738, 38.954547607132355 ], [ -84.512477422175024, 38.955152719584845 ], [ -84.512919697828679, 38.956844819280583 ], [ -84.515155205715786, 38.957449893737504 ], [ -84.51694831883556, 38.956362824355004 ], [ -84.516505907462417, 38.954670757246241 ], [ -84.518298880341717, 38.953583715043592 ], [ -84.517856447846924, 38.951891719253034 ], [ -84.519649280504467, 38.950804704239047 ], [ -84.519206826896706, 38.94911277977053 ], [ -84.520999519351193, 38.948025791953938 ], [ -84.520557044639148, 38.946333938811229 ], [ -84.518322013131296, 38.94572904089064 ] ] ], [ [ [ -84.512308525530315, 39.010160896023642 ], [ -84.512751307796975, 39.011854264415184 ], [ -84.510955988613503, 39.012942201169764 ], [ -84.511398749680964, 39.014635640806006 ], [ -84.509603289902984, 39.015723604618579 ], [ -84.507365085733127, 39.015118051992523 ], [ -84.506922460731388, 39.013424579745902 ], [ -84.508717903829975, 39.012336692733612 ], [ -84.508275257610009, 39.010643291729878 ], [ -84.510070560123069, 39.009555431772391 ], [ -84.512308525530315, 39.010160896023642 ] ] ], [ [ [ -84.498775872341142, 39.037978369583605 ], [ -84.499218442222627, 39.039672450248794 ], [ -84.49742171624797, 39.040760657185558 ], [ -84.495182437148699, 39.040154706626112 ], [ -84.494740003504759, 39.038460593366814 ], [ -84.496536712718708, 39.037372463258954 ], [ -84.498775872341142, 39.037978369583605 ] ] ], [ [ [ -84.496067398085557, 39.043543042963194 ], [ -84.496509925384984, 39.045237266036786 ], [ -84.494712917826348, 39.0463255269038 ], [ -84.492473399743218, 39.04571948785982 ], [ -84.492031008719522, 39.04402523219575 ], [ -84.493827999499388, 39.042937048163992 ], [ -84.496067398085557, 39.043543042963194 ] ] ], [ [ [ -84.493977158313896, 39.050850206849823 ], [ -84.496040529491921, 39.051408519513565 ], [ -84.496483129173484, 39.05310292357516 ], [ -84.495872379339573, 39.053472781150887 ], [ -84.494601575460891, 39.051627502414981 ], [ -84.493977158313896, 39.050850206849823 ] ] ] ] } },
{ "type": "Feature", "properties": { "hex_id": "892a930da33ffff", "median_val": 504983.90148284787, "category": 8, "bin": 8 }, "geometry": { "type": "MultiPolygon", "coordinates": [ [ [ [ -84.574587428963198, 39.001820464697452 ], [ -84.576825585445846, 39.002424611614103 ], [ -84.577270542811618, 39.004117456784044 ], [ -84.57547720784595, 39.005206187819361 ], [ -84.573238931838958, 39.00460199688132 ], [ -84.571445472772936, 39.005690678362136 ], [ -84.569207208539666, 39.005086405089855 ], [ -84.568762522891433, 39.003393494370513 ], [ -84.566524389961501, 39.002789182804626 ], [ -84.564730823177754, 39.003877737918359 ], [ -84.565175372949, 39.00557068139674 ], [ -84.563381665716918, 39.006659263733354 ], [ -84.561143425102188, 39.006054825788851 ], [ -84.559349593804399, 39.007143358535728 ], [ -84.559793986716045, 39.008836406028792 ], [ -84.558000014941328, 39.00992496597781 ], [ -84.555761666673874, 39.009320401628038 ], [ -84.55531740968253, 39.007627321398658 ], [ -84.557111365034473, 39.006538838253256 ], [ -84.55666708705364, 39.004845829288286 ], [ -84.558460901937593, 39.003757373341763 ], [ -84.56069901122008, 39.004361849561967 ], [ -84.562492702059714, 39.003273344025956 ], [ -84.562048267215829, 39.001580439069073 ], [ -84.563841817616066, 39.000491960752754 ], [ -84.566079819247534, 39.001096310598037 ], [ -84.567873245601717, 39.00000778271599 ], [ -84.570111259035826, 39.000612050244982 ], [ -84.570555965607753, 39.002304889690777 ], [ -84.572794110325873, 39.002909118931392 ], [ -84.574587428963198, 39.001820464697452 ] ] ], [ [ [ -84.56514455995044, 39.021293258428308 ], [ -84.564699864047384, 39.019599952906894 ], [ -84.56649402553866, 39.018511135323692 ], [ -84.56873289931896, 39.019115546443466 ], [ -84.5691777311891, 39.020808819195572 ], [ -84.567383553315736, 39.021897713599309 ], [ -84.56514455995044, 39.021293258428308 ] ] ], [ [ [ -84.574532023525421, 39.033267138467096 ], [ -84.576771662231295, 39.033871484194812 ], [ -84.577216912497477, 39.035565053251496 ], [ -84.575422388028755, 39.036654309383138 ], [ -84.575867617372765, 39.038347949674126 ], [ -84.574072952280147, 39.039437232998146 ], [ -84.574518160693273, 39.04113094451958 ], [ -84.576758170261769, 39.041735339911611 ], [ -84.577203493813315, 39.043429089853966 ], [ -84.575408671722215, 39.044518477212129 ], [ -84.575853974344582, 39.046212298378968 ], [ -84.574059011582989, 39.047301712915065 ], [ -84.571818762559928, 39.046697229428368 ], [ -84.57002367548273, 39.047786594276552 ], [ -84.570468821051023, 39.049480519466272 ], [ -84.568673593274625, 39.050569911471591 ], [ -84.566433236321231, 39.04996530142833 ], [ -84.565988226881316, 39.048271343446984 ], [ -84.563748001487809, 39.047666694975902 ], [ -84.563303107193263, 39.045972775428673 ], [ -84.561063013354769, 39.045368088544102 ], [ -84.560618234188226, 39.043674207441804 ], [ -84.558378271899869, 39.043069482157875 ], [ -84.557933607844078, 39.04137563951133 ], [ -84.559728769965204, 39.040286554912107 ], [ -84.559284084902146, 39.038592783488895 ], [ -84.561079106360026, 39.037503726033989 ], [ -84.560634400298412, 39.035810025837989 ], [ -84.562429281111832, 39.034720995536176 ], [ -84.564668884405236, 39.035325588592613 ], [ -84.566463640998577, 39.034236508616054 ], [ -84.566018777896829, 39.032542912421974 ], [ -84.56781339387436, 39.03145385961934 ], [ -84.567368509810564, 39.029760334661908 ], [ -84.569162985191113, 39.028671309042132 ], [ -84.571402361014492, 39.029275731548012 ], [ -84.571847381097371, 39.030969223722316 ], [ -84.57408688835956, 39.031573607846248 ], [ -84.574532023525421, 39.033267138467096 ] ] ], [ [ [ -84.535032446168046, 39.057227345868299 ], [ -84.536828808927766, 39.056138324833611 ], [ -84.53906920220922, 39.056743556566467 ], [ -84.539513352415625, 39.058437853478601 ], [ -84.541753877382718, 39.059043046827043 ], [ -84.542198142730939, 39.060737382210661 ], [ -84.540401746857214, 39.061826556971234 ], [ -84.540845991098905, 39.063520963547575 ], [ -84.539049454391545, 39.064610165357649 ], [ -84.536808689998452, 39.064004883721431 ], [ -84.535012029007447, 39.065094035701165 ], [ -84.532771276630029, 39.064488671513338 ], [ -84.530974491367004, 39.065577773650887 ], [ -84.528733751029009, 39.064972326910244 ], [ -84.528289915657382, 39.063277822201009 ], [ -84.530086684317709, 39.062188796930762 ], [ -84.532327304956226, 39.062794199504559 ], [ -84.534123949365963, 39.061705124392439 ], [ -84.533679956547388, 39.060010723572759 ], [ -84.53547646012268, 39.058921675494943 ], [ -84.535032446168046, 39.057227345868299 ] ] ], [ [ [ -84.515242924475046, 39.077074204550392 ], [ -84.513445202746169, 39.078163264959535 ], [ -84.513888659334768, 39.079858190898541 ], [ -84.512090796628854, 39.080947278252637 ], [ -84.51253423196269, 39.082642275352079 ], [ -84.514775666447662, 39.083248152431004 ], [ -84.515219216978494, 39.084943188020233 ], [ -84.513421196567734, 39.08603237919943 ], [ -84.513864725845465, 39.087727485943205 ], [ -84.516106412005229, 39.088333368834341 ], [ -84.516550056507626, 39.090028514055028 ], [ -84.518791874595607, 39.090634358521882 ], [ -84.519182637512728, 39.092127096117302 ], [ -84.51695346757954, 39.092491038551032 ], [ -84.515186735661032, 39.092779528900941 ], [ -84.511481281109667, 39.093384500624367 ], [ -84.511155256694508, 39.093296376019289 ], [ -84.510835788825688, 39.093489874104257 ], [ -84.509747583180271, 39.093667509699401 ], [ -84.508496481643277, 39.094153081755955 ], [ -84.50711489960382, 39.093779593965102 ], [ -84.505736591957302, 39.094614309606477 ], [ -84.503561603324627, 39.092003960098403 ], [ -84.503454581176086, 39.091875509652837 ], [ -84.50381548142424, 39.089736727074481 ], [ -84.504147581066007, 39.087768508840171 ], [ -84.5035520391272, 39.086514788479924 ], [ -84.502681711560285, 39.084682510932488 ], [ -84.501233239286506, 39.081632856381091 ], [ -84.501770827214372, 39.081307308864162 ], [ -84.501327779965166, 39.079612284977166 ], [ -84.503125874453289, 39.078523374415568 ], [ -84.505367032949692, 39.079129410861242 ], [ -84.507165003196377, 39.078040450338698 ], [ -84.506721798204339, 39.076345530251196 ], [ -84.508519627473206, 39.075256596658392 ], [ -84.508076401205656, 39.073561747735504 ], [ -84.50987408951562, 39.072472841081314 ], [ -84.512115020812629, 39.073078706476416 ], [ -84.513912584889113, 39.071989749897149 ], [ -84.516153528339387, 39.072595532713962 ], [ -84.516597027411166, 39.074290316320422 ], [ -84.514799446640481, 39.075379349775694 ], [ -84.515242924475046, 39.077074204550392 ] ] ], [ [ [ -84.49731509290433, 39.07222644389865 ], [ -84.495074330103478, 39.071620292436769 ], [ -84.494631606912279, 39.069925455333646 ], [ -84.493431963214277, 39.069600905223226 ], [ -84.494147576495223, 39.066868505334355 ], [ -84.494225953592832, 39.066665672637868 ], [ -84.495327867855565, 39.063813891840866 ], [ -84.497341761994605, 39.064358715497562 ], [ -84.497784527828486, 39.066053410258824 ], [ -84.495986765582728, 39.067142036370662 ], [ -84.496429510099631, 39.068836802304801 ], [ -84.498670153265493, 39.069442909512922 ], [ -84.499113012875128, 39.071137714001559 ], [ -84.49731509290433, 39.07222644389865 ] ] ] ] } },
{ "type": "Feature", "properties": { "hex_id": "892a93772bbffff", "median_val": 201074.04657908573, "category": 5, "bin": 7 }, "geometry": { "type": "MultiPolygon", "coordinates": [ [ [ [ -84.610736668244584, 38.972010555249199 ], [ -84.610871603899994, 38.973102482054273 ], [ -84.610974090251631, 38.973903828903858 ], [ -84.611390515209607, 38.977159693488652 ], [ -84.611417604388251, 38.977371482841292 ], [ -84.611526604506395, 38.978494483049978 ], [ -84.611641836287603, 38.979312524811682 ], [ -84.612027032469797, 38.982046932907295 ], [ -84.612215605084799, 38.983385483948737 ], [ -84.612249605108943, 38.983569483982116 ], [ -84.612337605192252, 38.984317484120425 ], [ -84.612388069157319, 38.984748647100929 ], [ -84.612508605354762, 38.985778484390373 ], [ -84.612577605419915, 38.986363484498604 ], [ -84.612644341227252, 38.98692928023484 ], [ -84.612849605677084, 38.988669484924706 ], [ -84.61308763357161, 38.990192898751012 ], [ -84.613349606070074, 38.991869485510222 ], [ -84.61336655329751, 38.992007612575854 ], [ -84.611765451663018, 38.99298068376914 ], [ -84.609527441082435, 38.992377283262663 ], [ -84.609081470857319, 38.990684881725379 ], [ -84.610873375510621, 38.989595913561416 ], [ -84.610427384559202, 38.987903583325036 ], [ -84.608189624642037, 38.98730018839025 ], [ -84.607743748645333, 38.985607896596598 ], [ -84.609535496889549, 38.984519032597625 ], [ -84.609089600164808, 38.982826812110744 ], [ -84.606852090857529, 38.982223422767426 ], [ -84.605060358759985, 38.983312209982834 ], [ -84.605506119819196, 38.985004463323008 ], [ -84.603714247464595, 38.986093277909866 ], [ -84.601476630214947, 38.98548976237106 ], [ -84.60103100483343, 38.983797476188009 ], [ -84.598793518684445, 38.983193922333513 ], [ -84.597001538420272, 38.984282610713372 ], [ -84.594764063885918, 38.983678974601332 ], [ -84.592971959555669, 38.984767613545785 ], [ -84.593417313545288, 38.986459965383204 ], [ -84.591625068928479, 38.987548631663294 ], [ -84.589387486550237, 38.986944869321164 ], [ -84.588942268274778, 38.985252484672323 ], [ -84.590734496659579, 38.984163895174895 ], [ -84.59028925756958, 38.982471581827838 ], [ -84.592081345676718, 38.9813830196628 ], [ -84.594318689100788, 38.98198669406748 ], [ -84.59611065316318, 38.980898082467334 ], [ -84.595665257591207, 38.979205873240922 ], [ -84.597457081404542, 38.978117288993893 ], [ -84.599694316986557, 38.978720837198928 ], [ -84.601486016753512, 38.977632203540487 ], [ -84.601040464758356, 38.975940098452483 ], [ -84.602832024304817, 38.974851492167979 ], [ -84.602386451559113, 38.973159458396715 ], [ -84.60417787090384, 38.972070879494829 ], [ -84.603732277416228, 38.970378917044165 ], [ -84.601495400186963, 38.969775500662571 ], [ -84.601049921553994, 38.968083576703776 ], [ -84.602841184558514, 38.966995101956989 ], [ -84.60507794235707, 38.96759847440741 ], [ -84.606869081354546, 38.966509950297116 ], [ -84.606423446409025, 38.964818130499012 ], [ -84.608214445260984, 38.963729633797669 ], [ -84.609755319994392, 38.964145228408718 ], [ -84.610056029293816, 38.966535732435126 ], [ -84.610288603366527, 38.968384481183193 ], [ -84.610367773549157, 38.969025212190147 ], [ -84.610736668244584, 38.972010555249199 ] ] ], [ [ [ -84.615399522047454, 39.010410060929445 ], [ -84.615709325992967, 39.012912052996484 ], [ -84.615883608541424, 39.014319489662192 ], [ -84.616105965635256, 39.015873197105876 ], [ -84.616200608805173, 39.016534490068473 ], [ -84.616281381273112, 39.017784029403309 ], [ -84.616283608928313, 39.017818490308805 ], [ -84.616695011590437, 39.021040867426578 ], [ -84.6167496093464, 39.021468490981064 ], [ -84.616849609445111, 39.022368491147532 ], [ -84.616965946524289, 39.023207955023842 ], [ -84.61734375282613, 39.02593398803802 ], [ -84.617719330329507, 39.028643730577812 ], [ -84.617853610298511, 39.029612492477732 ], [ -84.617879610326909, 39.029880492527418 ], [ -84.617849610378371, 39.030668492678601 ], [ -84.617863643870422, 39.030792677944355 ], [ -84.618127610649751, 39.033128493133177 ], [ -84.618267440734357, 39.034047377792604 ], [ -84.618288610778691, 39.034186493326743 ], [ -84.618560007004859, 39.03599177274738 ], [ -84.618624611049967, 39.036421493735816 ], [ -84.61894661127927, 39.038165494052201 ], [ -84.619049340572516, 39.038977136582631 ], [ -84.617546811699057, 39.038572344870268 ], [ -84.617100128038075, 39.036878923561893 ], [ -84.614860001931135, 39.036275352809895 ], [ -84.614413433477523, 39.034581969835301 ], [ -84.61217343871273, 39.033978360572817 ], [ -84.611726985449195, 39.032285015942769 ], [ -84.60948712202169, 39.031681368183953 ], [ -84.607693592085866, 39.032771021104374 ], [ -84.6081399094071, 39.034464398627584 ], [ -84.606346238926321, 39.035554078836455 ], [ -84.604106267308396, 39.034950304674169 ], [ -84.603660085941627, 39.03325689426832 ], [ -84.601420245690022, 39.032653081627672 ], [ -84.599626467051749, 39.033742635421504 ], [ -84.597386638423686, 39.033138740337961 ], [ -84.59559273545149, 39.034228244550832 ], [ -84.593352918470686, 39.033624267023129 ], [ -84.591558891176092, 39.0347137216433 ], [ -84.589319085866308, 39.034109661670115 ], [ -84.587524934260841, 39.035199066685799 ], [ -84.58797057168772, 39.036892608517498 ], [ -84.586176279487958, 39.037982040761605 ], [ -84.586621896041223, 39.039675653829079 ], [ -84.584827463228322, 39.040765113292771 ], [ -84.58527305889929, 39.042458797592175 ], [ -84.587513223428488, 39.043062989592805 ], [ -84.587958934269011, 39.044756712284915 ], [ -84.59019923026618, 39.045360865818189 ], [ -84.590645056293582, 39.047054626892169 ], [ -84.588850450260253, 39.048144267279085 ], [ -84.58929625541748, 39.04983809957703 ], [ -84.591536802686278, 39.050442258637247 ], [ -84.593331424995142, 39.049352541388942 ], [ -84.59557198394279, 39.049956617944844 ], [ -84.59601804039589, 39.051650455750185 ], [ -84.598258730826075, 39.052254493796042 ], [ -84.600053244971861, 39.051164650041443 ], [ -84.602293947042611, 39.051768605575241 ], [ -84.602740254810485, 39.053462448849366 ], [ -84.604981088354066, 39.054066365849984 ], [ -84.606775494269897, 39.052976395596893 ], [ -84.609016339415774, 39.053580230077827 ], [ -84.609462898517336, 39.05527407878197 ], [ -84.611703875126338, 39.055877874706496 ], [ -84.613498172745295, 39.054787777962844 ], [ -84.615739160918295, 39.055391491360055 ], [ -84.617533334033638, 39.054301345009783 ], [ -84.619774333746875, 39.054904975880987 ], [ -84.620221280254071, 39.056598797046732 ], [ -84.618427090998836, 39.057689020273095 ], [ -84.618874016764423, 39.059382912659437 ], [ -84.617079686835297, 39.060473163158242 ], [ -84.617526591850606, 39.062167126761366 ], [ -84.619767962877987, 39.062770806931198 ], [ -84.621562308943467, 39.061680479549764 ], [ -84.621115267849092, 39.059986548883217 ], [ -84.621657896328358, 39.059656811612555 ], [ -84.621934222020684, 39.061780638282663 ], [ -84.622049614082655, 39.062667498562085 ], [ -84.622270614301144, 39.064656498929587 ], [ -84.622312164595883, 39.065029585957156 ], [ -84.622318614348586, 39.065087499009138 ], [ -84.622530768457622, 39.066989060028519 ], [ -84.622802614825957, 39.069425499810187 ], [ -84.622865977369102, 39.069899720260395 ], [ -84.621556233526633, 39.069547033412043 ], [ -84.619761589897209, 39.070637492210828 ], [ -84.617519847432575, 39.070033762757873 ], [ -84.617072868583719, 39.068339618458921 ], [ -84.614831257640347, 39.067735850382007 ], [ -84.613036505576403, 39.068826182645125 ], [ -84.610794906195551, 39.068222331992231 ], [ -84.610348178836333, 39.066528193044554 ], [ -84.608106710986448, 39.065924303790901 ], [ -84.606311850554931, 39.067014509510457 ], [ -84.604070394305879, 39.066410537688441 ], [ -84.602275409342681, 39.067500693741479 ], [ -84.600033964718264, 39.066896639349849 ], [ -84.598238855234925, 39.067986745724617 ], [ -84.595997422258932, 39.067382608762045 ], [ -84.594202188267005, 39.068472665446748 ], [ -84.594648370985752, 39.070166935979834 ], [ -84.592852996213921, 39.071257019850371 ], [ -84.590611455002346, 39.070652756297996 ], [ -84.588815955723589, 39.071742790454621 ], [ -84.58657442621724, 39.071138444318485 ], [ -84.58477880244314, 39.072228428749426 ], [ -84.58522469185813, 39.073922836205099 ], [ -84.583428927265444, 39.075012847788933 ], [ -84.583874795761531, 39.07670732643345 ], [ -84.582078890331402, 39.077797365161366 ], [ -84.579837132745112, 39.077192848349171 ], [ -84.579391400502388, 39.075498336859056 ], [ -84.577149774587724, 39.074893781498233 ], [ -84.576704157653353, 39.073199308358433 ], [ -84.574462663405384, 39.072594714463257 ], [ -84.574017161762058, 39.070900279684537 ], [ -84.57177579917591, 39.070295647269319 ], [ -84.571330412806248, 39.068601250862471 ], [ -84.569089181877075, 39.067996579941429 ], [ -84.568643910763711, 39.066302221917276 ], [ -84.570439734350032, 39.065212567622766 ], [ -84.56999444225697, 39.063518280794064 ], [ -84.567753462792425, 39.062913615455813 ], [ -84.567308285927922, 39.061219367022694 ], [ -84.569103952324525, 39.060129816729471 ], [ -84.568658754478605, 39.058435639497723 ], [ -84.566418026424842, 39.057830979762088 ], [ -84.565972943779741, 39.056136840938784 ], [ -84.56373234732952, 39.055532142750586 ], [ -84.563287379867901, 39.05383804234652 ], [ -84.561046915016306, 39.053233305719942 ], [ -84.560602062720847, 39.051539243745907 ], [ -84.562397539113476, 39.050449951175693 ], [ -84.56195266581409, 39.048755960413111 ], [ -84.559712452271015, 39.048151229447988 ], [ -84.559267694110076, 39.04645727712829 ], [ -84.557027612136466, 39.045852507758589 ], [ -84.556582969096638, 39.044158593892554 ], [ -84.554343018687675, 39.043553786132492 ], [ -84.553898490751607, 39.041859910730885 ], [ -84.555693777100942, 39.040770875842313 ], [ -84.557933607844078, 39.04137563951133 ], [ -84.558378271899869, 39.043069482157875 ], [ -84.560618234188226, 39.043674207441804 ], [ -84.561063013354769, 39.045368088544102 ], [ -84.563303107193263, 39.045972775428673 ], [ -84.563748001487809, 39.047666694975902 ], [ -84.565988226881316, 39.048271343446984 ], [ -84.566433236321231, 39.04996530142833 ], [ -84.568673593274625, 39.050569911471591 ], [ -84.570468821051023, 39.049480519466272 ], [ -84.57002367548273, 39.047786594276552 ], [ -84.571818762559928, 39.046697229428368 ], [ -84.574059011582989, 39.047301712915065 ], [ -84.575853974344582, 39.046212298378968 ], [ -84.575408671722215, 39.044518477212129 ], [ -84.577203493813315, 39.043429089853966 ], [ -84.576758170261769, 39.041735339911611 ], [ -84.574518160693273, 39.04113094451958 ], [ -84.574072952280147, 39.039437232998146 ], [ -84.575867617372765, 39.038347949674126 ], [ -84.575422388028755, 39.036654309383138 ], [ -84.577216912497477, 39.035565053251496 ], [ -84.576771662231295, 39.033871484194812 ], [ -84.574532023525421, 39.033267138467096 ], [ -84.57408688835956, 39.031573607846248 ], [ -84.571847381097371, 39.030969223722316 ], [ -84.571402361014492, 39.029275731548012 ], [ -84.569162985191113, 39.028671309042132 ], [ -84.567368509810564, 39.029760334661908 ], [ -84.56781339387436, 39.03145385961934 ], [ -84.566018777896829, 39.032542912421974 ], [ -84.566463640998577, 39.034236508616054 ], [ -84.564668884405236, 39.035325588592613 ], [ -84.562429281111832, 39.034720995536176 ], [ -84.560634400298412, 39.035810025837989 ], [ -84.561079106360026, 39.037503726033989 ], [ -84.559284084902146, 39.038592783488895 ], [ -84.557044373814762, 39.037988063905964 ], [ -84.556599803834715, 39.036294330951286 ], [ -84.558394808856633, 39.035205350336128 ], [ -84.557950217867656, 39.03351168861073 ], [ -84.555710757927514, 39.032906974748514 ], [ -84.555266281993852, 39.031213351504519 ], [ -84.557061129940934, 39.030124474872359 ], [ -84.556616632996665, 39.028430922863556 ], [ -84.558411340336079, 39.027342073386912 ], [ -84.557966822389915, 39.025648592617152 ], [ -84.555727733130013, 39.025043928577077 ], [ -84.553933042233396, 39.026132701227269 ], [ -84.551693964859297, 39.025527954778887 ], [ -84.551249697952997, 39.023834479769363 ], [ -84.553044372394325, 39.022745783942121 ], [ -84.552600084465368, 39.021052380175711 ], [ -84.554394618335778, 39.019963711506506 ], [ -84.556633456585288, 39.020568369786069 ], [ -84.557077880517781, 39.022261740814606 ], [ -84.5593168502011, 39.022866360777989 ], [ -84.561111276381581, 39.021777565639006 ], [ -84.560666716457746, 39.020084227358744 ], [ -84.558427866340907, 39.019479651467087 ], [ -84.557983421413567, 39.017786351687285 ], [ -84.555744702711181, 39.017181737484698 ], [ -84.555300372763043, 39.015488476216134 ], [ -84.553061785470248, 39.014883823716872 ], [ -84.55126740860166, 39.015972388406119 ], [ -84.549028833205114, 39.015367653536892 ], [ -84.548584754189463, 39.013674398068048 ], [ -84.546346310212087, 39.013069624925343 ], [ -84.545902346134142, 39.011376407997915 ], [ -84.547696690066076, 39.010287996924568 ], [ -84.547252704951802, 39.008594851254102 ], [ -84.545014511858483, 39.007990083950062 ], [ -84.544570641654261, 39.006296976833859 ], [ -84.546364828601853, 39.005208669726144 ], [ -84.545920937359639, 39.003515633872823 ], [ -84.547714983828584, 39.002427353936838 ], [ -84.549952938012595, 39.003032033059931 ], [ -84.5517468604817, 39.001943703511294 ], [ -84.551302812310666, 39.000250771634796 ], [ -84.553096594329745, 38.999162469278644 ], [ -84.555334440962341, 38.999767022007589 ], [ -84.557128098979831, 38.998678670062482 ], [ -84.559365957476913, 38.999283140481566 ], [ -84.561159491481234, 38.998194738959263 ], [ -84.563397361819099, 38.998799127069702 ], [ -84.56519077179874, 38.997710675981935 ], [ -84.567428653953726, 38.998314981785036 ], [ -84.567873245601717, 39.00000778271599 ], [ -84.566079819247534, 39.001096310598037 ], [ -84.563841817616066, 39.000491960752754 ], [ -84.562048267215829, 39.001580439069073 ], [ -84.562492702059714, 39.003273344025956 ], [ -84.56069901122008, 39.004361849561967 ], [ -84.558460901937593, 39.003757373341763 ], [ -84.55666708705364, 39.004845829288286 ], [ -84.557111365034473, 39.006538838253256 ], [ -84.55531740968253, 39.007627321398658 ], [ -84.555761666673874, 39.009320401628038 ], [ -84.558000014941328, 39.00992496597781 ], [ -84.559793986716045, 39.008836406028792 ], [ -84.559349593804399, 39.007143358535728 ], [ -84.561143425102188, 39.006054825788851 ], [ -84.563381665716918, 39.006659263733354 ], [ -84.565175372949, 39.00557068139674 ], [ -84.564730823177754, 39.003877737918359 ], [ -84.566524389961501, 39.002789182804626 ], [ -84.568762522891433, 39.003393494370513 ], [ -84.569207208539666, 39.005086405089855 ], [ -84.571445472772936, 39.005690678362136 ], [ -84.573238931838958, 39.00460199688132 ], [ -84.57547720784595, 39.005206187819361 ], [ -84.577270542811618, 39.004117456784044 ], [ -84.576825585445846, 39.002424611614103 ], [ -84.574587428963198, 39.001820464697452 ], [ -84.572794110325873, 39.002909118931392 ], [ -84.570555965607753, 39.002304889690777 ], [ -84.570111259035826, 39.000612050244982 ], [ -84.571904561332403, 38.999523472808939 ], [ -84.574142586545491, 39.000127658022905 ], [ -84.575935764772893, 38.999039031044632 ], [ -84.575490901459276, 38.99734629564923 ], [ -84.577283939295555, 38.996257695935427 ], [ -84.579521856759769, 38.996861754824153 ], [ -84.581314770525182, 38.995773105591795 ], [ -84.583552699711817, 38.996377082178242 ], [ -84.583997834642517, 38.998069751996177 ], [ -84.586235895050422, 38.998673690272689 ], [ -84.586681144932626, 39.00036639857062 ], [ -84.588919336566676, 39.000970298523015 ], [ -84.589364701417665, 39.002663045290227 ], [ -84.591603024282676, 39.003266906904265 ], [ -84.59339586273164, 39.002177977768419 ], [ -84.59563419725194, 39.002781757054599 ], [ -84.597426911542925, 39.001692778422978 ], [ -84.59966525769488, 39.002296475382671 ], [ -84.601457847816349, 39.001207447267014 ], [ -84.603696205576199, 39.001811061901449 ], [ -84.605488671516667, 39.000721984313607 ], [ -84.60772704086078, 39.001325516624057 ], [ -84.609519382608767, 39.000236389575626 ], [ -84.611757763513452, 39.000839839563461 ], [ -84.613549981057375, 38.999750663066344 ], [ -84.614147249152666, 38.999911664233466 ], [ -84.614149606927541, 38.999968487013732 ], [ -84.614349607193759, 39.002668487517944 ], [ -84.614419482924689, 39.003129685620948 ], [ -84.61469474266066, 39.004946413203392 ], [ -84.614849607594778, 39.005968488122328 ], [ -84.615105044299384, 39.00803167976116 ], [ -84.615399522047454, 39.010410060929445 ] ], [ [ -84.56649402553866, 39.018511135323692 ], [ -84.564699864047384, 39.019599952906894 ], [ -84.56514455995044, 39.021293258428308 ], [ -84.567383553315736, 39.021897713599309 ], [ -84.5691777311891, 39.020808819195572 ], [ -84.56873289931896, 39.019115546443466 ], [ -84.56649402553866, 39.018511135323692 ] ] ], [ [ [ -84.620661454437467, 39.051997142671553 ], [ -84.618880535296682, 39.051517443064753 ], [ -84.618433683347121, 39.049823731418577 ], [ -84.620227575189062, 39.048733639633177 ], [ -84.619780702504812, 39.047039999217375 ], [ -84.617540073982738, 39.046436417660367 ], [ -84.617093316561323, 39.044742815552574 ], [ -84.618887051669262, 39.043652827925833 ], [ -84.619667811546961, 39.043863151317645 ], [ -84.620049317068705, 39.046876765734574 ], [ -84.620286408763434, 39.048749486981706 ], [ -84.620351612548546, 39.049264496095553 ], [ -84.620449612662469, 39.050368496300706 ], [ -84.620661454437467, 39.051997142671553 ] ] ], [ [ [ -84.594308115641098, 38.989844778839377 ], [ -84.594753563753798, 38.991537240454051 ], [ -84.592961162603146, 38.992626010850252 ], [ -84.590723329564412, 38.99202224284037 ], [ -84.590278017191778, 38.990329748407312 ], [ -84.592070402113933, 38.989241054800402 ], [ -84.594308115641098, 38.989844778839377 ] ] ], [ [ [ -84.582230057400878, 38.983440962245268 ], [ -84.582675025064134, 38.985133341187442 ], [ -84.580882548604748, 38.986221831755444 ], [ -84.578645120765373, 38.985617866600364 ], [ -84.578200288833685, 38.983925454876307 ], [ -84.579992749005953, 38.982837041087059 ], [ -84.582230057400878, 38.983440962245268 ] ] ], [ [ [ -84.554023202249056, 39.097868398636137 ], [ -84.553777380056189, 39.096932060245088 ], [ -84.555574753605256, 39.095842108125467 ], [ -84.55626376258931, 39.096028040431797 ], [ -84.554448596743015, 39.097667508370328 ], [ -84.554023202249056, 39.097868398636137 ] ] ], [ [ [ -84.501431760053961, 39.048143402601234 ], [ -84.501874517327835, 39.04983770286244 ], [ -84.500077476248876, 39.05092611741037 ], [ -84.497837694646165, 39.050320154852805 ], [ -84.497395073662034, 39.048625821983684 ], [ -84.495155423821615, 39.048019821175764 ], [ -84.494712917826348, 39.0463255269038 ], [ -84.496509925384984, 39.045237266036786 ], [ -84.49874945570906, 39.045843222605136 ], [ -84.500546339223618, 39.044754911863251 ], [ -84.500103675660597, 39.043060721390709 ], [ -84.501900418383528, 39.041972437621574 ], [ -84.504139841409199, 39.042578267491265 ], [ -84.50458264122372, 39.044272425352283 ], [ -84.506822195958435, 39.044878216973132 ], [ -84.507265110765459, 39.046572413415959 ], [ -84.505468334583156, 39.04766085086024 ], [ -84.503228660313454, 39.047055015020312 ], [ -84.501431760053961, 39.048143402601234 ] ] ], [ [ [ -84.540865440726392, 39.055654485725789 ], [ -84.543105845995626, 39.05625963493781 ], [ -84.54355013244168, 39.05795389912484 ], [ -84.541753877382718, 39.059043046827043 ], [ -84.539513352415625, 39.058437853478601 ], [ -84.53906920220922, 39.056743556566467 ], [ -84.536828808927766, 39.056138324833611 ], [ -84.535032446168046, 39.057227345868299 ], [ -84.53547646012268, 39.058921675494943 ], [ -84.533679956547388, 39.060010723572759 ], [ -84.534123949365963, 39.061705124392439 ], [ -84.532327304956226, 39.062794199504559 ], [ -84.530086684317709, 39.062188796930762 ], [ -84.528289915657382, 39.063277822201009 ], [ -84.528733751029009, 39.064972326910244 ], [ -84.526936841505574, 39.066061379193883 ], [ -84.527380655704548, 39.067755955086604 ], [ -84.525583605299161, 39.068845034374796 ], [ -84.523342757324144, 39.068239460897949 ], [ -84.521545582660167, 39.069328490308415 ], [ -84.519304746781486, 39.068722834266005 ], [ -84.517507447870571, 39.069811813786956 ], [ -84.51795096817078, 39.07150652622137 ], [ -84.516153528339387, 39.072595532713962 ], [ -84.513912584889113, 39.071989749897149 ], [ -84.512115020812629, 39.073078706476416 ], [ -84.50987408951562, 39.072472841081314 ], [ -84.508076401205656, 39.073561747735504 ], [ -84.508519627473206, 39.075256596658392 ], [ -84.506721798204339, 39.076345530251196 ], [ -84.507165003196377, 39.078040450338698 ], [ -84.505367032949692, 39.079129410861242 ], [ -84.503125874453289, 39.078523374415568 ], [ -84.501327779965166, 39.079612284977166 ], [ -84.501770827214372, 39.081307308864162 ], [ -84.501233239286506, 39.081632856381091 ], [ -84.501185579708206, 39.081532507793277 ], [ -84.499847579191396, 39.079968507558576 ], [ -84.499080618914405, 39.079009808108182 ], [ -84.499047578877295, 39.078968507405889 ], [ -84.497761829930894, 39.077072655155099 ], [ -84.497477578233941, 39.076653507039111 ], [ -84.495984042625608, 39.075102601773757 ], [ -84.49587207179016, 39.074986326421609 ], [ -84.493530761012266, 39.072554896486473 ], [ -84.493447576717443, 39.072468506431555 ], [ -84.49304757649135, 39.071068506183991 ], [ -84.493431963214277, 39.069600905223226 ], [ -84.494631606912279, 39.069925455333646 ], [ -84.495074330103478, 39.071620292436769 ], [ -84.49731509290433, 39.07222644389865 ], [ -84.499113012875128, 39.071137714001559 ], [ -84.498670153265493, 39.069442909512922 ], [ -84.496429510099631, 39.068836802304801 ], [ -84.495986765582728, 39.067142036370662 ], [ -84.497784527828486, 39.066053410258824 ], [ -84.497341761994605, 39.064358715497562 ], [ -84.495327867855565, 39.063813891840866 ], [ -84.496417861032597, 39.060992727285488 ], [ -84.496444438134318, 39.060923936423492 ], [ -84.496456324079844, 39.060969435716956 ], [ -84.498696596175577, 39.061575492727101 ], [ -84.49913938331764, 39.063270116311585 ], [ -84.501379787243721, 39.063876135027229 ], [ -84.503177284419152, 39.062787485917376 ], [ -84.505417700556421, 39.063393422090684 ], [ -84.507215073572596, 39.062304723068692 ], [ -84.509455501897179, 39.062910576700929 ], [ -84.511252750742457, 39.061821827778537 ], [ -84.513493191230609, 39.062427598870968 ], [ -84.51393650251245, 39.064122163096741 ], [ -84.512139236966192, 39.065210988881866 ], [ -84.512582527007609, 39.066905624287742 ], [ -84.514823218949886, 39.067511401252219 ], [ -84.51662050118469, 39.066422498600915 ], [ -84.516177074792495, 39.064727895853409 ], [ -84.517974216134746, 39.063639020179352 ], [ -84.517530768521254, 39.06194448861379 ], [ -84.519327768989783, 39.06085563992589 ], [ -84.521568233733689, 39.061461245942361 ], [ -84.523365109996362, 39.06037234738934 ], [ -84.525605586832455, 39.060977870869706 ], [ -84.52740233887765, 39.05988892246333 ], [ -84.526958597462993, 39.058194527439078 ], [ -84.528755208672962, 39.057105606051735 ], [ -84.528311446092772, 39.055411282220724 ], [ -84.53010791648633, 39.05432238786134 ], [ -84.529664132749346, 39.052628135227501 ], [ -84.53146046234535, 39.051539267904921 ], [ -84.533700592270279, 39.052144576363951 ], [ -84.534144512245106, 39.053838796300681 ], [ -84.536384773845811, 39.054444066403775 ], [ -84.538180995808801, 39.053355072421105 ], [ -84.54042126941178, 39.053960260012325 ], [ -84.540865440726392, 39.055654485725789 ] ] ] ] } }
]
}
