{
"type": "FeatureCollection",
"name": "modeshare",
"crs": { "type": "name", "properties": { "name": "urn:ogc:def:crs:OGC:1.3:CRS84" } },
"features": [
{ "type": "Feature", "properties": { "mdshnocar": 5.679 }, "geometry": { "type": "MultiPolygon", "coordinates": [ [ [ [ -84.617070999656164, 39.021782999951469 ], [ -84.616973999571783, 39.021863999702795 ], [ -84.616884999883311, 39.021936999967828 ], [ -84.616745000141236, 39.022050999963277 ], [ -84.615626000232837, 39.023180000082107 ], [ -84.615596000095621, 39.023209999718226 ], [ -84.612993000405851, 39.025825999843676 ], [ -84.612950999674737, 39.025869000314032 ], [ -84.612749000008378, 39.025744999746685 ], [ -84.612432999640873, 39.025551999899811 ], [ -84.611671999932781, 39.025161999808681 ], [ -84.611285000318475, 39.025003000259979 ], [ -84.61114600040132, 39.024943999761483 ], [ -84.610245000052799, 39.024581000070341 ], [ -84.609798999988982, 39.024384000278552 ], [ -84.609341000229563, 39.024193999707819 ], [ -84.609092999634143, 39.0240739999658 ], [ -84.608935000348694, 39.023998999674603 ], [ -84.608504000353477, 39.023760000095677 ], [ -84.60826300032906, 39.023604999787885 ], [ -84.60793299971786, 39.023377999817903 ], [ -84.607768999686328, 39.0232529996862 ], [ -84.60744399999632, 39.023004000239148 ], [ -84.607146999895406, 39.02277300008565 ], [ -84.606997000107569, 39.022645000013952 ], [ -84.606732999618615, 39.022387999780925 ], [ -84.60484100030655, 39.020663000210071 ], [ -84.603923000239604, 39.019827999697988 ], [ -84.60301199984535, 39.018995000074383 ], [ -84.601698999768203, 39.017791000231043 ], [ -84.601624000323454, 39.017716000254033 ], [ -84.601180999734353, 39.0173229997162 ], [ -84.600790999747019, 39.016966000296598 ], [ -84.600619000217876, 39.016799999960433 ], [ -84.600473999554609, 39.016699000027728 ], [ -84.601027999573475, 39.016504000260831 ], [ -84.601646999889681, 39.016245999861042 ], [ -84.601815999944066, 39.016177000024676 ], [ -84.601902999982713, 39.016141999990907 ], [ -84.602251000137258, 39.015972999963054 ], [ -84.60231999973422, 39.015937999828324 ], [ -84.602694999652968, 39.015755000197892 ], [ -84.602897000217638, 39.015636000279414 ], [ -84.603110999579556, 39.015481999800301 ], [ -84.603226999930513, 39.015386000338076 ], [ -84.603409000403715, 39.015233999701628 ], [ -84.60378500014734, 39.014923999751133 ], [ -84.604012999752982, 39.014734000280576 ], [ -84.604263999823161, 39.014527000331476 ], [ -84.605146999729996, 39.013798999875597 ], [ -84.605364000363281, 39.01362200019598 ], [ -84.606216000307967, 39.012912000084732 ], [ -84.606390000385247, 39.012769999905139 ], [ -84.606767999778711, 39.012456000088235 ], [ -84.607305000079137, 39.012009000002465 ], [ -84.607403999813343, 39.011926000347025 ], [ -84.607504000270779, 39.011844000137636 ], [ -84.607679999997885, 39.011695999842509 ], [ -84.60845400012478, 39.011053999702447 ], [ -84.609280999955104, 39.010373999833263 ], [ -84.610117000006284, 39.009686000325217 ], [ -84.611240000112645, 39.008766999868328 ], [ -84.611507000076344, 39.008544999772873 ], [ -84.61158499989412, 39.008481999741456 ], [ -84.61177599968984, 39.008313000255441 ], [ -84.612046999851501, 39.008084999759646 ], [ -84.61305000030724, 39.007250999712795 ], [ -84.613719999778766, 39.006693999954209 ], [ -84.613980999894665, 39.006516000325966 ], [ -84.614103999918328, 39.006454000201245 ], [ -84.614166999667503, 39.006423000118524 ], [ -84.61428399984338, 39.006373000249219 ], [ -84.614513000172238, 39.00629200020439 ], [ -84.615155000054642, 39.006083999655843 ], [ -84.615310999690251, 39.007367000261205 ], [ -84.615379000360633, 39.00792999999188 ], [ -84.615447000132704, 39.008479000270434 ], [ -84.615492000338534, 39.008849000155053 ], [ -84.615616000187103, 39.009856000290497 ], [ -84.615760999952059, 39.011056999762296 ], [ -84.615883999975708, 39.012063999871899 ], [ -84.615976999862113, 39.012827000335903 ], [ -84.616037999961492, 39.013326999978176 ], [ -84.616114000129485, 39.013945000232233 ], [ -84.616129000198086, 39.014070000068578 ], [ -84.61613900024382, 39.014150000071282 ], [ -84.616149000289582, 39.014235000323929 ], [ -84.616295999704349, 39.015434999927187 ], [ -84.616301999552121, 39.015489999924107 ], [ -84.616482000375498, 39.016963999958499 ], [ -84.616572999713796, 39.01770200012858 ], [ -84.616615000444881, 39.018053999949807 ], [ -84.616633999813146, 39.0181999998969 ], [ -84.616637000186188, 39.018227999947904 ], [ -84.616669999798162, 39.018495000026917 ], [ -84.616893000279234, 39.020328000090004 ], [ -84.616908000347848, 39.020451000268501 ], [ -84.616911999647485, 39.020482999905369 ], [ -84.616930000089155, 39.020627000185769 ], [ -84.616935999936942, 39.020680000098849 ], [ -84.616940999959823, 39.020722000093897 ], [ -84.61694699980761, 39.020772999705414 ], [ -84.616973999571783, 39.02099999966471 ], [ -84.616991000188534, 39.021131999665663 ], [ -84.617038999869109, 39.021520000144925 ], [ -84.617070999656164, 39.021782999951469 ] ] ] ] } },
{ "type": "Feature", "properties": { "mdshnocar": 4.236 }, "geometry": { "type": "MultiPolygon", "coordinates": [ [ [ [ -84.612950999674737, 39.025869000314032 ], [ -84.609439000138849, 39.029508999947424 ], [ -84.608823000195713, 39.030095000269981 ], [ -84.608254000108218, 39.030578000325839 ], [ -84.607197000124117, 39.031333000162107 ], [ -84.605967999712561, 39.032039999654046 ], [ -84.604766999788396, 39.032611000013809 ], [ -84.601902999982713, 39.033908999767455 ], [ -84.600880000333788, 39.034375000193648 ], [ -84.600455000186358, 39.034569000291725 ], [ -84.599963000091762, 39.034769000058269 ], [ -84.599788000189577, 39.034863999801452 ], [ -84.599620999785003, 39.034947999658918 ], [ -84.599599999868602, 39.034968000042234 ], [ -84.599522999875703, 39.034984000065684 ], [ -84.599388000156495, 39.035044999685766 ], [ -84.59779600042009, 39.035743999798242 ], [ -84.596188999716745, 39.036420000326764 ], [ -84.595265999626932, 39.036823000342622 ], [ -84.593846000317981, 39.037454000186521 ], [ -84.593038999680815, 39.037819999674632 ], [ -84.592628999601985, 39.037998999919786 ], [ -84.592237999789745, 39.038184000320278 ], [ -84.591773000357634, 39.038387999785463 ], [ -84.5911509996684, 39.038684999821442 ], [ -84.590913999841931, 39.038778000160967 ], [ -84.589798000306587, 39.039257000068623 ], [ -84.588800999698606, 39.039658000255841 ], [ -84.588305000304373, 39.039847999725673 ], [ -84.587161000281625, 39.040259999677851 ], [ -84.586413999918889, 39.040515000146549 ], [ -84.5848580001675, 39.041016999693298 ], [ -84.583634999603731, 39.041415000190206 ], [ -84.583247999989425, 39.041548000263191 ], [ -84.5828720002458, 39.041692000191027 ], [ -84.582510999672465, 39.04184399975771 ], [ -84.582144999974574, 39.042014999664232 ], [ -84.581864999592085, 39.042167999743839 ], [ -84.581799000368164, 39.042203000148724 ], [ -84.581908000148104, 39.041895999993372 ], [ -84.582309999831011, 39.040740999669559 ], [ -84.582713000237135, 39.039586999849121 ], [ -84.582924000124336, 39.038982000004417 ], [ -84.583042999950024, 39.038642000170711 ], [ -84.583155999927925, 39.038317000195754 ], [ -84.583454999678679, 39.037491999771682 ], [ -84.583555999961021, 39.037244000127629 ], [ -84.583823999749612, 39.03663600008602 ], [ -84.584068000147099, 39.036141999994285 ], [ -84.584304999973554, 39.0356999998493 ], [ -84.584447000263779, 39.035456999733206 ], [ -84.584609999572081, 39.035176999976031 ], [ -84.585059000008954, 39.034476999915974 ], [ -84.585388999721843, 39.03401300001812 ], [ -84.585885999839306, 39.033361000078465 ], [ -84.586394999652327, 39.032721999704577 ], [ -84.587025999664093, 39.031934000074344 ], [ -84.587219000007948, 39.031693000188078 ], [ -84.59102299962187, 39.026947000166906 ], [ -84.591068999652634, 39.026890999981212 ], [ -84.592580999921395, 39.025003000259979 ], [ -84.592653999716333, 39.024913000106721 ], [ -84.592765999869329, 39.024771999659542 ], [ -84.593093000107473, 39.024363999691595 ], [ -84.593140999788062, 39.024302999925034 ], [ -84.598181000384557, 39.0180110003095 ], [ -84.598391000446838, 39.017747999732791 ], [ -84.598518999595044, 39.01758599977979 ], [ -84.598932000046915, 39.017096999984076 ], [ -84.599138999736141, 39.016835999839365 ], [ -84.599659000318155, 39.016159999751203 ], [ -84.599692999755021, 39.016185000069854 ], [ -84.599845000090994, 39.016283999681448 ], [ -84.600091000138292, 39.016428000138077 ], [ -84.600473999554609, 39.016699000027728 ], [ -84.600619000217876, 39.016799999960433 ], [ -84.600790999747019, 39.016966000296598 ], [ -84.601180999734353, 39.0173229997162 ], [ -84.601624000323454, 39.017716000254033 ], [ -84.601698999768203, 39.017791000231043 ], [ -84.60301199984535, 39.018995000074383 ], [ -84.603923000239604, 39.019827999697988 ], [ -84.60484100030655, 39.020663000210071 ], [ -84.606732999618615, 39.022387999780925 ], [ -84.606997000107569, 39.022645000013952 ], [ -84.607146999895406, 39.02277300008565 ], [ -84.60744399999632, 39.023004000239148 ], [ -84.607768999686328, 39.0232529996862 ], [ -84.60793299971786, 39.023377999817903 ], [ -84.60826300032906, 39.023604999787885 ], [ -84.608504000353477, 39.023760000095677 ], [ -84.608935000348694, 39.023998999674603 ], [ -84.609092999634143, 39.0240739999658 ], [ -84.609341000229563, 39.024193999707819 ], [ -84.609798999988982, 39.024384000278552 ], [ -84.610245000052799, 39.024581000070341 ], [ -84.61114600040132, 39.024943999761483 ], [ -84.611285000318475, 39.025003000259979 ], [ -84.611671999932781, 39.025161999808681 ], [ -84.612432999640873, 39.025551999899811 ], [ -84.612749000008378, 39.025744999746685 ], [ -84.612950999674737, 39.025869000314032 ] ] ] ] } },
{ "type": "Feature", "properties": { "mdshnocar": 2.662 }, "geometry": { "type": "MultiPolygon", "coordinates": [ [ [ [ -84.599659000318155, 39.016159999751203 ], [ -84.599138999736141, 39.016835999839365 ], [ -84.598932000046915, 39.017096999984076 ], [ -84.598518999595044, 39.01758599977979 ], [ -84.598391000446838, 39.017747999732791 ], [ -84.598181000384557, 39.0180110003095 ], [ -84.593140999788062, 39.024302999925034 ], [ -84.593093000107473, 39.024363999691595 ], [ -84.592765999869329, 39.024771999659542 ], [ -84.592653999716333, 39.024913000106721 ], [ -84.592580999921395, 39.025003000259979 ], [ -84.591068999652634, 39.026890999981212 ], [ -84.59102299962187, 39.026947000166906 ], [ -84.587219000007948, 39.031693000188078 ], [ -84.587025999664093, 39.031934000074344 ], [ -84.586846999563946, 39.031916000143056 ], [ -84.586690000103431, 39.031901000080545 ], [ -84.586460999774573, 39.03187799965287 ], [ -84.586129000411859, 39.031845000330748 ], [ -84.585684999997852, 39.031800000088452 ], [ -84.584997999909589, 39.031697999991373 ], [ -84.584463000157285, 39.031599000331028 ], [ -84.583294000020203, 39.03133400012792 ], [ -84.58310800024735, 39.031282999761508 ], [ -84.582420000334182, 39.031067999659392 ], [ -84.581852999896526, 39.030858000161601 ], [ -84.581735999720664, 39.030813999961822 ], [ -84.581574000237268, 39.030734999946731 ], [ -84.581170000006225, 39.030563999956058 ], [ -84.580532000321767, 39.030265999999706 ], [ -84.58008299988488, 39.030027999961071 ], [ -84.580041999877011, 39.030006000304027 ], [ -84.57992800007419, 39.029945999809058 ], [ -84.579820999944062, 39.029906999669286 ], [ -84.579706000316335, 39.029814000215467 ], [ -84.579567000399152, 39.029724999895734 ], [ -84.577439000187226, 39.028556000135346 ], [ -84.576877999597357, 39.028255000058991 ], [ -84.576287999593475, 39.027954000096457 ], [ -84.575741000145598, 39.027710999864013 ], [ -84.575439000021817, 39.027584999698895 ], [ -84.574859999888588, 39.027372000254822 ], [ -84.574443999962, 39.027232999875132 ], [ -84.573985000377661, 39.027099000048558 ], [ -84.573737999607161, 39.027027000255558 ], [ -84.573246000410876, 39.026903000323827 ], [ -84.572607999828108, 39.026766999810953 ], [ -84.572247000153084, 39.026700999867963 ], [ -84.571453999759612, 39.026588999760307 ], [ -84.571051000251799, 39.026542000291563 ], [ -84.569426999830029, 39.026387999838569 ], [ -84.569625000196751, 39.026182999888704 ], [ -84.570436000133554, 39.025338999912719 ], [ -84.57127300000964, 39.024473999709507 ], [ -84.571427999820344, 39.024281999947497 ], [ -84.571913000242247, 39.023751000136627 ], [ -84.572067000228031, 39.023546000216257 ], [ -84.572176999832877, 39.023334999925964 ], [ -84.57231499992514, 39.022960000035461 ], [ -84.572488000177515, 39.022385000201773 ], [ -84.57299199996767, 39.020837000069001 ], [ -84.573146999778359, 39.02043300020469 ], [ -84.573237000190048, 39.020250000342593 ], [ -84.573349000343043, 39.020060999953515 ], [ -84.573586999994404, 39.019714000305676 ], [ -84.573660999614262, 39.019619999872575 ], [ -84.573862000354012, 39.019361999675148 ], [ -84.574028000035383, 39.019148999882091 ], [ -84.574247000318508, 39.018868999728433 ], [ -84.574684000161497, 39.018333999841154 ], [ -84.575255999723723, 39.017633999778681 ], [ -84.575568999718158, 39.017271999710012 ], [ -84.576643000319038, 39.016132999760082 ], [ -84.576747000076097, 39.016013999779794 ], [ -84.57689900041207, 39.015903999860356 ], [ -84.577397000354438, 39.015363000120402 ], [ -84.578266999842498, 39.014328000031711 ], [ -84.578804999967829, 39.013612000125924 ], [ -84.579102999893664, 39.013177999771877 ], [ -84.579302000085278, 39.012866000126571 ], [ -84.579450000223304, 39.012619999690806 ], [ -84.579690000422801, 39.012118000158942 ], [ -84.579974999929846, 39.011526000111722 ], [ -84.5801470003573, 39.011189999729332 ], [ -84.580220999977143, 39.01101899992522 ], [ -84.580348000198754, 39.01069899986269 ], [ -84.580718999919512, 39.009686000325217 ], [ -84.5809010003927, 39.00918199965281 ], [ -84.581017999670252, 39.008866999677451 ], [ -84.581035000287002, 39.008822000164784 ], [ -84.581252000021991, 39.008227999865682 ], [ -84.581428999573987, 39.00774600028145 ], [ -84.58155199959765, 39.007408000180838 ], [ -84.581620000268018, 39.007191999758057 ], [ -84.581677000169421, 39.006976000071823 ], [ -84.581725999674916, 39.006666000222765 ], [ -84.581749999964359, 39.006369999990653 ], [ -84.581755999812145, 39.005952999811981 ], [ -84.58177099988076, 39.005606999675962 ], [ -84.581380000068521, 39.005021000213532 ], [ -84.581366999649717, 39.004901000044065 ], [ -84.581378000418681, 39.004674000062643 ], [ -84.581776999728547, 39.005044999943777 ], [ -84.581801999842895, 39.004459999662238 ], [ -84.582405000265567, 39.004381999864172 ], [ -84.582847999956357, 39.00432599995613 ], [ -84.583345999898739, 39.004254000009254 ], [ -84.583506999557216, 39.004232000010845 ], [ -84.584038000009869, 39.004167999976588 ], [ -84.584488000271648, 39.004119999912959 ], [ -84.58501999965091, 39.004085999848115 ], [ -84.585344000414324, 39.00408900020355 ], [ -84.58547499993557, 39.004101000227756 ], [ -84.585593999761258, 39.004129000276379 ], [ -84.585703000439509, 39.004169999978579 ], [ -84.585894000235228, 39.004272999653303 ], [ -84.586186000313276, 39.004474999962582 ], [ -84.586454999926787, 39.004680000025388 ], [ -84.587037000433071, 39.005176999710656 ], [ -84.587515000283958, 39.005600999791795 ], [ -84.587558999766571, 39.005642999668119 ], [ -84.587692999660874, 39.005749000275486 ], [ -84.587805999638775, 39.005823000052146 ], [ -84.588059000257061, 39.005965000218083 ], [ -84.588224999938419, 39.006057000006244 ], [ -84.588574999742789, 39.006248999694797 ], [ -84.589158000073994, 39.006566000094203 ], [ -84.589352000242741, 39.006686999847865 ], [ -84.589500000380752, 39.006797999757119 ], [ -84.589753999925648, 39.007015000296683 ], [ -84.590449000409819, 39.007609000311419 ], [ -84.591030000192873, 39.008101999880147 ], [ -84.591239000430264, 39.008279000111777 ], [ -84.591415000157355, 39.008383999968935 ], [ -84.59160599995306, 39.008467999881994 ], [ -84.591934000016124, 39.00858899987233 ], [ -84.593796000089256, 39.009247999895365 ], [ -84.594023999694897, 39.009337999746116 ], [ -84.594134000198068, 39.009388999889914 ], [ -84.594333000389696, 39.009504000147672 ], [ -84.594431000298982, 39.00957000008971 ], [ -84.594670999600183, 39.009757000056531 ], [ -84.594991000165621, 39.010007999921633 ], [ -84.595202999877728, 39.010209999908724 ], [ -84.59534099997002, 39.010362999739591 ], [ -84.595443999902173, 39.010506000126263 ], [ -84.595862000376911, 39.011198000338673 ], [ -84.595927999600832, 39.011321000344573 ], [ -84.595978999654477, 39.011487000280077 ], [ -84.596004999593731, 39.011638999896185 ], [ -84.596008999791692, 39.011677000098167 ], [ -84.59603300008115, 39.011888999821636 ], [ -84.59604700032483, 39.011966000176322 ], [ -84.596125000142635, 39.012237999951218 ], [ -84.596367999816891, 39.012944000341456 ], [ -84.59639399975616, 39.013015000292206 ], [ -84.596433000114217, 39.013084999947779 ], [ -84.596490999840555, 39.013171000307217 ], [ -84.596606000366592, 39.013288999964743 ], [ -84.596792000139416, 39.013465000259281 ], [ -84.597588000007633, 39.014207000087772 ], [ -84.597533999580946, 39.014241999683271 ], [ -84.59789199978124, 39.014585000246846 ], [ -84.598321000126631, 39.01498000034259 ], [ -84.599379999760572, 39.015948999752915 ], [ -84.599502999784221, 39.01604700021084 ], [ -84.599659000318155, 39.016159999751203 ] ] ] ] } },
{ "type": "Feature", "properties": { "mdshnocar": 11.628 }, "geometry": { "type": "MultiPolygon", "coordinates": [ [ [ [ -84.549892000302961, 39.082974999735796 ], [ -84.549492000269865, 39.083285000293962 ], [ -84.549442999866073, 39.083323000322622 ], [ -84.549047999855858, 39.083645999739964 ], [ -84.548898999892941, 39.083776999926194 ], [ -84.548672999937139, 39.083997000255856 ], [ -84.548493999836978, 39.084188000283575 ], [ -84.54817099979681, 39.08457499972905 ], [ -84.547888999764496, 39.084986000317997 ], [ -84.547740999626498, 39.085235000258159 ], [ -84.547631000021639, 39.085441000272333 ], [ -84.547457999769279, 39.085825000141568 ], [ -84.547323000050056, 39.086222999811788 ], [ -84.547225999965676, 39.086546999777241 ], [ -84.546794999970459, 39.088021999752407 ], [ -84.546507000090372, 39.088992999830708 ], [ -84.54632700016532, 39.089491999665753 ], [ -84.546194000095923, 39.089799999802757 ], [ -84.546066999874327, 39.090070000129458 ], [ -84.545912000063623, 39.090363000334548 ], [ -84.545616999612506, 39.090851999943233 ], [ -84.545296000120459, 39.091328999793745 ], [ -84.544920000376848, 39.091892999778047 ], [ -84.544700000268804, 39.092256000089485 ], [ -84.544599999811382, 39.092423000033499 ], [ -84.543287999559126, 39.094639000241642 ], [ -84.543213999939297, 39.094762999784145 ], [ -84.543044999884884, 39.095049000292605 ], [ -84.542891999724006, 39.095307999927698 ], [ -84.542762999852599, 39.095575000125045 ], [ -84.542571000231959, 39.096146999669813 ], [ -84.542438999987496, 39.096562999846768 ], [ -84.541806000325906, 39.098465999705795 ], [ -84.541572999799087, 39.099142999745503 ], [ -84.541515999897669, 39.099273000030621 ], [ -84.541505000027016, 39.099331000091254 ], [ -84.540663000128077, 39.099100999666504 ], [ -84.540457000263743, 39.099024999858294 ], [ -84.540341999737691, 39.09899800016354 ], [ -84.539796999939654, 39.098787999783575 ], [ -84.539350000050916, 39.09863399999049 ], [ -84.537087999944674, 39.097746999948647 ], [ -84.536732000292517, 39.097607000301807 ], [ -84.536543000146636, 39.09751400005905 ], [ -84.534800999724084, 39.096788000109676 ], [ -84.534204999872443, 39.096497000284181 ], [ -84.533942000106705, 39.096398000127252 ], [ -84.532377000134474, 39.095634999944103 ], [ -84.530835999553375, 39.094800000139507 ], [ -84.530246000447818, 39.094465000189871 ], [ -84.528534000162495, 39.093591999723927 ], [ -84.528158000418856, 39.093418999661431 ], [ -84.526688999807774, 39.092740000154578 ], [ -84.525625999975887, 39.092478000062094 ], [ -84.523772000298649, 39.092271999683746 ], [ -84.522916999980893, 39.092193999884344 ], [ -84.522572000199403, 39.09220499978975 ], [ -84.522573999849214, 39.092162999761342 ], [ -84.522733999682785, 39.089199000025637 ], [ -84.522761000345284, 39.088836999864967 ], [ -84.522804999827898, 39.088036999749704 ], [ -84.522809000025859, 39.087591000001019 ], [ -84.524116000255233, 39.087589000267826 ], [ -84.524137000171635, 39.087589000267826 ], [ -84.524567000341932, 39.087568000276782 ], [ -84.524690000365595, 39.08755200031257 ], [ -84.524759999787463, 39.087813999879273 ], [ -84.524835999955457, 39.08798900016545 ], [ -84.524950999583169, 39.088154000037612 ], [ -84.524989999941241, 39.088194999806518 ], [ -84.5250500002157, 39.08826000030961 ], [ -84.525204000201484, 39.088393999859825 ], [ -84.525323999852077, 39.088474000083934 ], [ -84.525497000104437, 39.088563000287621 ], [ -84.525595000013737, 39.088615000284172 ], [ -84.527135999696526, 39.089326000292758 ], [ -84.527134000046701, 39.08921600015703 ], [ -84.526901000418192, 39.088771999893567 ], [ -84.526693999830627, 39.088364000013883 ], [ -84.526625000233665, 39.088194999806518 ], [ -84.526578000378009, 39.088034000168882 ], [ -84.526289999599598, 39.086856999977954 ], [ -84.526262000010504, 39.086786000308685 ], [ -84.526209000307077, 39.086549000237248 ], [ -84.52620099991114, 39.086531000278768 ], [ -84.526173000322061, 39.086466000274029 ], [ -84.526139999811775, 39.086437000188283 ], [ -84.526066000191932, 39.086422999733863 ], [ -84.526004000267648, 39.086426999963564 ], [ -84.525641000044473, 39.084944000174247 ], [ -84.525199000178617, 39.083210000103882 ], [ -84.525133000056357, 39.082876000120777 ], [ -84.524866000092686, 39.082729999927942 ], [ -84.524886000184154, 39.082663000034394 ], [ -84.524883999636032, 39.082572000181166 ], [ -84.524718999779594, 39.081913999734098 ], [ -84.524620999870308, 39.081489999988428 ], [ -84.524591999557984, 39.081301000237872 ], [ -84.524594000106106, 39.081128999969458 ], [ -84.524609999999655, 39.081026000017431 ], [ -84.524623000418444, 39.08094499975325 ], [ -84.524650000182618, 39.08078300034046 ], [ -84.524703999710979, 39.080601999816196 ], [ -84.52475499976461, 39.080461000334282 ], [ -84.524952000306413, 39.079923000345325 ], [ -84.525015000055603, 39.079793999930025 ], [ -84.525080000352929, 39.079691000120981 ], [ -84.525219000270098, 39.079519000111489 ], [ -84.525288999691981, 39.07941099998849 ], [ -84.525353999989306, 39.079255999736198 ], [ -84.525451999898593, 39.078914999935066 ], [ -84.525502999952224, 39.078794999690729 ], [ -84.525585999792909, 39.078676999925527 ], [ -84.525666000158836, 39.078598999736009 ], [ -84.52579199965723, 39.078506000228813 ], [ -84.525913000031068, 39.078440999803078 ], [ -84.526078999712411, 39.0783790000064 ], [ -84.526205999934021, 39.078351000080382 ], [ -84.526386999683979, 39.078326000137018 ], [ -84.526633999556182, 39.078331000126404 ], [ -84.527240000351895, 39.078411999904993 ], [ -84.52731899999462, 39.078416999888276 ], [ -84.527438999645213, 39.078413999898331 ], [ -84.527487000224127, 39.078413999898331 ], [ -84.527830000355777, 39.07835300007546 ], [ -84.528001000060016, 39.078348000087622 ], [ -84.528144000175132, 39.078368000036789 ], [ -84.52829800016093, 39.078414999894981 ], [ -84.528408999590695, 39.078462999717878 ], [ -84.52870700041484, 39.078608999675723 ], [ -84.52924499964189, 39.078850999876657 ], [ -84.529339000251525, 39.078901000079789 ], [ -84.529463999924985, 39.078987999832769 ], [ -84.52951199960556, 39.079035999963168 ], [ -84.53000000040052, 39.079586000201509 ], [ -84.530047000256161, 39.079658000123295 ], [ -84.530087000439138, 39.079746000315325 ], [ -84.530098000309806, 39.079798999815381 ], [ -84.530130000096861, 39.0799520003197 ], [ -84.530171999929649, 39.080034000303023 ], [ -84.530228999831067, 39.080090000202887 ], [ -84.530285999732456, 39.080130999777616 ], [ -84.530354000402838, 39.08015499980673 ], [ -84.530441000441485, 39.080164000251408 ], [ -84.530516999711139, 39.080150999918651 ], [ -84.530601000275041, 39.080099999931278 ], [ -84.530679999917766, 39.080064000205098 ], [ -84.530715000077862, 39.080045999986481 ], [ -84.53082300003291, 39.079990000051687 ], [ -84.530878000284474, 39.079947999722819 ], [ -84.530920999942197, 39.079900000212838 ], [ -84.530965000323121, 39.079812000212947 ], [ -84.530971000170908, 39.079718000234401 ], [ -84.530941000033664, 39.079629000028078 ], [ -84.530886999606992, 39.079560999998449 ], [ -84.530818999834935, 39.079492999903287 ], [ -84.530557999719036, 39.079264000310907 ], [ -84.530493000320007, 39.079181000144246 ], [ -84.530422999999814, 39.079042999877743 ], [ -84.530400000433588, 39.078943000334618 ], [ -84.530402000083413, 39.07888400025179 ], [ -84.530417999976947, 39.078797999664481 ], [ -84.53051800043437, 39.078562999941312 ], [ -84.530703000382303, 39.078403999930984 ], [ -84.531351000112494, 39.078387999980279 ], [ -84.531507999573023, 39.078401999937363 ], [ -84.532138999584774, 39.078530000113389 ], [ -84.532378999784299, 39.078558999962979 ], [ -84.532552999861565, 39.078557999968375 ], [ -84.532756000251155, 39.078550000010964 ], [ -84.53363900015799, 39.078425999857316 ], [ -84.534388000170523, 39.078287000207688 ], [ -84.535152000251685, 39.078118000264865 ], [ -84.535363000138886, 39.078062000194571 ], [ -84.535552000284781, 39.078026000125831 ], [ -84.535650000194067, 39.07800100006736 ], [ -84.535613000384146, 39.077898999736846 ], [ -84.535486999987441, 39.077298999689361 ], [ -84.535348999895177, 39.076676000329996 ], [ -84.535339999674349, 39.07660700022155 ], [ -84.535338000024538, 39.076520000322141 ], [ -84.535339999674349, 39.076471999874876 ], [ -84.535363000138886, 39.076391999986598 ], [ -84.535395999750847, 39.076319000192491 ], [ -84.535405999796581, 39.076297000306631 ], [ -84.535435999933824, 39.076251999789612 ], [ -84.535467999720879, 39.076220000303309 ], [ -84.535569999828127, 39.076134999984745 ], [ -84.535619000231932, 39.076105999836201 ], [ -84.535664000437762, 39.07608599994326 ], [ -84.535774000042622, 39.076045000110085 ], [ -84.535865000279202, 39.076026000230357 ], [ -84.536071000143536, 39.076005000283942 ], [ -84.53622599995424, 39.075971999956984 ], [ -84.53633499973418, 39.075932000089473 ], [ -84.536416999749946, 39.075880999841949 ], [ -84.536471000176633, 39.075836999790191 ], [ -84.536560999689996, 39.075739999991278 ], [ -84.536606999720746, 39.07564400009494 ], [ -84.536627999637147, 39.075525999941696 ], [ -84.536619000314616, 39.07543399990994 ], [ -84.536657999774363, 39.075404000131392 ], [ -84.536708000003088, 39.075349000039331 ], [ -84.536738999965237, 39.075287999658812 ], [ -84.536749000010971, 39.07523100009017 ], [ -84.536758000231799, 39.07517599986322 ], [ -84.536768000277533, 39.074816999712695 ], [ -84.536780999798026, 39.07452699994564 ], [ -84.536783000346162, 39.074085000095522 ], [ -84.53672800009457, 39.073966000065163 ], [ -84.536702000155302, 39.073878000335625 ], [ -84.536665000345366, 39.073796000171853 ], [ -84.536647999728615, 39.07372900016297 ], [ -84.536631999835109, 39.073664000218429 ], [ -84.536606999720746, 39.073467999958865 ], [ -84.53667899969075, 39.073414999887646 ], [ -84.53674399998809, 39.073338000226478 ], [ -84.536800000064588, 39.073292999914671 ], [ -84.536943000179733, 39.073212999909295 ], [ -84.537101000363464, 39.073169000286136 ], [ -84.537693999842091, 39.073100000235407 ], [ -84.537806999819992, 39.073100000235407 ], [ -84.538062000088118, 39.07310399982579 ], [ -84.538220000271863, 39.073079000115641 ], [ -84.538385999953221, 39.073052000251323 ], [ -84.539020000338027, 39.072984000159806 ], [ -84.539736999665195, 39.072904999878936 ], [ -84.540438999822072, 39.07266499966611 ], [ -84.540744000318924, 39.07256099983185 ], [ -84.541236000413491, 39.072929000273767 ], [ -84.541305000010482, 39.072980999938871 ], [ -84.541643000119279, 39.073232999919171 ], [ -84.541612999982064, 39.073356000064223 ], [ -84.541602000111396, 39.073487999896415 ], [ -84.541612000157144, 39.073639000009258 ], [ -84.541684999952068, 39.073960999766477 ], [ -84.541793999732008, 39.074307000072807 ], [ -84.542151999932315, 39.075331000012554 ], [ -84.542265999735122, 39.075639999951129 ], [ -84.542377000063212, 39.075896000328804 ], [ -84.54249500006398, 39.076110999982895 ], [ -84.542669999966165, 39.076320000218885 ], [ -84.543069999999247, 39.076732000105608 ], [ -84.543448000291022, 39.077089000245643 ], [ -84.543714000429787, 39.077356999691254 ], [ -84.543869000240491, 39.077584999885801 ], [ -84.544080000127707, 39.077938999884047 ], [ -84.54421300019709, 39.078109000256596 ], [ -84.544321999977029, 39.07821300028256 ], [ -84.54443699960477, 39.078306000175964 ], [ -84.544696000070843, 39.078511000205438 ], [ -84.544800999652836, 39.078601999718096 ], [ -84.544987000323985, 39.07880300031772 ], [ -84.545413000296335, 39.079307000333721 ], [ -84.545621999635387, 39.079548000251933 ], [ -84.545891000147222, 39.07982899981733 ], [ -84.546056999828579, 39.079989000077369 ], [ -84.546363000150322, 39.080253999753495 ], [ -84.546582000433432, 39.080404000063112 ], [ -84.546712999954693, 39.08048199965183 ], [ -84.547414000286651, 39.080836999721171 ], [ -84.547686000273217, 39.080988000146114 ], [ -84.548083999758148, 39.081228999900844 ], [ -84.548227999698213, 39.081336000074948 ], [ -84.548319999759727, 39.081403999788392 ], [ -84.548390999904825, 39.081456000181348 ], [ -84.54843500028575, 39.081496999659578 ], [ -84.548492000187167, 39.081549999936193 ], [ -84.548576999677664, 39.081635999958301 ], [ -84.548693999853541, 39.081810000282367 ], [ -84.548719999792795, 39.081866000167132 ], [ -84.548872999953673, 39.08218800003651 ], [ -84.548915999611381, 39.082260000092127 ], [ -84.548966999665012, 39.082344000064076 ], [ -84.549055000426861, 39.082456000336023 ], [ -84.549174000252563, 39.082568999670627 ], [ -84.54928800005537, 39.082659000288558 ], [ -84.549340999758812, 39.082702000334031 ], [ -84.549423999599497, 39.082757000272956 ], [ -84.549594000377127, 39.082838999785288 ], [ -84.549892000302961, 39.082974999735796 ] ] ] ] } },
{ "type": "Feature", "properties": { "mdshnocar": 0.0 }, "geometry": { "type": "MultiPolygon", "coordinates": [ [ [ [ -84.611774999864934, 38.978301000313621 ], [ -84.611290000341356, 38.978139000109259 ], [ -84.611076000081113, 38.978068000075275 ], [ -84.611029000225443, 38.978051999743073 ], [ -84.61013999957251, 38.977757999978238 ], [ -84.60974399973739, 38.97760700022792 ], [ -84.609322999787892, 38.977489999746723 ], [ -84.609131000167281, 38.977431000117157 ], [ -84.608827000393674, 38.977328999813075 ], [ -84.608466999645245, 38.977232000222884 ], [ -84.60764700038591, 38.97702900032651 ], [ -84.607509000293646, 38.977005000172994 ], [ -84.60723700030708, 38.97695999995053 ], [ -84.60642100034741, 38.976828999962649 ], [ -84.606147999637614, 38.976806999818336 ], [ -84.605944000321429, 38.976781000210337 ], [ -84.605600000364831, 38.976736999884999 ], [ -84.604977999675583, 38.976694000270719 ], [ -84.604406999938291, 38.976675000205447 ], [ -84.603833999652849, 38.976676000245781 ], [ -84.603556999643402, 38.976683999869429 ], [ -84.60285799985958, 38.976726000148538 ], [ -84.602472000070193, 38.976761000129294 ], [ -84.601682999874697, 38.976814000087181 ], [ -84.601216999719369, 38.976873000230825 ], [ -84.600948000105845, 38.976872000193318 ], [ -84.600564999791217, 38.976900999879369 ], [ -84.600016999620124, 38.976930000251912 ], [ -84.599235999820522, 38.976987000227119 ], [ -84.598362000134529, 38.977051999738507 ], [ -84.598259000202361, 38.977046000226622 ], [ -84.598066999683411, 38.977061000052942 ], [ -84.597742999818323, 38.977100000005549 ], [ -84.596951999972987, 38.977152999709709 ], [ -84.596001000294081, 38.977197999809469 ], [ -84.595896999638697, 38.977231000190393 ], [ -84.59581299997312, 38.97724800004201 ], [ -84.595694999972338, 38.977257999665291 ], [ -84.59551300039746, 38.97727200011316 ], [ -84.594924000218469, 38.977291000018248 ], [ -84.594401999986658, 38.977322000293455 ], [ -84.594274999765076, 38.977328999813075 ], [ -84.59319699986456, 38.977382000044202 ], [ -84.593002999695798, 38.977329999844173 ], [ -84.592604000385933, 38.977226000027869 ], [ -84.59221900042148, 38.977090999696067 ], [ -84.592666000310217, 38.976247999857051 ], [ -84.592915999657151, 38.975832000302695 ], [ -84.592955999840115, 38.975748000055837 ], [ -84.593160999879544, 38.975320000343586 ], [ -84.593185000168987, 38.975272000266756 ], [ -84.593241000245499, 38.975128999903198 ], [ -84.59327499968235, 38.975044000155854 ], [ -84.593636000255685, 38.974316999948243 ], [ -84.594104000060838, 38.973478000252875 ], [ -84.594461000436212, 38.972886999652538 ], [ -84.594590000307647, 38.972703999707491 ], [ -84.594714000156216, 38.972494000103751 ], [ -84.594774000430661, 38.972394999974867 ], [ -84.595332999574083, 38.971597000273817 ], [ -84.595788999683677, 38.970948000018886 ], [ -84.596117999571632, 38.970469999838755 ], [ -84.596474999947006, 38.969953999685153 ], [ -84.596424999718295, 38.969939999885767 ], [ -84.596285999801125, 38.969969000315203 ], [ -84.595946999867422, 38.970068000343034 ], [ -84.594766999859644, 38.970413000205419 ], [ -84.593838999746978, 38.970682000106315 ], [ -84.593669999692565, 38.970744000143718 ], [ -84.593611999966242, 38.970777000040123 ], [ -84.593498000163436, 38.970845000032121 ], [ -84.59343399969103, 38.970892000193821 ], [ -84.59280000020452, 38.971498000287873 ], [ -84.59234400009494, 38.971894000099738 ], [ -84.59220299962962, 38.97201800009357 ], [ -84.592107000268484, 38.97208299997547 ], [ -84.591988000442782, 38.972166000275109 ], [ -84.59185600019832, 38.972225000100849 ], [ -84.591701000387616, 38.972295999707548 ], [ -84.591385999845031, 38.972371999748724 ], [ -84.591246999927847, 38.972394999974867 ], [ -84.59116400008719, 38.972399999780095 ], [ -84.590405999853814, 38.97245300020824 ], [ -84.589907999911432, 38.972489999706198 ], [ -84.589845000162242, 38.972495000203125 ], [ -84.589483999588907, 38.972537000173105 ], [ -84.589339999648871, 38.972567000335921 ], [ -84.589136000332672, 38.972586000106553 ], [ -84.588522000039347, 38.972675999796309 ], [ -84.58646699962236, 38.972923000227254 ], [ -84.586095999901588, 38.972947999761978 ], [ -84.585987999946553, 38.972947999761978 ], [ -84.585825999564847, 38.972947999761978 ], [ -84.585603999807006, 38.972937000135374 ], [ -84.585455999668994, 38.972917999760497 ], [ -84.585113000435641, 38.972848000173336 ], [ -84.583155000103019, 38.972398999679427 ], [ -84.583022000033623, 38.972369000143793 ], [ -84.582396999869658, 38.972234999735001 ], [ -84.581247999824029, 38.971973000194119 ], [ -84.580904999692351, 38.971915999675211 ], [ -84.580687000132457, 38.971902000263626 ], [ -84.580540999644299, 38.971918999997733 ], [ -84.580437999712132, 38.971941999672516 ], [ -84.580332000305219, 38.971980000242446 ], [ -84.580210000106476, 38.972040000328882 ], [ -84.579652999714568, 38.972378999757616 ], [ -84.579379000078191, 38.972527999982098 ], [ -84.579103999718583, 38.972646999776842 ], [ -84.577821999603572, 38.973098000276948 ], [ -84.577803000235306, 38.973105000214076 ], [ -84.577464000301589, 38.973215999723223 ], [ -84.576856999680956, 38.973422999720938 ], [ -84.576338999647092, 38.973626000176985 ], [ -84.575769999559611, 38.973838000076874 ], [ -84.575664000152713, 38.973888999967954 ], [ -84.575565000418507, 38.973956999765619 ], [ -84.575493000448489, 38.97403699973156 ], [ -84.575274000165365, 38.974283000230407 ], [ -84.575198999822319, 38.974367000119884 ], [ -84.575060999730056, 38.974492000045288 ], [ -84.574904000269512, 38.974595000315254 ], [ -84.574118000447058, 38.975032000092931 ], [ -84.573991000225462, 38.975087000073664 ], [ -84.573793999683645, 38.975147000321357 ], [ -84.573167999694761, 38.975277999928949 ], [ -84.572791999951122, 38.975391999699454 ], [ -84.572324000145969, 38.975535000230316 ], [ -84.571816000157852, 38.975673000200189 ], [ -84.571714000050605, 38.975706999949068 ], [ -84.571646000278548, 38.975736000112207 ], [ -84.571592999676781, 38.975758999944169 ], [ -84.57125999959085, 38.975768999777713 ], [ -84.571016000091703, 38.975817000216033 ], [ -84.570740999732095, 38.975911000194536 ], [ -84.570510999578318, 38.976026999743361 ], [ -84.57029600039148, 38.976157999818156 ], [ -84.569908000053971, 38.976434999898011 ], [ -84.56952300008949, 38.976719999910657 ], [ -84.569170999736997, 38.976965000131834 ], [ -84.569008000428695, 38.977068000296676 ], [ -84.568636999809598, 38.977267999985507 ], [ -84.568345999556456, 38.977396999799353 ], [ -84.568034000285252, 38.977537999716859 ], [ -84.567476999893316, 38.977808999839695 ], [ -84.567291000120491, 38.977899999898312 ], [ -84.567185999640188, 38.977943000176921 ], [ -84.567127000088959, 38.977968000034558 ], [ -84.566583000115827, 38.978191999734115 ], [ -84.566005999632424, 38.978417000137412 ], [ -84.565880999958964, 38.978454000011119 ], [ -84.565752000087514, 38.978488999836124 ], [ -84.565465999857267, 38.978579999719194 ], [ -84.565070999847052, 38.978675000232066 ], [ -84.564443000208328, 38.978781000036371 ], [ -84.563660999685524, 38.978870000223864 ], [ -84.562378999570512, 38.979053000297114 ], [ -84.561697000403427, 38.979165000265105 ], [ -84.560722000435092, 38.979289000097843 ], [ -84.560397999671665, 38.979322000202572 ], [ -84.560170999890957, 38.97933100022847 ], [ -84.559905999577083, 38.979328000219965 ], [ -84.559657000055054, 38.979317000187699 ], [ -84.559477999954922, 38.979301000137724 ], [ -84.559266000242815, 38.979268000023168 ], [ -84.559052999807463, 38.979216999815911 ], [ -84.558832999699433, 38.979149000180783 ], [ -84.558549000017322, 38.979050000276828 ], [ -84.558278999680567, 38.978946000193439 ], [ -84.557872999799713, 38.978767999897585 ], [ -84.557558000155439, 38.978611000128424 ], [ -84.55646000016344, 38.978042000231923 ], [ -84.556409999934729, 38.978014000336238 ], [ -84.555730000417469, 38.977646999906376 ], [ -84.555587000302339, 38.977585999654394 ], [ -84.555417000423034, 38.977528000133113 ], [ -84.55485300035842, 38.977389000256203 ], [ -84.55466199966439, 38.977323999657472 ], [ -84.553997000215759, 38.977051999738507 ], [ -84.553656999558825, 38.97693599977363 ], [ -84.553298000431923, 38.976871000155761 ], [ -84.553152999768656, 38.976834000153261 ], [ -84.552873000284507, 38.976728000227695 ], [ -84.551847000262512, 38.97627699979865 ], [ -84.551249999687613, 38.975967000241262 ], [ -84.55103999962536, 38.975840000021684 ], [ -84.550536999660096, 38.975496000114184 ], [ -84.550102000365243, 38.975204999697716 ], [ -84.550001000082901, 38.975148999746786 ], [ -84.550021999999302, 38.975134000213842 ], [ -84.550273000069453, 38.97491300011545 ], [ -84.550475999560732, 38.974673000121676 ], [ -84.550634999569397, 38.974460999927913 ], [ -84.551236000342243, 38.97365900012737 ], [ -84.551504999955753, 38.973289999997689 ], [ -84.551726999713608, 38.972959000085218 ], [ -84.551834999668642, 38.972768999658157 ], [ -84.551915999859503, 38.972602000277043 ], [ -84.552012000118964, 38.972334000087535 ], [ -84.552063000172581, 38.972120999771334 ], [ -84.552089000111863, 38.971901000155874 ], [ -84.552091999586594, 38.971665000176962 ], [ -84.552072000393423, 38.971457999929804 ], [ -84.552026000362673, 38.971241000002948 ], [ -84.551959000415522, 38.97103700027332 ], [ -84.551862000331141, 38.970824999671486 ], [ -84.55171400019313, 38.970572999672441 ], [ -84.551544000313811, 38.970329999946685 ], [ -84.551210000402989, 38.969881000251867 ], [ -84.550934000218447, 38.969501999975719 ], [ -84.550730999828872, 38.969176999999753 ], [ -84.550649999637997, 38.969008000233117 ], [ -84.550627000071785, 38.968960000068847 ], [ -84.550602999782342, 38.968910000270547 ], [ -84.550534000185365, 38.968692000067058 ], [ -84.550480999583598, 38.968427999678475 ], [ -84.550461000390442, 38.968137999715537 ], [ -84.550475999560732, 38.967925000050975 ], [ -84.550514999918803, 38.967711000277475 ], [ -84.550582999690846, 38.967486000082822 ], [ -84.550621000224012, 38.96737300033007 ], [ -84.550719000133299, 38.967170000111345 ], [ -84.550843999806773, 38.966964000175452 ], [ -84.550990000294945, 38.966773999730663 ], [ -84.551218999725492, 38.966536999946655 ], [ -84.551248000037802, 38.966512000244428 ], [ -84.55147700036666, 38.966320999797645 ], [ -84.551659999766457, 38.966193000252247 ], [ -84.55193699977589, 38.966016000221593 ], [ -84.552511999711157, 38.96567399978548 ], [ -84.553121999806521, 38.965310999771035 ], [ -84.553468000311241, 38.965072000271881 ], [ -84.553654000084094, 38.964922999728934 ], [ -84.553937999766205, 38.964650000166486 ], [ -84.554106999820618, 38.964452999708513 ], [ -84.554338999624207, 38.964144000301133 ], [ -84.554563999755118, 38.963823999901223 ], [ -84.554813000175443, 38.963442000063139 ], [ -84.555127999819717, 38.962919000157129 ], [ -84.555301999896997, 38.962604000308758 ], [ -84.555585999579122, 38.962054999680127 ], [ -84.555813000258169, 38.961558000329212 ], [ -84.55602199959722, 38.961045000302626 ], [ -84.556173000108274, 38.960582999746848 ], [ -84.556282999713133, 38.96016799996319 ], [ -84.5563799997975, 38.959667999806307 ], [ -84.556451999767532, 38.959034999668432 ], [ -84.556481999904747, 38.958348000098361 ], [ -84.556512000041977, 38.957886999726313 ], [ -84.556549999676804, 38.957661999764774 ], [ -84.556647999586104, 38.957347000294888 ], [ -84.556691000142123, 38.957244999707413 ], [ -84.556883999587654, 38.95690300024102 ], [ -84.557106000243806, 38.956620999696817 ], [ -84.557309999560005, 38.956418000104044 ], [ -84.557477999789498, 38.956279000013083 ], [ -84.557709999593072, 38.956116000101872 ], [ -84.55798699960252, 38.955954999782918 ], [ -84.558234000373048, 38.955839000194189 ], [ -84.558504999636384, 38.955737000230336 ], [ -84.55874300018607, 38.95566600009348 ], [ -84.559034000439198, 38.95560200015511 ], [ -84.559313000098456, 38.95555999992402 ], [ -84.559589000282998, 38.955538000159002 ], [ -84.559826000109453, 38.955532000221858 ], [ -84.56009600044618, 38.955542999756872 ], [ -84.560386999801025, 38.955573000131274 ], [ -84.561370999990203, 38.955724999690737 ], [ -84.561761999802442, 38.955758000296541 ], [ -84.561837999970436, 38.955760999906296 ], [ -84.56215299961471, 38.95576000026923 ], [ -84.562397000012183, 38.955741000176893 ], [ -84.562798999695076, 38.955681999894388 ], [ -84.563019999628011, 38.955631999805966 ], [ -84.563255999629561, 38.95556399988056 ], [ -84.563464999866937, 38.955491999929585 ], [ -84.563734000378773, 38.955378000265021 ], [ -84.564218999902337, 38.955133000120234 ], [ -84.564461999576594, 38.954992999956652 ], [ -84.565147999839937, 38.954600999983171 ], [ -84.56528799958204, 38.954522000075244 ], [ -84.565706999881684, 38.954284000165316 ], [ -84.566061999708921, 38.954102000023646 ], [ -84.566440000000696, 38.953938000332379 ], [ -84.566790999629973, 38.953820999873415 ], [ -84.566997000392604, 38.953770000204031 ], [ -84.567233000394182, 38.953724999889985 ], [ -84.567487999763969, 38.953691999734616 ], [ -84.567901000215841, 38.953674000151473 ], [ -84.568085000338868, 38.953678000214467 ], [ -84.568276000134574, 38.953691000068368 ], [ -84.568473999602986, 38.953712999708223 ], [ -84.568739999741766, 38.953756999666034 ], [ -84.569062999781949, 38.953835999728128 ], [ -84.569186999630503, 38.953876000256507 ], [ -84.569446999921496, 38.953974000058601 ], [ -84.569605999930175, 38.954048999836914 ], [ -84.569850000327634, 38.954178999683862 ], [ -84.570780000090153, 38.95476399988619 ], [ -84.57105399972653, 38.954909999793948 ], [ -84.571251000268347, 38.95500000028575 ], [ -84.571567999562419, 38.955119000186215 ], [ -84.571780999997756, 38.955180000227941 ], [ -84.571984000387346, 38.955227999949045 ], [ -84.57226600041966, 38.95527699998005 ], [ -84.572371000001652, 38.955290000239216 ], [ -84.572596000132535, 38.955308999753953 ], [ -84.572885999662446, 38.95531600005183 ], [ -84.573177999740494, 38.955302000153907 ], [ -84.573460999597714, 38.955271000020872 ], [ -84.573736999782241, 38.955219999997794 ], [ -84.574002999921035, 38.955151999677064 ], [ -84.574234999724609, 38.95506800005375 ], [ -84.574322999588162, 38.955042000150151 ], [ -84.574448000159961, 38.95499099996227 ], [ -84.574635999582597, 38.954899999809832 ], [ -84.574844999819987, 38.954783999891312 ], [ -84.575094000240327, 38.95461900002941 ], [ -84.575348999610128, 38.954410000258321 ], [ -84.575471999633791, 38.954290000208111 ], [ -84.575747999818304, 38.953978999766861 ], [ -84.576715000289042, 38.952734000043428 ], [ -84.576936000221991, 38.952437999910543 ], [ -84.576973999856818, 38.952389000012374 ], [ -84.577051999674637, 38.952287999659177 ], [ -84.577258000437254, 38.952024000317962 ], [ -84.577886000075964, 38.951210999877077 ], [ -84.578106000183993, 38.950897999786925 ], [ -84.57827299969027, 38.950608999735209 ], [ -84.578357000254172, 38.950417000018739 ], [ -84.578418000353551, 38.950224000066981 ], [ -84.578452999615322, 38.9500640000525 ], [ -84.57847600007986, 38.949882999971834 ], [ -84.578481999927646, 38.949667000050333 ], [ -84.578481000102741, 38.949651000288696 ], [ -84.57847600007986, 38.949583000213607 ], [ -84.578474000430035, 38.94954800007757 ], [ -84.578465000209192, 38.949454000045925 ], [ -84.578431999698935, 38.949269999920453 ], [ -84.578375999622438, 38.949067999961706 ], [ -84.578255000146925, 38.948761000001163 ], [ -84.577281999828401, 38.946727000331173 ], [ -84.576921000153376, 38.945975999970599 ], [ -84.576767000167578, 38.945633999920787 ], [ -84.576655999839502, 38.945319999872673 ], [ -84.576619000029581, 38.945188000273824 ], [ -84.576573999823736, 38.944941000258432 ], [ -84.576562000128177, 38.944765999822792 ], [ -84.576572999998831, 38.944482000300475 ], [ -84.576597000288288, 38.944331000182238 ], [ -84.576603999960966, 38.944297000046454 ], [ -84.576675000106064, 38.944041000103454 ], [ -84.576790999558725, 38.943769000242845 ], [ -84.576953999765337, 38.943492000288373 ], [ -84.577131000215658, 38.943262000275645 ], [ -84.577342000102846, 38.943039000328532 ], [ -84.577496999913564, 38.942906999976081 ], [ -84.577593999997916, 38.942833000105011 ], [ -84.577648000424617, 38.942791999812762 ], [ -84.577793000189558, 38.942694999742592 ], [ -84.578016999597239, 38.942567999961554 ], [ -84.578276999888232, 38.942447000299651 ], [ -84.578549999699717, 38.942341999750091 ], [ -84.57890100022729, 38.942223999885151 ], [ -84.579401999644404, 38.942052999750153 ], [ -84.579528999866014, 38.942099000317356 ], [ -84.579677999828931, 38.942121000061633 ], [ -84.580112000197204, 38.942146999814113 ], [ -84.580273999680585, 38.942138999783822 ], [ -84.580636999903746, 38.942101999806468 ], [ -84.580689999607202, 38.942073999678612 ], [ -84.580837999745199, 38.942121999891064 ], [ -84.5809509997231, 38.942158000029018 ], [ -84.581156999587435, 38.942223000057162 ], [ -84.581194000295653, 38.942240999753459 ], [ -84.581277999961245, 38.942283000191544 ], [ -84.581410000205736, 38.942368000120233 ], [ -84.581812999713549, 38.942684000309704 ], [ -84.581831000155219, 38.942698999726545 ], [ -84.581905999599968, 38.942740000072561 ], [ -84.582341999618052, 38.942997000338288 ], [ -84.582858000002091, 38.943300999971889 ], [ -84.582990000246568, 38.943379999810354 ], [ -84.583283999974441, 38.943559000109239 ], [ -84.583658000068255, 38.943785999740697 ], [ -84.584065999598963, 38.944027999877022 ], [ -84.584541999800024, 38.944325999793413 ], [ -84.584632000211698, 38.944384999747882 ], [ -84.584833000053152, 38.9445389998358 ], [ -84.585171000161964, 38.94479699965995 ], [ -84.585385000422207, 38.94495200003977 ], [ -84.586394999652327, 38.945547999934618 ], [ -84.586568999729622, 38.945649999890456 ], [ -84.586617000308507, 38.945678000003312 ], [ -84.588414999909233, 38.946734000079438 ], [ -84.589286000120509, 38.947245000095364 ], [ -84.5899189997821, 38.947561000204757 ], [ -84.590035999957948, 38.947618999810935 ], [ -84.590735999566689, 38.947969000137249 ], [ -84.592242999812598, 38.948721000079111 ], [ -84.593259999613736, 38.949161999806599 ], [ -84.593468999851126, 38.949160000346303 ], [ -84.593767999601852, 38.949156999758529 ], [ -84.594531999683014, 38.949295999845681 ], [ -84.594836000354931, 38.949400999876495 ], [ -84.595459999795693, 38.949616000186289 ], [ -84.596206000333495, 38.949964000296639 ], [ -84.598418000211026, 38.951343000136845 ], [ -84.598776000411291, 38.951565999810818 ], [ -84.599413000270857, 38.951962999655549 ], [ -84.599531000271639, 38.952069000314886 ], [ -84.600030000038913, 38.952521999856749 ], [ -84.600558000118511, 38.953366000211076 ], [ -84.600845000173678, 38.953680999912308 ], [ -84.601962000432266, 38.954489999946034 ], [ -84.602855000384849, 38.954861999857449 ], [ -84.603401000007793, 38.955050999768574 ], [ -84.604186000005342, 38.955269000034335 ], [ -84.604513000243486, 38.955402999704674 ], [ -84.605320999807262, 38.956072999844196 ], [ -84.605870999628166, 38.956412000241471 ], [ -84.606737999641496, 38.956746999826002 ], [ -84.607907999603498, 38.957074000180533 ], [ -84.608251999560096, 38.957125000266466 ], [ -84.609132999817106, 38.957165999952743 ], [ -84.609168999802122, 38.957167000268527 ], [ -84.609415999674326, 38.959182999733791 ], [ -84.609669000292627, 38.961244999835671 ], [ -84.609879000354923, 38.962955000210336 ], [ -84.609932000058365, 38.963390000105136 ], [ -84.609974999716073, 38.963782999876457 ], [ -84.610040999838304, 38.964384999866432 ], [ -84.610050999884038, 38.964461000014296 ], [ -84.610144999595391, 38.965202000152075 ], [ -84.610506999993632, 38.96808100030087 ], [ -84.610563000070115, 38.968530999687857 ], [ -84.610928999768007, 38.971480999754299 ], [ -84.610974999798771, 38.971852999856893 ], [ -84.610979999821652, 38.971892999991923 ], [ -84.611091000149727, 38.972781000104533 ], [ -84.611342000219878, 38.974799000272192 ], [ -84.611394000098429, 38.975222000035757 ], [ -84.611616999681189, 38.977003000101654 ], [ -84.611630000099979, 38.977123000092853 ], [ -84.611645000168608, 38.977237999719016 ], [ -84.611656999864152, 38.977322000293455 ], [ -84.611671999932781, 38.977457000184856 ], [ -84.611774999864934, 38.978301000313621 ] ] ] ] } },
{ "type": "Feature", "properties": { "mdshnocar": 4.544 }, "geometry": { "type": "MultiPolygon", "coordinates": [ [ [ [ -84.537755999766361, 39.000335000214385 ], [ -84.537733000200149, 39.000661999696106 ], [ -84.537667999902808, 39.001105999801219 ], [ -84.537545999704079, 39.001641000169755 ], [ -84.53745500036581, 39.00194799995198 ], [ -84.537375999824761, 39.002180999779831 ], [ -84.537246999953354, 39.002505999756089 ], [ -84.537111000409226, 39.002806000181138 ], [ -84.536959000073253, 39.00310199996801 ], [ -84.536776999600065, 39.00341000005411 ], [ -84.536578000306747, 39.00370899977969 ], [ -84.53611799999922, 39.004347999925301 ], [ -84.536013000417213, 39.00449000025975 ], [ -84.534927999945708, 39.00594199972879 ], [ -84.534446999721766, 39.006586000131243 ], [ -84.533423000247922, 39.007956000026148 ], [ -84.53327699975975, 39.008151999923435 ], [ -84.53099399973712, 39.011215999961323 ], [ -84.530811000337323, 39.011461999696621 ], [ -84.530524000282142, 39.011847999707406 ], [ -84.529925999882352, 39.012687999976308 ], [ -84.529612999887902, 39.013109999957528 ], [ -84.529361999817752, 39.013484999741543 ], [ -84.529248999839851, 39.013690999733363 ], [ -84.529176999869819, 39.013852000020783 ], [ -84.529119000143496, 39.014011999730869 ], [ -84.529066000440039, 39.014197000100445 ], [ -84.529021000234195, 39.014435999899121 ], [ -84.529001999967619, 39.014644000316459 ], [ -84.529006000165595, 39.0148999998829 ], [ -84.529018999686059, 39.015054000233533 ], [ -84.529067000264945, 39.015306999832241 ], [ -84.529195000311475, 39.01573499996163 ], [ -84.529339000251525, 39.016147999678857 ], [ -84.529392999779887, 39.016302000103522 ], [ -84.5295710000551, 39.016810000277644 ], [ -84.529581000100848, 39.016835999839365 ], [ -84.52959000032169, 39.016863000260031 ], [ -84.529895999745122, 39.017747000272799 ], [ -84.530406000281374, 39.019207000194058 ], [ -84.530530000129929, 39.019538000209465 ], [ -84.530717999552579, 39.019960999919952 ], [ -84.530870999713471, 39.020260000171874 ], [ -84.531024999699255, 39.020531000031426 ], [ -84.531161000141694, 39.020747000195456 ], [ -84.531493000402719, 39.021212000053836 ], [ -84.531782999932631, 39.021567000160893 ], [ -84.532035999652607, 39.021848000198666 ], [ -84.533705000280236, 39.0235409998363 ], [ -84.533712999777848, 39.023548999746204 ], [ -84.533788999945827, 39.023644999989855 ], [ -84.533936000258919, 39.023860000338992 ], [ -84.534050999886645, 39.024005000091663 ], [ -84.534177000283336, 39.024225999744189 ], [ -84.534289000436345, 39.024461999652445 ], [ -84.534419000132687, 39.024822999838932 ], [ -84.53449199992761, 39.025078000183832 ], [ -84.534517999866878, 39.025292999664096 ], [ -84.534532999935479, 39.02550799988628 ], [ -84.534522999889745, 39.025619000264335 ], [ -84.534517999866878, 39.025669999832658 ], [ -84.534472999661034, 39.026178999734022 ], [ -84.534434000201273, 39.026584000293418 ], [ -84.534310000352733, 39.027217000190426 ], [ -84.534286999888181, 39.027319999798365 ], [ -84.534220999765964, 39.027512999703077 ], [ -84.534214000093257, 39.027543000291807 ], [ -84.534172000260469, 39.027730000185123 ], [ -84.534057999559337, 39.028165999869685 ], [ -84.533983999939494, 39.02844600018885 ], [ -84.533835999801482, 39.029288000063367 ], [ -84.5336109996706, 39.030260000114104 ], [ -84.533551000294452, 39.03044999973244 ], [ -84.533333999661153, 39.031379999934266 ], [ -84.533046999605958, 39.032641999781561 ], [ -84.533043000306321, 39.032674000180336 ], [ -84.533024999864665, 39.032789000250808 ], [ -84.532721000091058, 39.033680000225807 ], [ -84.532490000112375, 39.03419399998878 ], [ -84.532157000026444, 39.034822999751682 ], [ -84.531707999589557, 39.03544199972449 ], [ -84.531659000084076, 39.035511000296395 ], [ -84.531443000174008, 39.035865999766955 ], [ -84.531253000203208, 39.03620599970089 ], [ -84.530783999674838, 39.036843000195212 ], [ -84.530619999643307, 39.037059999941775 ], [ -84.530397999885452, 39.037343000253109 ], [ -84.530238000051881, 39.037534000244186 ], [ -84.529932999555058, 39.037878999891305 ], [ -84.529668000139495, 39.038163000280328 ], [ -84.529596000169462, 39.038232000288467 ], [ -84.529418999719141, 39.038403999732289 ], [ -84.529232000121397, 39.038580000303782 ], [ -84.528919000126947, 39.038853999979963 ], [ -84.52881600019478, 39.038942000108904 ], [ -84.52858199984307, 39.039137000083443 ], [ -84.528176999787107, 39.039461999775277 ], [ -84.527744000142064, 39.039806999776836 ], [ -84.527271000314059, 39.040185999656863 ], [ -84.526950999748593, 39.040443999903303 ], [ -84.526000999894606, 39.04117200019197 ], [ -84.525564999876508, 39.041486999977536 ], [ -84.524798000320615, 39.042027000229666 ], [ -84.524123999752831, 39.042486000094243 ], [ -84.523400999679566, 39.042978999986346 ], [ -84.523327000059709, 39.043034000182757 ], [ -84.52311100014964, 39.043197000221504 ], [ -84.52276800001799, 39.043496999656455 ], [ -84.522470999917061, 39.043793000055054 ], [ -84.522311000083491, 39.043971999819206 ], [ -84.522266999702552, 39.04402799972636 ], [ -84.522095000173408, 39.04424600021288 ], [ -84.522014999807482, 39.044361000288063 ], [ -84.521778999805932, 39.044735999657426 ], [ -84.521618000147441, 39.045028999734711 ], [ -84.521256999574121, 39.04576900014829 ], [ -84.52093899955679, 39.046412000149068 ], [ -84.520707999578121, 39.046877999743359 ], [ -84.52044999983525, 39.047329999912961 ], [ -84.520011000342436, 39.04803899996584 ], [ -84.519120999864583, 39.049378999957071 ], [ -84.519060999590124, 39.049469000346946 ], [ -84.518985000320455, 39.0495840002907 ], [ -84.518785000303907, 39.049885000209407 ], [ -84.518565000195878, 39.050195000321459 ], [ -84.518514000142261, 39.049923000084753 ], [ -84.518474999784203, 39.049852999931346 ], [ -84.518411000210094, 39.049699999753059 ], [ -84.518367999654075, 39.049641000338966 ], [ -84.518343000438037, 39.049517000321977 ], [ -84.518302000430154, 39.049284000196209 ], [ -84.518208999645424, 39.048974999987657 ], [ -84.518216000216427, 39.04891000027061 ], [ -84.518197999774756, 39.048794999927104 ], [ -84.518200000322906, 39.048722999913977 ], [ -84.518223999714024, 39.04866500010197 ], [ -84.518283000163578, 39.048572999941634 ], [ -84.518343000438037, 39.04850700013192 ], [ -84.518565000195878, 39.048338999767203 ], [ -84.518622999922201, 39.048310999783858 ], [ -84.518689999869352, 39.048253000331144 ], [ -84.518858999923751, 39.048159000178821 ], [ -84.518997000016014, 39.048043000278525 ], [ -84.519029999627975, 39.048008999706333 ], [ -84.519191000184776, 39.047912999766979 ], [ -84.519427000186326, 39.047693999700392 ], [ -84.519571000126362, 39.047523000284968 ], [ -84.519681999556141, 39.047431999770389 ], [ -84.519740000180775, 39.047338999660077 ], [ -84.519730999959933, 39.047310999977931 ], [ -84.519730000135027, 39.047270000174208 ], [ -84.519793999709123, 39.047106999766278 ], [ -84.5198339998921, 39.047068000028098 ], [ -84.519904000212307, 39.047021999969346 ], [ -84.519916999732786, 39.046994000161554 ], [ -84.519930999976481, 39.046841000069058 ], [ -84.519970000334538, 39.046706999747776 ], [ -84.520064999870783, 39.046522999787904 ], [ -84.520129000343204, 39.046432999830124 ], [ -84.520156999932283, 39.046381000143342 ], [ -84.5202139998337, 39.046156000279296 ], [ -84.520248999993797, 39.046054999732092 ], [ -84.520226000427584, 39.045961999901792 ], [ -84.520310999918081, 39.045663999995874 ], [ -84.520308000443336, 39.045631000135025 ], [ -84.520290000001694, 39.045584000073958 ], [ -84.520259000039545, 39.045563999904907 ], [ -84.520178999673604, 39.04555299970491 ], [ -84.520141000038777, 39.045528999769871 ], [ -84.520011000342436, 39.045354999997286 ], [ -84.520004999596324, 39.045336999996358 ], [ -84.520018999840033, 39.045318000222927 ], [ -84.520079000114478, 39.045289999739744 ], [ -84.52011699974932, 39.045288999971412 ], [ -84.520171000175992, 39.045303000214624 ], [ -84.520217000206756, 39.045303999982693 ], [ -84.52023099955214, 39.045297999978558 ], [ -84.519941999847134, 39.045106000274885 ], [ -84.519935999999362, 39.045113999836857 ], [ -84.519883000295906, 39.045147999709563 ], [ -84.519718000439454, 39.045156999734679 ], [ -84.519677000431585, 39.045177999788883 ], [ -84.519633999875552, 39.045213999867165 ], [ -84.519598999715456, 39.045255000166577 ], [ -84.519591000217858, 39.045264999946738 ], [ -84.519534000316455, 39.045304999750812 ], [ -84.519478000239957, 39.04532299975989 ], [ -84.519285999721006, 39.045282000197638 ], [ -84.519171000093294, 39.045234000135324 ], [ -84.519099999948182, 39.045215000334196 ], [ -84.518990000343322, 39.045209000322494 ], [ -84.518971999901666, 39.045195999830312 ], [ -84.518970000251826, 39.045222999883876 ], [ -84.51893599991665, 39.045155000194356 ], [ -84.518899000106728, 39.044957999841827 ], [ -84.518925999870902, 39.044803999750293 ], [ -84.518942999589342, 39.044634000093026 ], [ -84.519003999688721, 39.044498000212165 ], [ -84.519012000084643, 39.044488000323483 ], [ -84.519145999978932, 39.044333000123181 ], [ -84.519207000078296, 39.044260999747941 ], [ -84.519438999881899, 39.043994000012297 ], [ -84.519469999844034, 39.044007999814454 ], [ -84.519493000308572, 39.043981999780989 ], [ -84.519529000293588, 39.04391800014082 ], [ -84.51952000007276, 39.043886999738291 ], [ -84.519585000370071, 39.043726999965209 ], [ -84.5196000004387, 39.043669000237024 ], [ -84.51961499960899, 39.043642000287157 ], [ -84.519645999571125, 39.043629000204291 ], [ -84.519684000104277, 39.043634999652475 ], [ -84.519905000037213, 39.043756000160265 ], [ -84.519942999672054, 39.043789000199382 ], [ -84.519982000030112, 39.043807999686294 ], [ -84.520012000167327, 39.043803999831475 ], [ -84.520058000198077, 39.043760000017812 ], [ -84.520103000403921, 39.043743000098338 ], [ -84.520264000062411, 39.043713999897932 ], [ -84.520423999895996, 39.043627999714808 ], [ -84.520546000094726, 39.043603000031332 ], [ -84.520552999767403, 39.0435669998297 ], [ -84.520537999698803, 39.043539999840853 ], [ -84.520454999858117, 39.043515999919656 ], [ -84.520423999895996, 39.043484000244568 ], [ -84.52040100032977, 39.043447000187946 ], [ -84.520417000223276, 39.043410999906861 ], [ -84.520438999964597, 39.043321999966487 ], [ -84.520462000429134, 39.043286000319355 ], [ -84.520546000094726, 39.043225000138939 ], [ -84.520583999729553, 39.04320299970643 ], [ -84.520576000231941, 39.043180999964711 ], [ -84.520416000398384, 39.043037000281032 ], [ -84.520377999865232, 39.043023000286446 ], [ -84.520269999910184, 39.043013999989448 ], [ -84.520240999597874, 39.043010999890193 ], [ -84.519889999968598, 39.04295000017003 ], [ -84.519791000234406, 39.042915999937151 ], [ -84.519706999670504, 39.0428779997806 ], [ -84.519539000339321, 39.042780000237357 ], [ -84.519454999775419, 39.042714999703541 ], [ -84.519364000437136, 39.042631999815121 ], [ -84.519202999880349, 39.04242199979651 ], [ -84.519119000214744, 39.042293999724805 ], [ -84.519099000123262, 39.042252999799963 ], [ -84.518997000016014, 39.042051999773129 ], [ -84.518928000419038, 39.041929000203602 ], [ -84.51890599977942, 39.041749000328494 ], [ -84.51890599977942, 39.041658000050425 ], [ -84.518942999589342, 39.041371000284073 ], [ -84.518950999985265, 39.041335000340496 ], [ -84.518976000099627, 39.041276000218879 ], [ -84.518997000016014, 39.041201000040409 ], [ -84.519034999650856, 39.041124999955159 ], [ -84.519072000359074, 39.041075000203293 ], [ -84.519157999674491, 39.040977000252134 ], [ -84.51936299971392, 39.040739999836852 ], [ -84.519444999729686, 39.04069200017706 ], [ -84.519493000308572, 39.040656999721335 ], [ -84.51967599970834, 39.040566999965023 ], [ -84.519942999672054, 39.04038799994607 ], [ -84.520004999596324, 39.040336999834331 ], [ -84.520285999803733, 39.040134000255712 ], [ -84.520484000170427, 39.039930000249782 ], [ -84.520522999630188, 39.039895000114306 ], [ -84.520698000430684, 39.039646999833892 ], [ -84.520752999783952, 39.039553999940438 ], [ -84.520881999655387, 39.039357999869068 ], [ -84.520905000119924, 39.039305000005626 ], [ -84.520950000325755, 39.039156999978808 ], [ -84.520972999891981, 39.038963999775184 ], [ -84.520966000219289, 39.038863999968427 ], [ -84.520942999754766, 39.038774000021363 ], [ -84.520896999723988, 39.038656000335699 ], [ -84.520904000295019, 39.038633000013363 ], [ -84.520896999723988, 39.038602000082719 ], [ -84.52084400002056, 39.038510000073465 ], [ -84.520767000027647, 39.038405000295796 ], [ -84.520644999828932, 39.038290000293749 ], [ -84.520613999866782, 39.038249000138528 ], [ -84.520426000444118, 39.038074000008507 ], [ -84.520408999827367, 39.038054999677243 ], [ -84.520232000275357, 39.037975000209464 ], [ -84.520202000138141, 39.03795599985159 ], [ -84.520163999604989, 39.037911999884535 ], [ -84.520125999970148, 39.037882000208491 ], [ -84.520012000167327, 39.037829999809439 ], [ -84.519745000203656, 39.037789000085063 ], [ -84.519576999974163, 39.037789999959521 ], [ -84.519515999874798, 39.037801999847069 ], [ -84.519402000071963, 39.037789999959521 ], [ -84.519248999911085, 39.037765000303452 ], [ -84.519202999880349, 39.037763999730927 ], [ -84.519104000146129, 39.03774800033694 ], [ -84.5189819999474, 39.037750000086959 ], [ -84.51893599991665, 39.037771000249656 ], [ -84.518776000083065, 39.037785999763926 ], [ -84.518692000417488, 39.037797999652213 ], [ -84.518347999562593, 39.037827000187818 ], [ -84.51811800030714, 39.037860000205328 ], [ -84.517890999628094, 39.037898000269891 ], [ -84.517654999626558, 39.037969000280626 ], [ -84.517524000105297, 39.037976000081287 ], [ -84.517240000423172, 39.038005999717427 ], [ -84.517067000170812, 39.038014999954697 ], [ -84.517028999637645, 39.038027999675137 ], [ -84.516852999910554, 39.038051000194422 ], [ -84.51680799970471, 39.0380500003237 ], [ -84.516487000212663, 39.038084000107368 ], [ -84.516342000447722, 39.038090000026429 ], [ -84.51630399991457, 39.038097999685156 ], [ -84.516128000187479, 39.038107999780628 ], [ -84.515882000140166, 39.03814099966695 ], [ -84.515717000283729, 39.03815800023667 ], [ -84.515640000290844, 39.038155999800431 ], [ -84.515549000054236, 39.038168000323637 ], [ -84.515373000327131, 39.038169000192688 ], [ -84.515181999633114, 39.038182999753637 ], [ -84.515015000126866, 39.038182999753637 ], [ -84.514877999859507, 39.038175999973532 ], [ -84.514579999933673, 39.038206000222516 ], [ -84.514275000335161, 39.038203999787648 ], [ -84.514244000372997, 39.038198999746932 ], [ -84.514214000235782, 39.038184000320278 ], [ -84.514183000273647, 39.038179000278106 ], [ -84.51412999967188, 39.038191999968362 ], [ -84.514061000074904, 39.038186000057969 ], [ -84.513977000409326, 39.03815699966971 ], [ -84.513946000447191, 39.038152000323372 ], [ -84.513854000385663, 39.03814700027894 ], [ -84.513702999874624, 39.038123999790855 ], [ -84.513603000315513, 39.038095000074911 ], [ -84.513568999980322, 39.038080999798765 ], [ -84.513519999576502, 39.038069999829041 ], [ -84.513275000252449, 39.03806100029653 ], [ -84.513146000381013, 39.038003999974656 ], [ -84.512870000196486, 39.03794900004894 ], [ -84.512802000424429, 39.037943000117899 ], [ -84.512778000134986, 39.037931000254289 ], [ -84.512756000393679, 39.037927999939143 ], [ -84.512723999708314, 39.037927000066688 ], [ -84.512610999730413, 39.037901999761381 ], [ -84.512566000422879, 39.037883000081585 ], [ -84.512497999752497, 39.037865000270067 ], [ -84.512405999690984, 39.037851999821939 ], [ -84.512275999994642, 39.037818999800649 ], [ -84.512199000001758, 39.037789999959521 ], [ -84.512008000206052, 39.037740999815938 ], [ -84.511978000068808, 39.037727000167408 ], [ -84.511925000365366, 39.03771700001802 ], [ -84.511855999870093, 39.037693000211952 ], [ -84.511748999739964, 39.03766799982381 ], [ -84.511367999973444, 39.03754700005311 ], [ -84.511291999805465, 39.037508999799826 ], [ -84.511162000109124, 39.037426000075222 ], [ -84.511032000412783, 39.037360000317051 ], [ -84.510649999923046, 39.037121999746965 ], [ -84.510521000051625, 39.037083000078439 ], [ -84.510444999883646, 39.037077000073864 ], [ -84.510376000286669, 39.037061999711263 ], [ -84.510306999791382, 39.037029000018784 ], [ -84.510260999760632, 39.036996000310879 ], [ -84.510124000391585, 39.036938999827697 ], [ -84.510099000277236, 39.036929000264564 ], [ -84.510002000192856, 39.036894000038004 ], [ -84.509844999834016, 39.036837000170259 ], [ -84.509685999825365, 39.036776999892552 ], [ -84.509625999550906, 39.036750000099879 ], [ -84.509566999999691, 39.036719999930433 ], [ -84.509269999898748, 39.036605999868236 ], [ -84.50913299963139, 39.036566999914918 ], [ -84.50907099970712, 39.036563000347854 ], [ -84.508956999904299, 39.036549999660124 ], [ -84.508637000237172, 39.036443999867423 ], [ -84.508468000182759, 39.036408000204453 ], [ -84.50833099991543, 39.036356000116207 ], [ -84.508042000210423, 39.036299999709968 ], [ -84.507934000255389, 39.036252999721057 ], [ -84.507904000118145, 39.036230000012011 ], [ -84.507827999950166, 39.036191999748191 ], [ -84.507729000215974, 39.036127000130982 ], [ -84.507674999789288, 39.036112000264495 ], [ -84.507499999887116, 39.036103999683142 ], [ -84.507140999861917, 39.03610099998825 ], [ -84.507018999663174, 39.036107000075695 ], [ -84.50692699960166, 39.036122999841297 ], [ -84.506659999637975, 39.036148999975936 ], [ -84.506515999697939, 39.036146000282898 ], [ -84.506416000138813, 39.036121000045227 ], [ -84.506202999703476, 39.036112000264495 ], [ -84.506050000440922, 39.036122999841297 ], [ -84.505965999877034, 39.036134000114117 ], [ -84.505790999974835, 39.036135000011946 ], [ -84.505471000307708, 39.036119000249116 ], [ -84.505226000085315, 39.036081999824226 ], [ -84.505098999863705, 39.036084000319121 ], [ -84.504708000051465, 39.036094000001839 ], [ -84.504189000192682, 39.036149999873558 ], [ -84.504066999993952, 39.03618800015996 ], [ -84.503815000098868, 39.036209999985871 ], [ -84.503646999869375, 39.036237999881315 ], [ -84.503475000340245, 39.036243000060843 ], [ -84.503203000353679, 39.036216000064123 ], [ -84.503213000399413, 39.036137999705403 ], [ -84.50322400027008, 39.036066000049345 ], [ -84.503338000072901, 39.035246000108913 ], [ -84.503570999701395, 39.035256999820518 ], [ -84.503606999686411, 39.03488799987057 ], [ -84.503677000006604, 39.034194999914114 ], [ -84.503722000212463, 39.033754000082681 ], [ -84.503281999996403, 39.033634999756337 ], [ -84.503066000086335, 39.03358600022046 ], [ -84.501815999758364, 39.033269000223434 ], [ -84.501306999945356, 39.033123999935746 ], [ -84.501178999898841, 39.033087999976999 ], [ -84.501053000400447, 39.033403000215181 ], [ -84.501024000088123, 39.03345499968529 ], [ -84.500751000276665, 39.033328000053238 ], [ -84.500593999917811, 39.033259000140966 ], [ -84.500461999673334, 39.033239999910549 ], [ -84.500295999991977, 39.033235000216344 ], [ -84.500133999610284, 39.033283999995589 ], [ -84.499752999843778, 39.033439999949437 ], [ -84.499228999962128, 39.033581999786918 ], [ -84.49892099999056, 39.033635999689523 ], [ -84.498452000360487, 39.033699000337862 ], [ -84.49791400023517, 39.033743000137129 ], [ -84.497405000422134, 39.033757999808671 ], [ -84.496930999870884, 39.033734000053578 ], [ -84.496422000057862, 39.033684999888536 ], [ -84.496026000222756, 39.033651000081584 ], [ -84.495844999574459, 39.033637000320553 ], [ -84.495150999813518, 39.033601999859052 ], [ -84.494979000284374, 39.033591999823699 ], [ -84.494857000085645, 39.033581999786918 ], [ -84.494749000130597, 39.033581999786918 ], [ -84.494723000191343, 39.033588000088258 ], [ -84.494653999696027, 39.033503000074695 ], [ -84.493960999760006, 39.032661000172688 ], [ -84.493327000273496, 39.031880000266831 ], [ -84.49324500025773, 39.031780000204179 ], [ -84.493138999952535, 39.031624000075119 ], [ -84.492969999898122, 39.031319999907836 ], [ -84.492847999699393, 39.031012999917735 ], [ -84.492779999927336, 39.030786000010757 ], [ -84.492759000010935, 39.030657999794009 ], [ -84.492707999957318, 39.03034999973989 ], [ -84.492698999736476, 39.030250000303695 ], [ -84.492667999774341, 39.029922000154997 ], [ -84.492666999949421, 39.029891999878224 ], [ -84.492641999835058, 39.029360000344617 ], [ -84.492640000185247, 39.029046000228185 ], [ -84.492658999553498, 39.028675999945214 ], [ -84.49269700008665, 39.028229999821086 ], [ -84.492708999782224, 39.02787999974943 ], [ -84.492698999736476, 39.027453999903805 ], [ -84.492676000170263, 39.027216000166362 ], [ -84.492531000405293, 39.026084000180035 ], [ -84.492468999582698, 39.025666000346774 ], [ -84.492373000221562, 39.025172999694014 ], [ -84.492260000243661, 39.024721000141241 ], [ -84.492085000341461, 39.024141000335369 ], [ -84.491949999723928, 39.02368700031721 ], [ -84.491875000279165, 39.0233599998014 ], [ -84.491833000446377, 39.023125999867602 ], [ -84.491810999806773, 39.022875999887845 ], [ -84.491804999958973, 39.022609999692321 ], [ -84.49182599987536, 39.02213900007893 ], [ -84.49184500014195, 39.021669000221799 ], [ -84.491854000362778, 39.021365999918167 ], [ -84.491840000119083, 39.021199000031807 ], [ -84.491816999654546, 39.021049999662338 ], [ -84.491727000141182, 39.020672999980938 ], [ -84.491635000079654, 39.020430999964674 ], [ -84.491343999826526, 39.019856999930361 ], [ -84.491229000198814, 39.019639000274623 ], [ -84.49041099969098, 39.018105000089882 ], [ -84.490092999673649, 39.017484000110073 ], [ -84.489305000201384, 39.016010999930167 ], [ -84.489145000367799, 39.015699000220152 ], [ -84.489023999993975, 39.015415999791429 ], [ -84.488720000220368, 39.014613999837671 ], [ -84.48840899987573, 39.013864999997679 ], [ -84.487967000009874, 39.012796999784264 ], [ -84.487741000054058, 39.012219999890654 ], [ -84.487701999696, 39.012139999798741 ], [ -84.487637000296985, 39.01200499974378 ], [ -84.487607000159755, 39.011923999866355 ], [ -84.487474000090359, 39.011560000090562 ], [ -84.487247000309651, 39.011053999702447 ], [ -84.487171000141657, 39.010859999981299 ], [ -84.487119000263121, 39.010678000032627 ], [ -84.48708599975285, 39.010506000126263 ], [ -84.487064000011529, 39.010285000168274 ], [ -84.487060999638473, 39.010066000053016 ], [ -84.487096999623489, 39.009491000067186 ], [ -84.487146999852214, 39.00900900001507 ], [ -84.4871950004311, 39.00872400016523 ], [ -84.487224999670019, 39.008590999749281 ], [ -84.487272000424014, 39.008394000080145 ], [ -84.487469999892411, 39.007558000280248 ], [ -84.487551000083258, 39.007212999925059 ], [ -84.487578999672351, 39.007039000048444 ], [ -84.48757299982455, 39.006775999851854 ], [ -84.487561000129006, 39.006708000164785 ], [ -84.487473000265453, 39.006259000107853 ], [ -84.487310999883732, 39.005469000117998 ], [ -84.487290999792265, 39.005255999664868 ], [ -84.487284999944478, 39.00518799991282 ], [ -84.487186000210272, 39.003587000158667 ], [ -84.48717799981435, 39.003049999812113 ], [ -84.48719600025602, 39.002861000225749 ], [ -84.487294999990226, 39.002138999942467 ], [ -84.487303000386134, 39.002000999902336 ], [ -84.487311999708652, 39.001841999932211 ], [ -84.487308000409016, 39.001540000229902 ], [ -84.487289999967331, 39.001034000067776 ], [ -84.487258000180304, 39.00078999976698 ], [ -84.48711500006516, 39.000242999966098 ], [ -84.487075999707102, 39.00008099970858 ], [ -84.487052000315984, 38.999882999665822 ], [ -84.487053000140875, 38.998621999819008 ], [ -84.487060999638473, 38.998070999664279 ], [ -84.487064999836448, 38.997167000265158 ], [ -84.487075999707102, 38.996229000137781 ], [ -84.48710199964637, 38.99592299974509 ], [ -84.487110000042279, 38.995863000348031 ], [ -84.487129000308869, 38.995727000176437 ], [ -84.4871950004311, 38.99541600013152 ], [ -84.487296999640051, 38.995076000206701 ], [ -84.487519000296203, 38.994503999924703 ], [ -84.487869999925479, 38.993616999751019 ], [ -84.487915999956243, 38.993480000347411 ], [ -84.487942999720417, 38.993384000347412 ], [ -84.487996000322184, 38.993191000149707 ], [ -84.48804599965257, 38.992883000263369 ], [ -84.488167000026408, 38.991945999730326 ], [ -84.488228999950692, 38.991344999941617 ], [ -84.488315999989325, 38.990324000281532 ], [ -84.48848599986863, 38.988337000229436 ], [ -84.488510999982978, 38.988181999789532 ], [ -84.488522999678565, 38.987960000036949 ], [ -84.488558999663567, 38.987502999908045 ], [ -84.488768999725835, 38.985145999857522 ], [ -84.488854999939576, 38.984523999675879 ], [ -84.488907999643018, 38.984198000271846 ], [ -84.488981000336267, 38.983834000290095 ], [ -84.489223000185603, 38.982871999858247 ], [ -84.489260999820445, 38.982713000201208 ], [ -84.489294000330716, 38.982393999856306 ], [ -84.489299000353583, 38.982172000107802 ], [ -84.489270000041287, 38.981754999774104 ], [ -84.489210999591734, 38.981458000103636 ], [ -84.489105000184821, 38.981007999752556 ], [ -84.488791000365467, 38.979749000170912 ], [ -84.488750000357598, 38.979587999786972 ], [ -84.488653000273217, 38.979207999775518 ], [ -84.488548999617819, 38.97891099989598 ], [ -84.488442000386016, 38.978686999677656 ], [ -84.48834799977638, 38.978520000285201 ], [ -84.488148999584737, 38.97822699968863 ], [ -84.488064000094241, 38.978116999673539 ], [ -84.487824999719635, 38.977857000291884 ], [ -84.487613000007528, 38.977659000224534 ], [ -84.487448999976024, 38.977530000189631 ], [ -84.487135999981561, 38.977306999824052 ], [ -84.487080999729983, 38.977276000240636 ], [ -84.48681999961407, 38.977122000058827 ], [ -84.48667700039725, 38.977047000261713 ], [ -84.486402999862548, 38.976925000068128 ], [ -84.4860129998752, 38.976782000249123 ], [ -84.485812000033761, 38.97671899987099 ], [ -84.485653000025096, 38.976675000205447 ], [ -84.485618999689919, 38.97666799992286 ], [ -84.48533500000778, 38.976608000265493 ], [ -84.485340999855566, 38.976416999807235 ], [ -84.485329000159993, 38.976189999938235 ], [ -84.485325999786937, 38.976153000278231 ], [ -84.485313000266487, 38.975954000284226 ], [ -84.485298000197858, 38.975898000227218 ], [ -84.485247000144227, 38.975774000043103 ], [ -84.485005000294905, 38.975340000133244 ], [ -84.484617999782301, 38.97470099994171 ], [ -84.48429700029024, 38.974225000098926 ], [ -84.483657999882553, 38.973394000007353 ], [ -84.483493999851035, 38.973210999975556 ], [ -84.483129999802955, 38.972894999704259 ], [ -84.482934999809288, 38.972744000060246 ], [ -84.482778000348773, 38.972648999971206 ], [ -84.48245199993552, 38.972488000205701 ], [ -84.482104999605909, 38.972344999807781 ], [ -84.48196300021398, 38.972297999911873 ], [ -84.481087999804743, 38.972059000240897 ], [ -84.480697999817409, 38.971913000050918 ], [ -84.480157000217332, 38.971674999890126 ], [ -84.480048000437392, 38.971611999857487 ], [ -84.479942999957089, 38.971522000212488 ], [ -84.479835000002069, 38.971388000296365 ], [ -84.479792000344361, 38.971320000127328 ], [ -84.479768000054918, 38.971261000246102 ], [ -84.479713999628231, 38.971091999864576 ], [ -84.479710000328581, 38.970909000170344 ], [ -84.479728999696846, 38.97080299975719 ], [ -84.479782000298613, 38.97061600020966 ], [ -84.479871999811976, 38.970455000013182 ], [ -84.479971000444507, 38.970318999913488 ], [ -84.480060000132951, 38.970221999800962 ], [ -84.480161000415293, 38.970126999821225 ], [ -84.480323999723609, 38.970001999874256 ], [ -84.480457999617911, 38.969914999987722 ], [ -84.481329999654093, 38.969401999712133 ], [ -84.482071999993934, 38.96930700002941 ], [ -84.482184999971849, 38.969299000270851 ], [ -84.482209000261278, 38.969294999692849 ], [ -84.4822460000712, 38.969269000120619 ], [ -84.482268999637412, 38.969228999900587 ], [ -84.482307000170564, 38.969216000103529 ], [ -84.482338000132714, 38.969150000237669 ], [ -84.482369000094863, 38.969113999840459 ], [ -84.482460000331457, 38.969121000171349 ], [ -84.48248299989767, 38.969117000281678 ], [ -84.482521000430808, 38.969094999836862 ], [ -84.482543999997034, 38.969059000110143 ], [ -84.482985000037999, 38.969023999815064 ], [ -84.483101000388956, 38.969014999876045 ], [ -84.483513000117611, 38.968971000313054 ], [ -84.483910999602557, 38.968935999974505 ], [ -84.484084999679823, 38.968929000323762 ], [ -84.48434300032099, 38.968920999824121 ], [ -84.484582999622205, 38.968927000024351 ], [ -84.485720999797152, 38.968920999824121 ], [ -84.485842999995896, 38.968913000021963 ], [ -84.486044999662255, 38.968887000309579 ], [ -84.48642399977895, 38.968799000298802 ], [ -84.486623999795484, 38.968765000027311 ], [ -84.486710999834116, 38.968758999813311 ], [ -84.486750000192188, 38.968756000055372 ], [ -84.486824999636937, 38.968758999813311 ], [ -84.4869130003988, 38.968780000210714 ], [ -84.487062000361718, 38.968836999761301 ], [ -84.487530999991776, 38.96908200001527 ], [ -84.487922999628935, 38.969256000330944 ], [ -84.488357999822114, 38.969424000061586 ], [ -84.4886940002811, 38.969588999671103 ], [ -84.488777000121772, 38.969640999967865 ], [ -84.48890099997034, 38.969704999797202 ], [ -84.489256999622484, 38.969876000268762 ], [ -84.489641999586937, 38.970032999848115 ], [ -84.489988999916591, 38.970155000041686 ], [ -84.490335000421311, 38.970261000027783 ], [ -84.49077300008922, 38.970407000131075 ], [ -84.490908999633334, 38.970468999710782 ], [ -84.49109100010655, 38.970590999851744 ], [ -84.491334999605684, 38.970813000290519 ], [ -84.491378000161717, 38.970841999664096 ], [ -84.491485000291846, 38.970893000315819 ], [ -84.49190899971606, 38.971043000294294 ], [ -84.492236999779124, 38.971178000282691 ], [ -84.492914999646544, 38.971512999892497 ], [ -84.493354000037669, 38.971699999865422 ], [ -84.493853999629877, 38.971844999687526 ], [ -84.494077000110963, 38.971898999940379 ], [ -84.494235000294694, 38.971915000266065 ], [ -84.494291000371206, 38.971913000050918 ], [ -84.494438999610878, 38.97188399971909 ], [ -84.494668999764656, 38.97178600024364 ], [ -84.494763000374306, 38.971736999756708 ], [ -84.494949999972036, 38.971647000270551 ], [ -84.495108000155795, 38.97159399993766 ], [ -84.495197999669159, 38.971584000213007 ], [ -84.495277000210208, 38.971587999963361 ], [ -84.495361999700705, 38.971601000023441 ], [ -84.496679999800719, 38.972022999925457 ], [ -84.497008999688688, 38.972128999909529 ], [ -84.497431000361388, 38.972249999881953 ], [ -84.497673000210739, 38.972325999972497 ], [ -84.497859999808483, 38.972417000093074 ], [ -84.498036000433899, 38.972559000247202 ], [ -84.498120000099476, 38.972646999776842 ], [ -84.498566000163322, 38.97311699990513 ], [ -84.498640999608071, 38.973206000227577 ], [ -84.498695000034729, 38.973287999821437 ], [ -84.498875999784715, 38.97359900001571 ], [ -84.498943999556772, 38.973668000174641 ], [ -84.499013999876965, 38.973707999982935 ], [ -84.499100999915612, 38.973741999976831 ], [ -84.499183999756283, 38.973755999723053 ], [ -84.499365000404566, 38.973756999804614 ], [ -84.500223000197039, 38.973704999736213 ], [ -84.500691000002192, 38.973683000018099 ], [ -84.500892999668565, 38.973678999687664 ], [ -84.501041999631482, 38.973676000138092 ], [ -84.501335000432746, 38.973692000062329 ], [ -84.502302999830093, 38.97380899983483 ], [ -84.502343999837976, 38.973618000207885 ], [ -84.502398000264648, 38.973375999842013 ], [ -84.502426999678647, 38.973265999973783 ], [ -84.503502000104419, 38.973358999759277 ], [ -84.503691000250313, 38.973375999842013 ], [ -84.503964000061785, 38.973383999838504 ], [ -84.504339999805424, 38.973416999901595 ], [ -84.504728999967853, 38.973471999739793 ], [ -84.504794000265193, 38.973480999810832 ], [ -84.504898999847157, 38.973503999676822 ], [ -84.505011999825072, 38.973542000107045 ], [ -84.505144999894455, 38.973612999790262 ], [ -84.505288999834505, 38.973707999982935 ], [ -84.505513999965387, 38.973897999986001 ], [ -84.505761999662511, 38.974141000041023 ], [ -84.505823999586809, 38.974197000090705 ], [ -84.506401000070198, 38.974717000332753 ], [ -84.506545000010249, 38.974829000175205 ], [ -84.506663000011031, 38.974897999834134 ], [ -84.506787999684491, 38.97495199985427 ], [ -84.506904000035448, 38.974983999820893 ], [ -84.50703899975467, 38.975011000152513 ], [ -84.50732099978697, 38.975055000153581 ], [ -84.507557999613439, 38.975100000189862 ], [ -84.507755000155242, 38.975158999666469 ], [ -84.507869999782955, 38.97521500030787 ], [ -84.507966000042444, 38.975283000229034 ], [ -84.50804800005821, 38.975359999917195 ], [ -84.508144000317671, 38.975485000184946 ], [ -84.508197999846018, 38.975584000184639 ], [ -84.508239999678807, 38.975683000045869 ], [ -84.508403999710353, 38.976213999669604 ], [ -84.508428999824702, 38.976294999925003 ], [ -84.508494999946947, 38.976507000215342 ], [ -84.508592999856234, 38.976824999809978 ], [ -84.508597000054195, 38.976839000343453 ], [ -84.508867000390936, 38.977780999851873 ], [ -84.508885999759187, 38.977863999758625 ], [ -84.508930000140126, 38.978075000219519 ], [ -84.509012000155892, 38.978592999892449 ], [ -84.509069000057295, 38.97894900021813 ], [ -84.509106999692136, 38.97918799968167 ], [ -84.509144000400369, 38.979377000342978 ], [ -84.509187999882982, 38.979514999808842 ], [ -84.509239999761519, 38.979625999745743 ], [ -84.509304000233939, 38.979723000246459 ], [ -84.509378999678702, 38.97980099999117 ], [ -84.509452000371937, 38.979861999731604 ], [ -84.509546999908181, 38.979923000117864 ], [ -84.509660999711002, 38.979978999785075 ], [ -84.509789999582424, 38.98002300019084 ], [ -84.509932999697568, 38.980059999923682 ], [ -84.510084000208622, 38.980084999732263 ], [ -84.510295999920729, 38.980119000156037 ], [ -84.511505000240803, 38.98025300031162 ], [ -84.51237999975173, 38.980351999930164 ], [ -84.512778999959906, 38.980376000345913 ], [ -84.513035000052938, 38.980383000261924 ], [ -84.513460000200368, 38.980376000345913 ], [ -84.513815999852525, 38.980359999836864 ], [ -84.514251999870623, 38.98033900007988 ], [ -84.514498999742827, 38.980341000056988 ], [ -84.514722000223898, 38.980359999836864 ], [ -84.514909999646562, 38.98039900006745 ], [ -84.515041999891025, 38.980441000237981 ], [ -84.51515499986894, 38.98048600034317 ], [ -84.515297000159165, 38.980557000047462 ], [ -84.515431999878373, 38.980641000176213 ], [ -84.515865000421741, 38.981002999856749 ], [ -84.516200000157482, 38.981301000014255 ], [ -84.516735999734706, 38.981776999777722 ], [ -84.517176999775643, 38.982139999897939 ], [ -84.517364000271712, 38.982314000253631 ], [ -84.517596000075329, 38.982541000042787 ], [ -84.518631000318138, 38.983451000189746 ], [ -84.519438000056979, 38.984150999863409 ], [ -84.520616000414918, 38.985182999706211 ], [ -84.521040999664052, 38.98556199985471 ], [ -84.521425999628505, 38.985905999738016 ], [ -84.521761000262586, 38.986191999939471 ], [ -84.522321999954144, 38.986694999702607 ], [ -84.522408999992777, 38.986762999771145 ], [ -84.52251299974985, 38.986828999980574 ], [ -84.522644999994327, 38.9868979998163 ], [ -84.522933999699347, 38.987004999772651 ], [ -84.523072999616502, 38.987030999815929 ], [ -84.523209000058955, 38.987041000152296 ], [ -84.523357000196953, 38.987036999878292 ], [ -84.523491000091255, 38.987020000282193 ], [ -84.524127000125887, 38.98688299997918 ], [ -84.524339999662899, 38.986848000114058 ], [ -84.5245780002126, 38.986847000217445 ], [ -84.524839000328512, 38.986900000306392 ], [ -84.525042999644683, 38.986970999862791 ], [ -84.525309999608368, 38.987086000252006 ], [ -84.526426999866956, 38.987608999762244 ], [ -84.526641999952105, 38.987729999816786 ], [ -84.526719999769909, 38.987788999941486 ], [ -84.526826000075133, 38.987899000291186 ], [ -84.526893999847189, 38.988018000089809 ], [ -84.526913999938671, 38.988086000283886 ], [ -84.526932000380327, 38.988229000314668 ], [ -84.526915999588496, 38.988388000151282 ], [ -84.526771999648446, 38.989014000059271 ], [ -84.526702000226564, 38.989403999808495 ], [ -84.526668999716279, 38.989738999775149 ], [ -84.526638999579063, 38.99017099970294 ], [ -84.526636999929252, 38.990375000168122 ], [ -84.526663999693412, 38.990502000150549 ], [ -84.526682000135082, 38.990549999677668 ], [ -84.526748000257314, 38.990668000064282 ], [ -84.526815000204465, 38.990755000288409 ], [ -84.526939000053034, 38.990879999909602 ], [ -84.527088999840842, 38.990986000292338 ], [ -84.527228999582931, 38.991060000149247 ], [ -84.527371999698062, 38.991112000040161 ], [ -84.527437999820322, 38.99112800021377 ], [ -84.527517000361343, 38.991146999891527 ], [ -84.527544000125516, 38.991149000261537 ], [ -84.52771200035501, 38.991163999892869 ], [ -84.527862999967738, 38.991155999810637 ], [ -84.528411000138831, 38.991090999981424 ], [ -84.530602000099961, 38.990840999867117 ], [ -84.530797999918533, 38.990853999883669 ], [ -84.530941000033664, 38.99084700030474 ], [ -84.531171000187442, 38.99084700030474 ], [ -84.531334000394068, 38.99085700010199 ], [ -84.531486999656607, 38.990883999966435 ], [ -84.531594999611656, 38.990906999765258 ], [ -84.531757999818282, 38.9909390002015 ], [ -84.532434000035877, 38.991098000234437 ], [ -84.53302200038992, 38.991239999931167 ], [ -84.533305000247154, 38.991291999689835 ], [ -84.53359099957909, 38.991323999952009 ], [ -84.533613000218722, 38.991326000317009 ], [ -84.53363900015799, 38.991327999983746 ], [ -84.533665000097258, 38.991330000348633 ], [ -84.53368600001366, 38.991332000015255 ], [ -84.533706999930061, 38.991332999848566 ], [ -84.533731000219504, 38.991333999681864 ], [ -84.533756000333867, 38.99133600004658 ], [ -84.533784999747866, 38.991336999879785 ], [ -84.533812000410364, 38.991337999713025 ], [ -84.533838000349633, 38.991339000244423 ], [ -84.533867999588537, 38.991340000077642 ], [ -84.5338929997029, 38.991340000077642 ], [ -84.533913999619287, 38.991340000077642 ], [ -84.533944999581422, 38.99134099991084 ], [ -84.53397399989376, 38.99134099991084 ], [ -84.53400300020607, 38.99134099991084 ], [ -84.5340330003433, 38.991340000077642 ], [ -84.534486999904729, 38.991336999879785 ], [ -84.534522999889745, 38.99133100018198 ], [ -84.534645000088489, 38.991494000054857 ], [ -84.534655999959142, 38.99152899971731 ], [ -84.534679000423679, 38.991841999739364 ], [ -84.534706000187853, 38.992115999735589 ], [ -84.534747000195736, 38.99238900024902 ], [ -84.534797000424433, 38.992660999894902 ], [ -84.534847999579753, 38.992890000339138 ], [ -84.534856999800596, 38.992931000270346 ], [ -84.534876000067158, 38.993002999870711 ], [ -84.534927999945708, 38.993199999808844 ], [ -84.535004999938593, 38.993468999721301 ], [ -84.535091999977226, 38.993734999911482 ], [ -84.535198000282435, 38.993996999919339 ], [ -84.535322000131004, 38.994253000205276 ], [ -84.535460000223253, 38.994506000199834 ], [ -84.535604000163303, 38.99475699972011 ], [ -84.535749999753179, 38.995006999965057 ], [ -84.535900000439312, 38.99525499977117 ], [ -84.535922000180619, 38.995289999668174 ], [ -84.53638099976493, 38.996039000017753 ], [ -84.536815999958122, 38.996714999725512 ], [ -84.537128999952557, 38.997263000020382 ], [ -84.53732499977113, 38.997741999892895 ], [ -84.537446000144968, 38.998067000013656 ], [ -84.537535999658346, 38.998352999946285 ], [ -84.53761299965123, 38.998677000323688 ], [ -84.537676000298731, 38.999000999915644 ], [ -84.53773700039811, 38.999447999826209 ], [ -84.537764000162284, 38.9998930002807 ], [ -84.537755999766361, 39.000335000214385 ] ] ] ] } },
{ "type": "Feature", "properties": { "mdshnocar": 1.622 }, "geometry": { "type": "MultiPolygon", "coordinates": [ [ [ [ -84.520411000375503, 38.940778999674627 ], [ -84.52027599975797, 38.940982000041267 ], [ -84.519891999618409, 38.941497000346345 ], [ -84.519672000408704, 38.941755000061484 ], [ -84.519209999553027, 38.942268999815361 ], [ -84.519123000412705, 38.942400000132793 ], [ -84.519094999925301, 38.942463000289891 ], [ -84.519067000336221, 38.942591999904622 ], [ -84.51906300013826, 38.942736999911737 ], [ -84.519084999879567, 38.942975999984526 ], [ -84.519157999674491, 38.943511999980856 ], [ -84.519280999698154, 38.944636000177738 ], [ -84.519316999683156, 38.944872999857019 ], [ -84.519339000322773, 38.944976999663659 ], [ -84.519352999668158, 38.945027000282224 ], [ -84.51939100020131, 38.945146000159376 ], [ -84.519604999563242, 38.945614999908422 ], [ -84.519730999959933, 38.945963999874195 ], [ -84.519802999929965, 38.946222000101592 ], [ -84.519868000227291, 38.946519999878035 ], [ -84.519990000426034, 38.947182999753856 ], [ -84.519996000273821, 38.947477999722132 ], [ -84.519976000182311, 38.947572000278278 ], [ -84.519971999984364, 38.947654000200806 ], [ -84.519874999899983, 38.947584000102438 ], [ -84.519597000065644, 38.947393000330827 ], [ -84.519454999775419, 38.947271000064703 ], [ -84.519130999910317, 38.946946000112021 ], [ -84.51893699974157, 38.946698999933979 ], [ -84.518586000112279, 38.946148000197411 ], [ -84.518459999715589, 38.945984000266598 ], [ -84.518225000437255, 38.945731999940293 ], [ -84.518069999728255, 38.945579000128504 ], [ -84.517757999558711, 38.94530200025941 ], [ -84.517355000050898, 38.945011000171952 ], [ -84.516684999681075, 38.944575999938664 ], [ -84.51651200032704, 38.944483000096604 ], [ -84.516329999853824, 38.944407000180135 ], [ -84.516155999776558, 38.944362000209615 ], [ -84.515943000239545, 38.944345999949249 ], [ -84.515509999696178, 38.94436699989722 ], [ -84.513908999738931, 38.9445599997266 ], [ -84.513713999745278, 38.944578000226947 ], [ -84.513487999789476, 38.94458900006466 ], [ -84.512722999883394, 38.94459099965389 ], [ -84.512280000192618, 38.94460099969514 ], [ -84.511985999566434, 38.944609000146308 ], [ -84.511453000362266, 38.944639000258199 ], [ -84.510882999551555, 38.944674000023412 ], [ -84.510040999652603, 38.944725999742424 ], [ -84.509741999901863, 38.944738000048346 ], [ -84.509186000233157, 38.944762999747695 ], [ -84.508900000002896, 38.944768000105704 ], [ -84.508761999910632, 38.944761000163311 ], [ -84.508689000115695, 38.944718000003093 ], [ -84.508588999658286, 38.944849999778377 ], [ -84.508337999588107, 38.945123000169367 ], [ -84.506884999768872, 38.946639999809371 ], [ -84.506661000361206, 38.946896999910365 ], [ -84.506507000375407, 38.947100000225888 ], [ -84.506363000435371, 38.947320000007842 ], [ -84.506251000282376, 38.947533000137 ], [ -84.506119999862818, 38.947822999903799 ], [ -84.505748000317126, 38.94900399965406 ], [ -84.50564899968461, 38.949238000214386 ], [ -84.505580999912539, 38.94935999988963 ], [ -84.505478999805305, 38.949545999929583 ], [ -84.505344999911003, 38.949730000037185 ], [ -84.50513099965076, 38.949977000133131 ], [ -84.504862999862155, 38.950251999770423 ], [ -84.504390000034135, 38.950708999978275 ], [ -84.504322000262079, 38.950780000190996 ], [ -84.504175999773892, 38.950937000172615 ], [ -84.504118999872489, 38.951015000181037 ], [ -84.504048999552296, 38.951147999809344 ], [ -84.504025999986069, 38.951208999776007 ], [ -84.504015000115416, 38.951238999889213 ], [ -84.503990000001053, 38.951380999880271 ], [ -84.503984000153281, 38.951449000326214 ], [ -84.503993000374095, 38.951579000052114 ], [ -84.504015000115416, 38.951684000193978 ], [ -84.504027999635895, 38.95174800017756 ], [ -84.504236999873257, 38.952366999961534 ], [ -84.504261000162714, 38.952451999675631 ], [ -84.50428000042929, 38.952578999913243 ], [ -84.504291000299929, 38.952714999838406 ], [ -84.504287000101968, 38.952899000102484 ], [ -84.504263999637445, 38.953215000155076 ], [ -84.504009000267629, 38.95622200013819 ], [ -84.503975999757344, 38.956584000292708 ], [ -84.503938999947437, 38.956868999848496 ], [ -84.503856999931671, 38.957218999903972 ], [ -84.503820000121749, 38.957329000242993 ], [ -84.503813000449043, 38.957349999837433 ], [ -84.503671999983723, 38.957699000003132 ], [ -84.503435000157268, 38.958262999771925 ], [ -84.503149999751912, 38.958940000053559 ], [ -84.502876999940455, 38.959592999688049 ], [ -84.502825000061904, 38.959752000263663 ], [ -84.502775999658098, 38.959940999706241 ], [ -84.502762000312714, 38.960044000180687 ], [ -84.502753000091886, 38.960115000122137 ], [ -84.502741000396313, 38.960289999683923 ], [ -84.502741000396313, 38.960434000240546 ], [ -84.502758000114753, 38.960627999897113 ], [ -84.502788000251996, 38.960797999663619 ], [ -84.502846999803225, 38.961018999797972 ], [ -84.502917000123418, 38.961206999793205 ], [ -84.502984000070555, 38.961350000324977 ], [ -84.503170999668313, 38.961663999908446 ], [ -84.503583000295293, 38.962285999726355 ], [ -84.503731000433291, 38.962519000198405 ], [ -84.503908999810193, 38.962800000084101 ], [ -84.503953000191132, 38.96288700032737 ], [ -84.504025999986069, 38.963077000021578 ], [ -84.5040710001919, 38.963326999688412 ], [ -84.504076000214781, 38.963437000324078 ], [ -84.504046999902471, 38.963738000333059 ], [ -84.503744999778675, 38.965915999925819 ], [ -84.503575999724276, 38.96714499993405 ], [ -84.503564999853623, 38.967220999914794 ], [ -84.503475000340245, 38.967889999893977 ], [ -84.503220000072133, 38.969529000302011 ], [ -84.503182000437292, 38.969813000032801 ], [ -84.503082999804761, 38.970403000314029 ], [ -84.503072999759027, 38.970463999769237 ], [ -84.502789999901808, 38.971698999754814 ], [ -84.502572000341928, 38.972585000008458 ], [ -84.50256099957295, 38.972635000006164 ], [ -84.502510000417644, 38.97286900005674 ], [ -84.502426999678647, 38.973265999973783 ], [ -84.502398000264648, 38.973375999842013 ], [ -84.502343999837976, 38.973618000207885 ], [ -84.502302999830093, 38.97380899983483 ], [ -84.501335000432746, 38.973692000062329 ], [ -84.501041999631482, 38.973676000138092 ], [ -84.500892999668565, 38.973678999687664 ], [ -84.500691000002192, 38.973683000018099 ], [ -84.500223000197039, 38.973704999736213 ], [ -84.499365000404566, 38.973756999804614 ], [ -84.499183999756283, 38.973755999723053 ], [ -84.499100999915612, 38.973741999976831 ], [ -84.499013999876965, 38.973707999982935 ], [ -84.498943999556772, 38.973668000174641 ], [ -84.498875999784715, 38.97359900001571 ], [ -84.498695000034729, 38.973287999821437 ], [ -84.498640999608071, 38.973206000227577 ], [ -84.498566000163322, 38.97311699990513 ], [ -84.498120000099476, 38.972646999776842 ], [ -84.498036000433899, 38.972559000247202 ], [ -84.497859999808483, 38.972417000093074 ], [ -84.497673000210739, 38.972325999972497 ], [ -84.497431000361388, 38.972249999881953 ], [ -84.497008999688688, 38.972128999909529 ], [ -84.496679999800719, 38.972022999925457 ], [ -84.495361999700705, 38.971601000023441 ], [ -84.495277000210208, 38.971587999963361 ], [ -84.495197999669159, 38.971584000213007 ], [ -84.495108000155795, 38.97159399993766 ], [ -84.494949999972036, 38.971647000270551 ], [ -84.494763000374306, 38.971736999756708 ], [ -84.494668999764656, 38.97178600024364 ], [ -84.494438999610878, 38.97188399971909 ], [ -84.494291000371206, 38.971913000050918 ], [ -84.494235000294694, 38.971915000266065 ], [ -84.494077000110963, 38.971898999940379 ], [ -84.493853999629877, 38.971844999687526 ], [ -84.493354000037669, 38.971699999865422 ], [ -84.492914999646544, 38.971512999892497 ], [ -84.492236999779124, 38.971178000282691 ], [ -84.49190899971606, 38.971043000294294 ], [ -84.491485000291846, 38.970893000315819 ], [ -84.491378000161717, 38.970841999664096 ], [ -84.491334999605684, 38.970813000290519 ], [ -84.49109100010655, 38.970590999851744 ], [ -84.490908999633334, 38.970468999710782 ], [ -84.49077300008922, 38.970407000131075 ], [ -84.490335000421311, 38.970261000027783 ], [ -84.489988999916591, 38.970155000041686 ], [ -84.489641999586937, 38.970032999848115 ], [ -84.489256999622484, 38.969876000268762 ], [ -84.48890099997034, 38.969704999797202 ], [ -84.488777000121772, 38.969640999967865 ], [ -84.4886940002811, 38.969588999671103 ], [ -84.488357999822114, 38.969424000061586 ], [ -84.487922999628935, 38.969256000330944 ], [ -84.487530999991776, 38.96908200001527 ], [ -84.487062000361718, 38.968836999761301 ], [ -84.4869130003988, 38.968780000210714 ], [ -84.486824999636937, 38.968758999813311 ], [ -84.486750000192188, 38.968756000055372 ], [ -84.486710999834116, 38.968758999813311 ], [ -84.486623999795484, 38.968765000027311 ], [ -84.48642399977895, 38.968799000298802 ], [ -84.486044999662255, 38.968887000309579 ], [ -84.485842999995896, 38.968913000021963 ], [ -84.485720999797152, 38.968920999824121 ], [ -84.484582999622205, 38.968927000024351 ], [ -84.48434300032099, 38.968920999824121 ], [ -84.484084999679823, 38.968929000323762 ], [ -84.483910999602557, 38.968935999974505 ], [ -84.483513000117611, 38.968971000313054 ], [ -84.483101000388956, 38.969014999876045 ], [ -84.482985000037999, 38.969023999815064 ], [ -84.482543999997034, 38.969059000110143 ], [ -84.482521000430808, 38.969094999836862 ], [ -84.48248299989767, 38.969117000281678 ], [ -84.482460000331457, 38.969121000171349 ], [ -84.482369000094863, 38.969113999840459 ], [ -84.482338000132714, 38.969150000237669 ], [ -84.482307000170564, 38.969216000103529 ], [ -84.482268999637412, 38.969228999900587 ], [ -84.4822460000712, 38.969269000120619 ], [ -84.482209000261278, 38.969294999692849 ], [ -84.482184999971849, 38.969299000270851 ], [ -84.482071999993934, 38.96930700002941 ], [ -84.481329999654093, 38.969401999712133 ], [ -84.481419000240876, 38.969348999794562 ], [ -84.481589000120181, 38.969225000017026 ], [ -84.481733999885137, 38.969088999650879 ], [ -84.481852999710824, 38.96893899972482 ], [ -84.481923000031017, 38.968822999741136 ], [ -84.4819640000389, 38.968721999763233 ], [ -84.481984000130382, 38.968625999712955 ], [ -84.481976999559379, 38.96852299984166 ], [ -84.481892999893802, 38.968271000033788 ], [ -84.481834000342559, 38.96816200008022 ], [ -84.481772000418275, 38.96808500024904 ], [ -84.481585999747125, 38.967913000178676 ], [ -84.481461999898571, 38.967816999730431 ], [ -84.481293999669077, 38.967707999776707 ], [ -84.481080000307145, 38.967615999723684 ], [ -84.480907000054799, 38.967569000181925 ], [ -84.480697999817409, 38.967540000166785 ], [ -84.480400999716494, 38.96755300027138 ], [ -84.480275000218114, 38.967574999798273 ], [ -84.48024799955563, 38.96757599996706 ], [ -84.48021699959348, 38.967582000281205 ], [ -84.480025999797775, 38.967616999891945 ], [ -84.479999000033587, 38.967623000202622 ], [ -84.479913999644779, 38.967644999707765 ], [ -84.479706000130633, 38.967732999755299 ], [ -84.479577000259212, 38.967812999767119 ], [ -84.479342000082553, 38.967982000289581 ], [ -84.478979999684313, 38.968239999987162 ], [ -84.47868500013152, 38.968427999678475 ], [ -84.478518999551852, 38.968517000305667 ], [ -84.478265000006957, 38.968611000195331 ], [ -84.478071999663115, 38.968647000149737 ], [ -84.477762000041722, 38.968675999711678 ], [ -84.47763200034538, 38.968674000103547 ], [ -84.477546999956559, 38.968658999897691 ], [ -84.477404999666334, 38.968598999740834 ], [ -84.477213999870628, 38.968481999742771 ], [ -84.47699700013564, 38.968274999971229 ], [ -84.476828000081241, 38.968045000058787 ], [ -84.476777999852544, 38.967952999745066 ], [ -84.476725000149088, 38.967783999851868 ], [ -84.476721999776032, 38.967656000156232 ], [ -84.476731999821794, 38.967548000123948 ], [ -84.476770000354932, 38.967412000030251 ], [ -84.476859999868296, 38.967223000262393 ], [ -84.477091999671899, 38.966781999774341 ], [ -84.477127999656915, 38.966699000150022 ], [ -84.477146999923477, 38.966631999852126 ], [ -84.47715699996921, 38.966512000244428 ], [ -84.477130000205037, 38.966394000106007 ], [ -84.477099000242916, 38.966350000311884 ], [ -84.477023999899828, 38.96628100000823 ], [ -84.47693400038645, 38.966245999737396 ], [ -84.476794999570984, 38.966218000067052 ], [ -84.4766060003234, 38.966222000120425 ], [ -84.476406000306866, 38.966249999789191 ], [ -84.475862000333734, 38.966347999939636 ], [ -84.475663000142092, 38.966375000071288 ], [ -84.475417000094794, 38.966384999832876 ], [ -84.47529599972097, 38.966380000301463 ], [ -84.475176000070377, 38.966365000308286 ], [ -84.474934000221054, 38.966323000170718 ], [ -84.474796000128777, 38.966287999920631 ], [ -84.474638999769951, 38.966223000308368 ], [ -84.474528000340186, 38.966156000258735 ], [ -84.474328000323624, 38.965958999797898 ], [ -84.474218999645373, 38.965813000304841 ], [ -84.474145000025544, 38.96567399978548 ], [ -84.474121999561007, 38.96559599984689 ], [ -84.474120999736087, 38.965545999769496 ], [ -84.474144000200624, 38.96544900010533 ], [ -84.474302000384384, 38.965167000046605 ], [ -84.474576999845667, 38.964777999705994 ], [ -84.474612000005763, 38.964667999755548 ], [ -84.474613999655602, 38.964603000053778 ], [ -84.474616000203724, 38.964574999734047 ], [ -84.47459000026447, 38.964462000227101 ], [ -84.474528000340186, 38.964364999777167 ], [ -84.47445999966979, 38.964302000227526 ], [ -84.474353000438015, 38.964244999821688 ], [ -84.474156999721103, 38.964160000283208 ], [ -84.473969000298439, 38.964087999986262 ], [ -84.473792999673023, 38.964004999999389 ], [ -84.473617999770852, 38.963908999842829 ], [ -84.473510999640723, 38.963836999989269 ], [ -84.473452000089495, 38.963781000130162 ], [ -84.47342399960209, 38.963722999780465 ], [ -84.473416000104478, 38.963701999979293 ], [ -84.473410000256706, 38.963595999956773 ], [ -84.47342000030244, 38.963470000132226 ], [ -84.473466000333204, 38.963151999944444 ], [ -84.473522000409702, 38.962971999996221 ], [ -84.473623999618624, 38.962762000177136 ], [ -84.473731999573658, 38.962590999994411 ], [ -84.47378400035052, 38.962531999827419 ], [ -84.473826000183323, 38.962502000303765 ], [ -84.47386399981815, 38.962475000093015 ], [ -84.474129999956929, 38.962346999885035 ], [ -84.474262000201406, 38.962237999896665 ], [ -84.474309000057062, 38.962151000253449 ], [ -84.474312000430118, 38.962122000115762 ], [ -84.474320999752635, 38.962049999843146 ], [ -84.47430599968402, 38.961972000105497 ], [ -84.474262000201406, 38.961868000088899 ], [ -84.474146999675369, 38.961673000082854 ], [ -84.473907000374169, 38.961352000139847 ], [ -84.473508999990912, 38.960845999770349 ], [ -84.473385000142343, 38.960652000012153 ], [ -84.473235000354506, 38.960339999978281 ], [ -84.473132000422339, 38.959950000099504 ], [ -84.473113999980697, 38.959792000246885 ], [ -84.47312499985135, 38.959612000144638 ], [ -84.473186999775621, 38.959449000216324 ], [ -84.47320199984425, 38.959430999999853 ], [ -84.473221000110811, 38.959407000169762 ], [ -84.473376999746435, 38.959309000197116 ], [ -84.473553000371837, 38.959228999662805 ], [ -84.473748000365504, 38.959155999655245 ], [ -84.473934000138343, 38.959097000120465 ], [ -84.474232999889097, 38.959032000197219 ], [ -84.474334000171439, 38.959022000096304 ], [ -84.474382999676905, 38.959027000146904 ], [ -84.4744300004309, 38.959032000197219 ], [ -84.474687000348837, 38.959100000287414 ], [ -84.475015000411901, 38.959211000088928 ], [ -84.4757540003787, 38.959525999654922 ], [ -84.475926999732749, 38.959583999947917 ], [ -84.476027000190172, 38.959605000271146 ], [ -84.476121999726402, 38.959608999999361 ], [ -84.476268000214603, 38.959587000094238 ], [ -84.476356999903047, 38.959558000304206 ], [ -84.476450999614372, 38.959511000306094 ], [ -84.476504000216138, 38.959471000164235 ], [ -84.476565000315517, 38.959407000169762 ], [ -84.476612999996092, 38.9593219997166 ], [ -84.476683000316285, 38.959109000088965 ], [ -84.476829999731081, 38.95849899969545 ], [ -84.476920999967675, 38.958234000138511 ], [ -84.476992000112787, 38.958042999727326 ], [ -84.477211000395897, 38.957562999862745 ], [ -84.477499000275984, 38.956914999882621 ], [ -84.477588999789347, 38.956733000210775 ], [ -84.477705999965224, 38.956750999715553 ], [ -84.477783999783028, 38.956763000081409 ], [ -84.477813999920258, 38.956768000291468 ], [ -84.477907999631569, 38.956768000291468 ], [ -84.477945000339815, 38.956757000247983 ], [ -84.478014999761697, 38.956716000325024 ], [ -84.478434000061355, 38.956286999844785 ], [ -84.478500000183601, 38.956231999935746 ], [ -84.478958999767912, 38.955854000320301 ], [ -84.479362999998955, 38.955528000263506 ], [ -84.479718999651098, 38.955241999861585 ], [ -84.480084000422409, 38.954899999809832 ], [ -84.480524999565048, 38.954449999764151 ], [ -84.480856999826059, 38.954089999905761 ], [ -84.481096000200679, 38.95379999993181 ], [ -84.48119199956183, 38.953647000069637 ], [ -84.481232999569698, 38.953561000024912 ], [ -84.481251999836275, 38.953499999986782 ], [ -84.481306000262961, 38.953275999739915 ], [ -84.481326000354443, 38.953123999817905 ], [ -84.481329999654093, 38.952916999882454 ], [ -84.48131799995852, 38.952812999848639 ], [ -84.481240000140716, 38.952349999727055 ], [ -84.481234000292929, 38.952246000258434 ], [ -84.48123900031581, 38.952171999656954 ], [ -84.481291000194346, 38.952009000079805 ], [ -84.481691000227428, 38.951229999786726 ], [ -84.482663999647627, 38.949122000110783 ], [ -84.483142000396825, 38.948123000124632 ], [ -84.483221999864469, 38.94798500027855 ], [ -84.483304999705155, 38.947844000219099 ], [ -84.483694999692489, 38.947360999777409 ], [ -84.483770000035548, 38.947268000095576 ], [ -84.484010000235074, 38.946919000261765 ], [ -84.484271000350972, 38.946540000113565 ], [ -84.484508000177428, 38.946179999901119 ], [ -84.484779000339088, 38.945712999954189 ], [ -84.484934999974712, 38.945390000110656 ], [ -84.485104999854016, 38.944978000151437 ], [ -84.485184000395037, 38.944824000318455 ], [ -84.485254999641839, 38.944711000055818 ], [ -84.485352999551125, 38.944585000187345 ], [ -84.485453999833467, 38.944473999834969 ], [ -84.485545000070061, 38.944386000244016 ], [ -84.485730000017981, 38.944238000018743 ], [ -84.485838999797949, 38.944167000240029 ], [ -84.486104999936714, 38.944003999721374 ], [ -84.486535000107025, 38.943759000084242 ], [ -84.48667599967402, 38.943695999681388 ], [ -84.486812000116458, 38.943644999713484 ], [ -84.487373999632936, 38.943470000270821 ], [ -84.487561999953925, 38.943382000132374 ], [ -84.487614999657353, 38.94334900005228 ], [ -84.487686999627385, 38.943307000245682 ], [ -84.487848000184172, 38.943177999835846 ], [ -84.488163999653366, 38.942868999882002 ], [ -84.488175000422331, 38.942856999958366 ], [ -84.488490000066577, 38.942550000348334 ], [ -84.488659000121004, 38.942412999959053 ], [ -84.488863000335499, 38.942275000176544 ], [ -84.489454999989192, 38.94187600020566 ], [ -84.490630999798995, 38.941045000060967 ], [ -84.491209999932224, 38.940595000089601 ], [ -84.49127500022955, 38.940520000049617 ], [ -84.491401999552835, 38.94036399990798 ], [ -84.491476000071003, 38.940228000041913 ], [ -84.49150000036046, 38.940183000213715 ], [ -84.491593000246866, 38.939979999655705 ], [ -84.491656999820975, 38.939786000073084 ], [ -84.491687999783124, 38.939587999800558 ], [ -84.491755999555181, 38.938920000095131 ], [ -84.49178300021768, 38.938719999745807 ], [ -84.491788000240547, 38.93865099978786 ], [ -84.491824000225549, 38.938241000263147 ], [ -84.491808000332028, 38.937769000274493 ], [ -84.491809999981854, 38.937280000282833 ], [ -84.491818000377776, 38.937138999894664 ], [ -84.491762000301279, 38.936397999788042 ], [ -84.491753999905356, 38.936197000098893 ], [ -84.491759999753143, 38.936131000222716 ], [ -84.491770999623796, 38.935807000130183 ], [ -84.49173399981386, 38.935221000072175 ], [ -84.491722999943221, 38.934859999752234 ], [ -84.491748999882475, 38.934693999696783 ], [ -84.491785999692397, 38.934563999752505 ], [ -84.491815999829626, 38.934468000242717 ], [ -84.491864000408512, 38.934342000339498 ], [ -84.491934999655314, 38.934250000290952 ], [ -84.491995999754678, 38.934198999817639 ], [ -84.49205199983119, 38.934147000064634 ], [ -84.492194000121401, 38.934042999745344 ], [ -84.49268000036821, 38.933745999882042 ], [ -84.493303999808973, 38.933330000229326 ], [ -84.49336099971039, 38.933291999894159 ], [ -84.49383199988857, 38.932997000296027 ], [ -84.493903000033669, 38.932952000071786 ], [ -84.494273999754455, 38.932691999847755 ], [ -84.494559999984716, 38.932478999854261 ], [ -84.495374000294575, 38.931918000284711 ], [ -84.495782999650174, 38.931647999993821 ], [ -84.496489999829919, 38.93118400001768 ], [ -84.496747999572776, 38.931005999911022 ], [ -84.497684000081378, 38.93039500015098 ], [ -84.497868000204406, 38.930274999978899 ], [ -84.497959000441, 38.930215000166172 ], [ -84.498555000292654, 38.929803000081087 ], [ -84.499105000113573, 38.92935800009618 ], [ -84.499444000047291, 38.929084999804139 ], [ -84.499783999805913, 38.928786000109 ], [ -84.499848000278334, 38.928721000342755 ], [ -84.500033000226253, 38.928582999770647 ], [ -84.500263000380016, 38.928448999717844 ], [ -84.500429999886293, 38.928367999969915 ], [ -84.500587000245119, 38.928293000276192 ], [ -84.50089000019382, 38.928160999728071 ], [ -84.501573999909041, 38.927839000325378 ], [ -84.501731000267867, 38.927772000326691 ], [ -84.501887999728396, 38.927706000297455 ], [ -84.502105000361681, 38.927637000105875 ], [ -84.502235000058022, 38.927606999788992 ], [ -84.502594999908155, 38.927542999676184 ], [ -84.503183000262197, 38.927451999929566 ], [ -84.503496000256632, 38.927392999862555 ], [ -84.503801999680078, 38.927389999751213 ], [ -84.504108999826741, 38.927429999827432 ], [ -84.504699999655529, 38.927537000164961 ], [ -84.504965999794322, 38.927585999769249 ], [ -84.50541299968306, 38.927640000206765 ], [ -84.505741999571043, 38.927662000243835 ], [ -84.505934000089979, 38.927659000143876 ], [ -84.507191999915534, 38.927573000020175 ], [ -84.50798500030902, 38.927520000265808 ], [ -84.508428999824702, 38.927497000149081 ], [ -84.508823999834917, 38.927466999773003 ], [ -84.508878000261589, 38.927461000255299 ], [ -84.509811000397136, 38.927350999690191 ], [ -84.510250999714899, 38.927286000006667 ], [ -84.510588999823682, 38.927216000065833 ], [ -84.51089799962017, 38.927135000307693 ], [ -84.511188000048392, 38.9271419998936 ], [ -84.511243000299999, 38.927153999681202 ], [ -84.511205999591738, 38.927240999653307 ], [ -84.511193999896179, 38.927281999852148 ], [ -84.51116899978183, 38.927378000003486 ], [ -84.511145000390698, 38.927524999743248 ], [ -84.511142000017642, 38.927732999776836 ], [ -84.511163999758949, 38.927901000111298 ], [ -84.511174999629603, 38.927987999866062 ], [ -84.511264000216386, 38.928246999837754 ], [ -84.511307999699, 38.928332999843171 ], [ -84.511337000011309, 38.92838999978121 ], [ -84.511463000408014, 38.928566000122174 ], [ -84.511505000240803, 38.928624999912408 ], [ -84.51160800017297, 38.928735999917791 ], [ -84.512711000187835, 38.929924999656855 ], [ -84.512888999564737, 38.930123999654448 ], [ -84.513454000352581, 38.930719999801383 ], [ -84.513603000315513, 38.930904999840308 ], [ -84.513662999691647, 38.931011999827717 ], [ -84.513702999874624, 38.931105999853237 ], [ -84.513746000430629, 38.931277999815251 ], [ -84.513750999555185, 38.931452999998662 ], [ -84.513721000316295, 38.931644000085342 ], [ -84.513864000431425, 38.931682999882483 ], [ -84.514026999739727, 38.931754000282325 ], [ -84.514098999709759, 38.931795999944107 ], [ -84.51420800038801, 38.931881999839469 ], [ -84.51441199970418, 38.932086999762603 ], [ -84.514824000331146, 38.932541999741808 ], [ -84.514999000233345, 38.932710999829197 ], [ -84.515125999556631, 38.932800999856141 ], [ -84.515299999633896, 38.932899000143763 ], [ -84.515560999749809, 38.933015000237937 ], [ -84.51622699992167, 38.933272000114165 ], [ -84.516974000284378, 38.933541999813023 ], [ -84.517190000194446, 38.933640999724553 ], [ -84.517272000210212, 38.93369199990034 ], [ -84.517405000279609, 38.933788999708675 ], [ -84.517561999740124, 38.933937000082736 ], [ -84.517741999665176, 38.93417000012132 ], [ -84.517869999711692, 38.934390000195926 ], [ -84.517938000382088, 38.934560000008418 ], [ -84.517969000344223, 38.934670999810024 ], [ -84.518005000329239, 38.934846000006722 ], [ -84.51814800044437, 38.936109000017403 ], [ -84.518192999751889, 38.936458999869586 ], [ -84.518221000239308, 38.936591000347448 ], [ -84.518400000339454, 38.937164000177205 ], [ -84.518546999754236, 38.937741999724153 ], [ -84.518626000295257, 38.937911999886275 ], [ -84.518663000105164, 38.937967000036416 ], [ -84.51892000002313, 38.938283000275767 ], [ -84.519082000404836, 38.938494999726593 ], [ -84.519205000428485, 38.938700000099075 ], [ -84.519350000193441, 38.938994999731342 ], [ -84.519387999828268, 38.939109999764746 ], [ -84.519436000407154, 38.939286999925663 ], [ -84.519464999821153, 38.939478999742718 ], [ -84.519480999714688, 38.939745000114975 ], [ -84.519498000331438, 38.939811000121132 ], [ -84.519546999836933, 38.939901000221084 ], [ -84.519607999936298, 38.939987999929606 ], [ -84.519685999754103, 38.940062999833643 ], [ -84.519910999884999, 38.940217000226255 ], [ -84.520075999741437, 38.940313000338101 ], [ -84.520345000253272, 38.940488999739728 ], [ -84.520491999668039, 38.940620999703007 ], [ -84.520411000375503, 38.940778999674627 ] ] ] ] } },
{ "type": "Feature", "properties": { "mdshnocar": 25.178 }, "geometry": { "type": "MultiPolygon", "coordinates": [ [ [ [ -84.522912999782946, 39.085223999962906 ], [ -84.522912999782946, 39.085290000314046 ], [ -84.52290600011024, 39.085564999950194 ], [ -84.522856999706434, 39.086355999861468 ], [ -84.522777000238804, 39.086372999980831 ], [ -84.522694000398133, 39.086367999864109 ], [ -84.522224999869778, 39.086283999802816 ], [ -84.522044000119806, 39.086257999996 ], [ -84.521829999859548, 39.086278999679784 ], [ -84.521717999706553, 39.086294999932761 ], [ -84.521589999660037, 39.086332999734537 ], [ -84.521340000313103, 39.086428999729733 ], [ -84.521044999862013, 39.086496000230014 ], [ -84.520695000057643, 39.086522999830834 ], [ -84.520346000078177, 39.086526000173244 ], [ -84.52003999975642, 39.086521000067371 ], [ -84.51962800002778, 39.086525000291566 ], [ -84.519289000094062, 39.086526000173244 ], [ -84.518774000433254, 39.08652399971259 ], [ -84.518138000398622, 39.086521999949106 ], [ -84.518030000443588, 39.086521999949106 ], [ -84.517923000313459, 39.086522999830834 ], [ -84.517740999840285, 39.08652399971259 ], [ -84.517687000311909, 39.08652399971259 ], [ -84.517512000409738, 39.086281000147395 ], [ -84.517361999723576, 39.086087999735604 ], [ -84.517257000141598, 39.085967999838331 ], [ -84.516956999667627, 39.085624999918515 ], [ -84.516837000017048, 39.085488000299613 ], [ -84.516734999909787, 39.085371999671146 ], [ -84.516657999916902, 39.085285000120564 ], [ -84.516596999817523, 39.085212999665949 ], [ -84.516190000111749, 39.084754000008438 ], [ -84.515937000391773, 39.084488999803291 ], [ -84.515778000383094, 39.084336999986292 ], [ -84.515682000123633, 39.084250999770433 ], [ -84.515585000039238, 39.084166999977285 ], [ -84.515506000396542, 39.084101999886073 ], [ -84.515323000098434, 39.083959999811007 ], [ -84.515190999853957, 39.083865999780862 ], [ -84.514921000415541, 39.083681999730217 ], [ -84.514647999705744, 39.083500999670669 ], [ -84.514338000084351, 39.083295000266808 ], [ -84.513334999628597, 39.082627000221457 ], [ -84.513170999597051, 39.082518000036544 ], [ -84.513187000388896, 39.082482000149611 ], [ -84.513223000373912, 39.082403000042738 ], [ -84.513526000322614, 39.0817310001203 ], [ -84.513583000224031, 39.081267000339693 ], [ -84.513584000048922, 39.081177000037911 ], [ -84.513570999630133, 39.081074000155972 ], [ -84.513492999812328, 39.080642999790676 ], [ -84.514042999633233, 39.080560999817834 ], [ -84.514930999562964, 39.080656000032768 ], [ -84.514994000210464, 39.080652000173096 ], [ -84.51517199958738, 39.080621999823762 ], [ -84.515504999673297, 39.080568000278497 ], [ -84.51562400039731, 39.08054499965894 ], [ -84.51584699998007, 39.080501999693418 ], [ -84.516068999737939, 39.080457999733909 ], [ -84.516513000151946, 39.08036599985676 ], [ -84.51679299963611, 39.080311000145798 ], [ -84.516999000398741, 39.080270999948716 ], [ -84.517199000415275, 39.080227999816145 ], [ -84.517473000051652, 39.080181999742585 ], [ -84.517933000359207, 39.080082999694852 ], [ -84.518279999790536, 39.080011000206774 ], [ -84.51874599994585, 39.079926000271065 ], [ -84.519207999903202, 39.07983099977055 ], [ -84.519505000004131, 39.079776000339812 ], [ -84.519735999982828, 39.079723000125142 ], [ -84.519982000030112, 39.079689000163839 ], [ -84.520098000381054, 39.079659000102311 ], [ -84.520526999828149, 39.079476000217937 ], [ -84.520950000325755, 39.07930599965237 ], [ -84.521132999725552, 39.079225000202754 ], [ -84.521249999901414, 39.079178000186772 ], [ -84.521422000328869, 39.079108999735681 ], [ -84.521605999553572, 39.0790280000599 ], [ -84.521840999730216, 39.079391000335036 ], [ -84.521938999639502, 39.079572999762298 ], [ -84.522076999731752, 39.079866000336843 ], [ -84.522169999618185, 39.080087000284067 ], [ -84.52224400013634, 39.080300999749973 ], [ -84.522301999862663, 39.080509000159878 ], [ -84.522398999947043, 39.081002000284613 ], [ -84.522696000047958, 39.083230000069371 ], [ -84.522901999912293, 39.084841000213927 ], [ -84.522913999607837, 39.085081000152456 ], [ -84.522912999782946, 39.085223999962906 ] ] ] ] } },
{ "type": "Feature", "properties": { "mdshnocar": 2.273 }, "geometry": { "type": "MultiPolygon", "coordinates": [ [ [ [ -84.574968999668528, 39.046940000002607 ], [ -84.574813000032933, 39.047043999910166 ], [ -84.573203999679777, 39.048182999917891 ], [ -84.573139000280761, 39.048228999918202 ], [ -84.572735999874638, 39.048524000300176 ], [ -84.57259799978236, 39.048625000107648 ], [ -84.572251000351045, 39.048878999965929 ], [ -84.5718260002036, 39.049148999912397 ], [ -84.571074999642917, 39.049592999750615 ], [ -84.570390000102805, 39.049930000096325 ], [ -84.569795999900961, 39.050198000115614 ], [ -84.569163000239385, 39.050447000026516 ], [ -84.568302000073857, 39.050729000042281 ], [ -84.568035000110143, 39.050807000337663 ], [ -84.567753000077843, 39.050889999689829 ], [ -84.566866999797952, 39.051101999718846 ], [ -84.566177000234973, 39.051236000073665 ], [ -84.565578999835168, 39.051313000126108 ], [ -84.565234000053664, 39.051342999679825 ], [ -84.564567000056897, 39.051401000083217 ], [ -84.562838999878039, 39.051532000133314 ], [ -84.562448000065785, 39.051565999707222 ], [ -84.559743000268796, 39.051803000078166 ], [ -84.559684999644148, 39.051807999853736 ], [ -84.558985000035406, 39.051869000295987 ], [ -84.558944000027523, 39.051869999971174 ], [ -84.558297999947143, 39.051889000075022 ], [ -84.557729999684582, 39.051880000210041 ], [ -84.557045999969375, 39.051829000023389 ], [ -84.557005999786398, 39.051824000249312 ], [ -84.556168000085393, 39.051729000289129 ], [ -84.554624999854468, 39.051480000014713 ], [ -84.552876999584143, 39.051218999860538 ], [ -84.552392999885484, 39.051171000344588 ], [ -84.551951000019585, 39.051141999705614 ], [ -84.551683000230994, 39.051145000157177 ], [ -84.550979000424292, 39.051218999860538 ], [ -84.550854999677426, 39.051231999941827 ], [ -84.55055099990382, 39.051297000312346 ], [ -84.550334999993751, 39.051357000118365 ], [ -84.550134000152283, 39.051427999857779 ], [ -84.549936999610466, 39.051508000137012 ], [ -84.549919000067135, 39.051517000049401 ], [ -84.549420000299861, 39.051762999768201 ], [ -84.548953000319614, 39.052055999996803 ], [ -84.548371999638249, 39.052476999697156 ], [ -84.54801299961305, 39.052756000293165 ], [ -84.547826999840211, 39.052570000018299 ], [ -84.547168000239367, 39.051723999810356 ], [ -84.54711299998776, 39.051632000146519 ], [ -84.547090000421548, 39.051623999927472 ], [ -84.546950999606054, 39.051532000133314 ], [ -84.546882000009091, 39.051503000340205 ], [ -84.546821999734632, 39.051466000298191 ], [ -84.546714999604518, 39.051445999701784 ], [ -84.546538999877427, 39.051370000174245 ], [ -84.546447999640819, 39.05131900031688 ], [ -84.546326000340386, 39.051220999926834 ], [ -84.546256999845113, 39.051183999737077 ], [ -84.546059000376715, 39.051156999869228 ], [ -84.546013000345965, 39.051134000128627 ], [ -84.545959999744198, 39.051083000100896 ], [ -84.545784000017107, 39.051020999990193 ], [ -84.545676999886979, 39.050954999677536 ], [ -84.545593000221388, 39.050927000033617 ], [ -84.545105000324753, 39.050645999803322 ], [ -84.544983000126024, 39.050588999868438 ], [ -84.544906000133125, 39.050552000045215 ], [ -84.544875999995895, 39.050524000241531 ], [ -84.544670000131589, 39.050447999721833 ], [ -84.544464000267254, 39.050407000343753 ], [ -84.544357000137126, 39.050396000200323 ], [ -84.544243000334319, 39.050394000110614 ], [ -84.544081999777518, 39.050435000193829 ], [ -84.543998999936846, 39.050447000026516 ], [ -84.543845999775968, 39.050447999721833 ], [ -84.543731000148242, 39.050467999903219 ], [ -84.543609999774418, 39.050520000069355 ], [ -84.543502999644289, 39.050531999887603 ], [ -84.543473000405385, 39.050534999667448 ], [ -84.543415999605656, 39.050490999860713 ], [ -84.543372999947948, 39.050492000252994 ], [ -84.543320000244506, 39.050478000340611 ], [ -84.543075999847019, 39.050387000145086 ], [ -84.542946000150678, 39.050348000125034 ], [ -84.542679000187007, 39.050288999857017 ], [ -84.542517999630192, 39.050230999935749 ], [ -84.542396000329788, 39.050165999979313 ], [ -84.542305000093194, 39.050100999963114 ], [ -84.542259000062444, 39.050019000082749 ], [ -84.542259000062444, 39.049932999901721 ], [ -84.5422289999252, 39.049883000105226 ], [ -84.542145000259609, 39.049782000003781 ], [ -84.542023000060865, 39.049513000092773 ], [ -84.542014999664957, 39.049427999702971 ], [ -84.542007000167359, 39.0494100000423 ], [ -84.541985000426038, 39.049354999926742 ], [ -84.541884999968616, 39.049199999941436 ], [ -84.541839999762786, 39.049109000192175 ], [ -84.541747999701258, 39.048984999938789 ], [ -84.541732999632643, 39.04895399966702 ], [ -84.541672000431603, 39.048799000197029 ], [ -84.541640999571143, 39.048752999870224 ], [ -84.541587999867701, 39.048638999689665 ], [ -84.541565000301475, 39.048567000215165 ], [ -84.541450999600357, 39.048330000147502 ], [ -84.541428000034131, 39.048244000002832 ], [ -84.541436000430053, 39.048033000194025 ], [ -84.541419999638222, 39.047753000043194 ], [ -84.541428000034131, 39.04767199996202 ], [ -84.541443000102745, 39.04762700003181 ], [ -84.541480999737573, 39.047579000167694 ], [ -84.541572999799087, 39.047494999978099 ], [ -84.541626000400854, 39.047406000299489 ], [ -84.541664000035667, 39.047271999654718 ], [ -84.541701999670508, 39.047208999945774 ], [ -84.541716999739123, 39.047155999693054 ], [ -84.54174000020366, 39.047114999799369 ], [ -84.541747999701258, 39.047070999955046 ], [ -84.541732999632643, 39.047030000012022 ], [ -84.541732999632643, 39.046849999878475 ], [ -84.541747999701258, 39.046728000038804 ], [ -84.541732999632643, 39.046692000034369 ], [ -84.541725000135045, 39.04648899987933 ], [ -84.541747999701258, 39.046390000011364 ], [ -84.541763999594792, 39.04634700016647 ], [ -84.541741999853485, 39.046242999930328 ], [ -84.541717999564042, 39.046128999884665 ], [ -84.541673000256509, 39.045920000253346 ], [ -84.541669000058548, 39.045900999939107 ], [ -84.541665999685506, 39.045885000294696 ], [ -84.541541999836952, 39.045795999982893 ], [ -84.541443000102745, 39.045695000316272 ], [ -84.541366000109846, 39.045575999867523 ], [ -84.541313000406404, 39.045448999695125 ], [ -84.541289999941867, 39.045336000228694 ], [ -84.541243999911117, 39.045218000339844 ], [ -84.54121899979674, 39.045183999803207 ], [ -84.54103100037409, 39.044933999704696 ], [ -84.540894000106732, 39.044733000328954 ], [ -84.540817999938767, 39.044555000178704 ], [ -84.540810000441155, 39.044447000276548 ], [ -84.540824999611445, 39.044380000318888 ], [ -84.540817000113847, 39.044195000095336 ], [ -84.540885999710824, 39.043948999832033 ], [ -84.541022999978182, 39.043848000315371 ], [ -84.541046000442705, 39.04387500018651 ], [ -84.54103100037409, 39.043915999867721 ], [ -84.540961999878803, 39.04399499979889 ], [ -84.540970000274726, 39.044009000298551 ], [ -84.541001000236861, 39.044000999913742 ], [ -84.541053999940317, 39.043961000068947 ], [ -84.54107700040484, 39.043925999837377 ], [ -84.541075999681624, 39.043881000311508 ], [ -84.541014999582259, 39.043636000141859 ], [ -84.540764000410391, 39.043383000063137 ], [ -84.540718000379641, 39.043287000115981 ], [ -84.540709999983733, 39.043211000181607 ], [ -84.540695999740038, 39.043149000137873 ], [ -84.540688000242426, 39.043115999799802 ], [ -84.540649999709274, 39.043046999677458 ], [ -84.540627000143061, 39.042983999688843 ], [ -84.54049700044672, 39.042764999690128 ], [ -84.540458999913568, 39.042719000317732 ], [ -84.540443999844953, 39.042673000217725 ], [ -84.540366999852068, 39.042527999691224 ], [ -84.540299000079997, 39.042445000280821 ], [ -84.54025999972194, 39.042407999680044 ], [ -84.540145999919119, 39.042365000202011 ], [ -84.540053999857605, 39.04231800006113 ], [ -84.540007999826869, 39.042277000150214 ], [ -84.53999299975824, 39.042249999668392 ], [ -84.539985000260643, 39.042150000326231 ], [ -84.53999299975824, 39.042110000131153 ], [ -84.540046000360007, 39.042034000325962 ], [ -84.540077000322142, 39.041967000172889 ], [ -84.540207000018484, 39.041808000055156 ], [ -84.540237999980619, 39.041746000175529 ], [ -84.54022899975979, 39.041627999871707 ], [ -84.54018399955396, 39.041518999859413 ], [ -84.540154000315027, 39.041482999991253 ], [ -84.540084999819754, 39.041431999972211 ], [ -84.540016000222778, 39.041408000032568 ], [ -84.539946999727491, 39.041411000199894 ], [ -84.539909000092649, 39.041404999865115 ], [ -84.539870999559497, 39.041381999739933 ], [ -84.539694999832406, 39.041140000152872 ], [ -84.539667000243313, 39.041115000286688 ], [ -84.539651000349807, 39.04110099991123 ], [ -84.539605000319042, 39.041059999991774 ], [ -84.539577999656544, 39.041035999925761 ], [ -84.539427999868721, 39.040903000284381 ], [ -84.53937900036324, 39.040930999715606 ], [ -84.539244999570613, 39.04100799983847 ], [ -84.539056000323029, 39.04110099991123 ], [ -84.53876199969686, 39.041257999876294 ], [ -84.538519000022603, 39.040966999865041 ], [ -84.538298999914588, 39.040718999858903 ], [ -84.536988000385563, 39.039318000186412 ], [ -84.536658999599283, 39.038966000188481 ], [ -84.536303999772045, 39.038612000106859 ], [ -84.535977000432197, 39.038312000162982 ], [ -84.535486000162521, 39.037889999890766 ], [ -84.535003000288768, 39.03751399988937 ], [ -84.534893999610503, 39.037428999713867 ], [ -84.534517000041959, 39.037163999741637 ], [ -84.534451999744647, 39.037118000211329 ], [ -84.534061999757299, 39.036861000267059 ], [ -84.534008000228923, 39.036826999894913 ], [ -84.533630999762067, 39.036592999886182 ], [ -84.5334359997684, 39.036480000209821 ], [ -84.533132999819699, 39.036302000198745 ], [ -84.532618999983796, 39.036032999891717 ], [ -84.53187499999413, 39.035622000316621 ], [ -84.531778999734669, 39.035570000347697 ], [ -84.531659000084076, 39.035511000296395 ], [ -84.531707999589557, 39.03544199972449 ], [ -84.532157000026444, 39.034822999751682 ], [ -84.532490000112375, 39.03419399998878 ], [ -84.532721000091058, 39.033680000225807 ], [ -84.533024999864665, 39.032789000250808 ], [ -84.533043000306321, 39.032674000180336 ], [ -84.533046999605958, 39.032641999781561 ], [ -84.533333999661153, 39.031379999934266 ], [ -84.533551000294452, 39.03044999973244 ], [ -84.5336109996706, 39.030260000114104 ], [ -84.533835999801482, 39.029288000063367 ], [ -84.533983999939494, 39.02844600018885 ], [ -84.534098999567206, 39.028490999775286 ], [ -84.534162000214735, 39.028515999920877 ], [ -84.53434799998756, 39.028588000290675 ], [ -84.534939999641253, 39.028812000274364 ], [ -84.535317000108137, 39.02895400033875 ], [ -84.535383000230368, 39.028977000322342 ], [ -84.535671000110455, 39.029076000166199 ], [ -84.53617700044876, 39.029224999669857 ], [ -84.536586999629264, 39.029320999881548 ], [ -84.536878999707312, 39.029375000248578 ], [ -84.537391999718309, 39.029449999720747 ], [ -84.537975000049485, 39.029494000071843 ], [ -84.538195000157515, 39.029500000022473 ], [ -84.538478000014734, 39.029499000030704 ], [ -84.538621000129851, 39.029498000038984 ], [ -84.538853999758359, 39.029490000104538 ], [ -84.539253999791441, 39.029457999659719 ], [ -84.539319999913687, 39.029452999697959 ], [ -84.539827000076897, 39.029383000196098 ], [ -84.540083000169929, 39.029332999811601 ], [ -84.540696999564929, 39.029184999833937 ], [ -84.541065999635876, 39.02907100017741 ], [ -84.541366000109846, 39.028965000331794 ], [ -84.541704000218644, 39.028833000301866 ], [ -84.541807000150811, 39.028788000235302 ], [ -84.541823000044346, 39.028957000337016 ], [ -84.5418489999836, 39.029246000272494 ], [ -84.541858000204428, 39.029319999887257 ], [ -84.54210099987867, 39.02918699982628 ], [ -84.542270999757989, 39.029015000278818 ], [ -84.543542999827267, 39.028321999955025 ], [ -84.54377299998103, 39.028219999723468 ], [ -84.543916000096161, 39.028158999795153 ], [ -84.544116000112723, 39.028100999848796 ], [ -84.544292999664705, 39.028057000026187 ], [ -84.54430799973332, 39.02804299985484 ], [ -84.544382000251488, 39.028020000265172 ], [ -84.544477999612639, 39.027988999865826 ], [ -84.544511000122924, 39.027989999878955 ], [ -84.544521000168672, 39.028089999721281 ], [ -84.544699000443899, 39.02806300009879 ], [ -84.544896999912282, 39.02806300009879 ], [ -84.545107999799498, 39.028066000134885 ], [ -84.545291000097606, 39.02808200032527 ], [ -84.545445000083376, 39.028110999963246 ], [ -84.545461999801816, 39.028115000008647 ], [ -84.545660999993444, 39.028163999848452 ], [ -84.545987000406683, 39.028268000179175 ], [ -84.546101000209504, 39.028316999912903 ], [ -84.546322999967359, 39.028437000128541 ], [ -84.546522999983893, 39.028567000190378 ], [ -84.546790999772512, 39.028779000218542 ], [ -84.547128000056389, 39.02912000005233 ], [ -84.547471000188068, 39.029440999788278 ], [ -84.547648999564984, 39.029581000003539 ], [ -84.547810000121771, 39.0296860003319 ], [ -84.5480589996438, 39.029830999997188 ], [ -84.548431000087803, 39.030011000226722 ], [ -84.548621999883508, 39.030091000336633 ], [ -84.548796999785708, 39.030151000010726 ], [ -84.548985999931588, 39.030199999834757 ], [ -84.549165000031721, 39.03023399990628 ], [ -84.549360000025388, 39.030256000190143 ], [ -84.549530999729626, 39.030262000076021 ], [ -84.549724000073468, 39.030255000209074 ], [ -84.549898000150748, 39.030234999887597 ], [ -84.550082000273747, 39.030201999798329 ], [ -84.550246000305279, 39.030163999782232 ], [ -84.551308000312275, 39.029868000205887 ], [ -84.551426000313057, 39.029843999827563 ], [ -84.551593999644211, 39.029821000126098 ], [ -84.551747999629995, 39.029812000240867 ], [ -84.551925000080331, 39.029818000164489 ], [ -84.552106999655209, 39.029835999932267 ], [ -84.552891999652758, 39.029939999896285 ], [ -84.553047000361758, 39.029980999987679 ], [ -84.553204999647207, 39.030055000228586 ], [ -84.553367999853833, 39.03016099983514 ], [ -84.553536999908218, 39.030303999961006 ], [ -84.554161000247291, 39.030868999858384 ], [ -84.554738999657289, 39.031403999791003 ], [ -84.55478999971092, 39.031451000213714 ], [ -84.55576899987723, 39.032328000289915 ], [ -84.556373000124808, 39.032879000145137 ], [ -84.55655200022494, 39.033042999828361 ], [ -84.557523999820248, 39.033907999838078 ], [ -84.557861999929045, 39.034214999812747 ], [ -84.558118999847011, 39.034447000177117 ], [ -84.558754999881629, 39.035018999842713 ], [ -84.559584000260102, 39.035770000072333 ], [ -84.55986600029243, 39.036038000085746 ], [ -84.560489999733178, 39.036611000021722 ], [ -84.561039999554083, 39.036221000245149 ], [ -84.561391000081684, 39.035981000225284 ], [ -84.561668999916037, 39.035791000125698 ], [ -84.561719000144748, 39.035756999936481 ], [ -84.561745999908922, 39.035739000281183 ], [ -84.561793999589497, 39.035823999698565 ], [ -84.561903000267748, 39.035973000326877 ], [ -84.562010000397876, 39.036095999798668 ], [ -84.5620830001928, 39.036163999834521 ], [ -84.562254999721944, 39.036331999847874 ], [ -84.562275999638345, 39.036357000010895 ], [ -84.562387999791341, 39.03648700015799 ], [ -84.562811000288946, 39.036902999719146 ], [ -84.563490999806206, 39.037546000175261 ], [ -84.563854999854286, 39.037889000017771 ], [ -84.564124000366093, 39.03815800023667 ], [ -84.564601000392074, 39.038597999933152 ], [ -84.566050999838268, 39.0399890001 ], [ -84.566599000009361, 39.040540000225043 ], [ -84.567025999806617, 39.040933999903189 ], [ -84.568271000111707, 39.042114000081881 ], [ -84.568501000265471, 39.042318999871455 ], [ -84.568754999810366, 39.042519000028832 ], [ -84.568875000359284, 39.042595000009989 ], [ -84.569005999880545, 39.042666999990125 ], [ -84.569170999736997, 39.042734999981498 ], [ -84.56930299998146, 39.042777000128169 ], [ -84.569506000371049, 39.042841000104303 ], [ -84.569728000128904, 39.042883999990273 ], [ -84.569925999597316, 39.042911000229843 ], [ -84.571081000389029, 39.043017999889003 ], [ -84.57128899990316, 39.043045000077356 ], [ -84.571375999941807, 39.04306299996459 ], [ -84.571497000315617, 39.043087999839166 ], [ -84.571687000286445, 39.043142000152052 ], [ -84.571880999556868, 39.043215999867684 ], [ -84.572082000296632, 39.043325000052533 ], [ -84.572279999765044, 39.043451000063037 ], [ -84.572397999765826, 39.043549999863778 ], [ -84.572427999903056, 39.043573999773407 ], [ -84.572700999714513, 39.043885999950163 ], [ -84.573408999719177, 39.044855999900328 ], [ -84.573944000369792, 39.045583000309854 ], [ -84.574036000431292, 39.045708999781333 ], [ -84.574195000439957, 39.045918000036934 ], [ -84.574693000382325, 39.04657099967195 ], [ -84.574758999606246, 39.046658999956094 ], [ -84.574839999797121, 39.046766999964703 ], [ -84.574904000269512, 39.046854000258499 ], [ -84.574968999668528, 39.046940000002607 ] ] ] ] } },
{ "type": "Feature", "properties": { "mdshnocar": 5.926 }, "geometry": { "type": "MultiPolygon", "coordinates": [ [ [ [ -84.623101000289623, 39.074213999790331 ], [ -84.621651999770023, 39.073856999749964 ], [ -84.62039700031751, 39.073615999920555 ], [ -84.61957700015985, 39.073495999730383 ], [ -84.618952999820792, 39.073376000033562 ], [ -84.618358999618962, 39.073306000116148 ], [ -84.618342999725414, 39.07330399997803 ], [ -84.616792999821811, 39.073321999824451 ], [ -84.615509000056974, 39.073366000049582 ], [ -84.613790000098959, 39.07346000012172 ], [ -84.611652999666191, 39.073383999880186 ], [ -84.609005999595496, 39.073329999677235 ], [ -84.607481999631148, 39.073369000254154 ], [ -84.605854999734646, 39.073467999958865 ], [ -84.604376999801062, 39.073658999898342 ], [ -84.604053999760865, 39.073700999786489 ], [ -84.60385000044468, 39.073727000036833 ], [ -84.603436000167889, 39.073813999892785 ], [ -84.602640000299701, 39.073980000202226 ], [ -84.602344000023692, 39.074056999860296 ], [ -84.601747000347089, 39.074211000319089 ], [ -84.60147000033767, 39.074299000330768 ], [ -84.60080699964054, 39.074507999657172 ], [ -84.599988000206125, 39.074859999656063 ], [ -84.599346000323706, 39.075167000177082 ], [ -84.598583999892369, 39.075573000298249 ], [ -84.598153999722072, 39.075865000016456 ], [ -84.597346000158282, 39.076397000113033 ], [ -84.596962000018735, 39.076580000312326 ], [ -84.596765000375242, 39.076696000055719 ], [ -84.596235999572414, 39.076874000084658 ], [ -84.595323000426646, 39.077180000197544 ], [ -84.595139000303647, 39.077242999666367 ], [ -84.594890999708213, 39.077314999887008 ], [ -84.594395000313995, 39.077435999869572 ], [ -84.592442000004226, 39.07791399979471 ], [ -84.590456999907431, 39.078306000175964 ], [ -84.590246000020244, 39.078356000067991 ], [ -84.589892999842817, 39.07842399986427 ], [ -84.589707999894884, 39.078474999668479 ], [ -84.588544999605574, 39.078699999759344 ], [ -84.586470999820307, 39.079216000335634 ], [ -84.586099000274643, 39.079287999937648 ], [ -84.585823999915036, 39.079365000079655 ], [ -84.584787000022388, 39.079596000001331 ], [ -84.584003999674664, 39.079724000103226 ], [ -84.583600000341946, 39.079812000212947 ], [ -84.582597999711098, 39.079953000294552 ], [ -84.582529000114121, 39.079965999966447 ], [ -84.580970999814596, 39.080254999724062 ], [ -84.580231999847797, 39.080376000243376 ], [ -84.579922000226404, 39.080448000056244 ], [ -84.579514999622319, 39.080513000027608 ], [ -84.576525000318256, 39.081090000194891 ], [ -84.574525000152846, 39.081601000270055 ], [ -84.573263999954222, 39.081940999694112 ], [ -84.572508000268982, 39.082215999834432 ], [ -84.571997999732744, 39.082396999704414 ], [ -84.57190599967123, 39.082429999815595 ], [ -84.571276000382696, 39.082726000185851 ], [ -84.57086399975573, 39.082990000109056 ], [ -84.57035900014067, 39.083269999983379 ], [ -84.569780999832346, 39.083670999890089 ], [ -84.569759000091054, 39.083682999652197 ], [ -84.569453999594202, 39.083857999728025 ], [ -84.569364000080839, 39.083918999672314 ], [ -84.567441999733219, 39.085321999870409 ], [ -84.566538999734888, 39.086006999705297 ], [ -84.566035999769653, 39.086401000209449 ], [ -84.565726999973165, 39.08661199970728 ], [ -84.565632000436935, 39.086684000128464 ], [ -84.564350000321923, 39.087658999960418 ], [ -84.564283000374772, 39.087710000061293 ], [ -84.564142999734358, 39.087816000303341 ], [ -84.563495000004153, 39.088359999893981 ], [ -84.563116999712392, 39.088761000149916 ], [ -84.56227499981344, 39.089622000313248 ], [ -84.561541999694427, 39.09044599989533 ], [ -84.561134000163747, 39.091014999756617 ], [ -84.560789000382243, 39.091380999842606 ], [ -84.559836000155187, 39.092542000307624 ], [ -84.559551999574765, 39.092935000073226 ], [ -84.558850000316184, 39.09390000008235 ], [ -84.558615000139554, 39.09411799996672 ], [ -84.558362000419578, 39.094398000287839 ], [ -84.557765999669599, 39.094938000257372 ], [ -84.557729999684582, 39.09497000031687 ], [ -84.557026999702785, 39.095606000142531 ], [ -84.556693999616854, 39.095941000248956 ], [ -84.556173000108274, 39.096379999893642 ], [ -84.555862999588555, 39.096666000118226 ], [ -84.555564999662721, 39.096896999854934 ], [ -84.554700000197542, 39.097653999890554 ], [ -84.553886999712603, 39.098284999938713 ], [ -84.553567999870367, 39.098462999871373 ], [ -84.553509000319139, 39.098508999874859 ], [ -84.553315999975283, 39.098604000317593 ], [ -84.552551999894135, 39.098982999708994 ], [ -84.551658000116632, 39.099305999914741 ], [ -84.551079999808323, 39.099472000195895 ], [ -84.550816000217665, 39.099548000219372 ], [ -84.550076000425975, 39.09968499971535 ], [ -84.549297000276198, 39.099777999883052 ], [ -84.549059999551417, 39.099798999724037 ], [ -84.548214000352829, 39.099870999928079 ], [ -84.546712999954693, 39.099963999850424 ], [ -84.546389999914496, 39.099963999850424 ], [ -84.546146000415334, 39.099977000017191 ], [ -84.544024000051209, 39.099859000131566 ], [ -84.543817000361955, 39.099811999921222 ], [ -84.543797000270487, 39.099809999837419 ], [ -84.543556000246056, 39.099766999764668 ], [ -84.542273000306139, 39.099541000248138 ], [ -84.541541999836952, 39.099342000277666 ], [ -84.541505000027016, 39.099331000091254 ], [ -84.541515999897669, 39.099273000030621 ], [ -84.541572999799087, 39.099142999745503 ], [ -84.541806000325906, 39.098465999705795 ], [ -84.542438999987496, 39.096562999846768 ], [ -84.542571000231959, 39.096146999669813 ], [ -84.542762999852599, 39.095575000125045 ], [ -84.542891999724006, 39.095307999927698 ], [ -84.543044999884884, 39.095049000292605 ], [ -84.543213999939297, 39.094762999784145 ], [ -84.543287999559126, 39.094639000241642 ], [ -84.544599999811382, 39.092423000033499 ], [ -84.544700000268804, 39.092256000089485 ], [ -84.544920000376848, 39.091892999778047 ], [ -84.545296000120459, 39.091328999793745 ], [ -84.545616999612506, 39.090851999943233 ], [ -84.545912000063623, 39.090363000334548 ], [ -84.546066999874327, 39.090070000129458 ], [ -84.546194000095923, 39.089799999802757 ], [ -84.54632700016532, 39.089491999665753 ], [ -84.546507000090372, 39.088992999830708 ], [ -84.546794999970459, 39.088021999752407 ], [ -84.547225999965676, 39.086546999777241 ], [ -84.547323000050056, 39.086222999811788 ], [ -84.547457999769279, 39.085825000141568 ], [ -84.547631000021639, 39.085441000272333 ], [ -84.547740999626498, 39.085235000258159 ], [ -84.547888999764496, 39.084986000317997 ], [ -84.54817099979681, 39.08457499972905 ], [ -84.548493999836978, 39.084188000283575 ], [ -84.548672999937139, 39.083997000255856 ], [ -84.548898999892941, 39.083776999926194 ], [ -84.549047999855858, 39.083645999739964 ], [ -84.549442999866073, 39.083323000322622 ], [ -84.549492000269865, 39.083285000293962 ], [ -84.549892000302961, 39.082974999735796 ], [ -84.550236000259545, 39.082707000013301 ], [ -84.550633999744477, 39.082401000162427 ], [ -84.550822000065452, 39.082254999683862 ], [ -84.551313000335128, 39.081871999853291 ], [ -84.551883000247528, 39.081429000035726 ], [ -84.552624999689058, 39.080845000116597 ], [ -84.5529009998736, 39.080598999919154 ], [ -84.553045999638542, 39.080454999830785 ], [ -84.55318200008098, 39.080307000266558 ], [ -84.55341899990745, 39.07999799984588 ], [ -84.553567999870367, 39.079761999958073 ], [ -84.553664000129828, 39.07958400024139 ], [ -84.553752999818272, 39.079384999740526 ], [ -84.553870999819054, 39.079041999889995 ], [ -84.553912999651857, 39.078873999653709 ], [ -84.553952999834834, 39.078664000016182 ], [ -84.553972000101396, 39.078505000233456 ], [ -84.554003000063531, 39.07808500022881 ], [ -84.554018000132146, 39.077081000121623 ], [ -84.554039999873467, 39.076611000310542 ], [ -84.55409799959979, 39.076158999978411 ], [ -84.554217000323789, 39.075611000296547 ], [ -84.554295999966513, 39.075336000214165 ], [ -84.554424999837934, 39.074960000104198 ], [ -84.554561000280358, 39.074643000274406 ], [ -84.554646999595775, 39.074443999785693 ], [ -84.554788999886014, 39.074162000336372 ], [ -84.554935000374172, 39.073903999823358 ], [ -84.555100000230638, 39.07363699988052 ], [ -84.555225999729004, 39.073446999948558 ], [ -84.555558999814949, 39.07299400019788 ], [ -84.556609000126358, 39.071636999724646 ], [ -84.556758000089275, 39.071456000147911 ], [ -84.557047999619186, 39.071143000320014 ], [ -84.557531000391265, 39.070668000179822 ], [ -84.557975999731866, 39.070238999941267 ], [ -84.558323999886426, 39.069901000156904 ], [ -84.558635000231035, 39.069569000183662 ], [ -84.558845000293331, 39.069295999823289 ], [ -84.558997999555899, 39.069037999654192 ], [ -84.559135999648149, 39.068740000177407 ], [ -84.559235000280665, 39.068428999739837 ], [ -84.559293999831908, 39.068107999992677 ], [ -84.559308999900495, 39.067820000150419 ], [ -84.559293999831908, 39.067550999904689 ], [ -84.559246999976224, 39.067231999962132 ], [ -84.558975999814578, 39.065762000031789 ], [ -84.558904999669465, 39.065374999925844 ], [ -84.55884000027045, 39.065084999720987 ], [ -84.558789000216834, 39.06476500030098 ], [ -84.558770999775163, 39.064665000053942 ], [ -84.558681000261799, 39.064176999773387 ], [ -84.558728999942375, 39.064179000170164 ], [ -84.559057000005424, 39.064201000346294 ], [ -84.559907000300299, 39.064314000318511 ], [ -84.560767999567531, 39.064406999697013 ], [ -84.561000000269416, 39.064438999657369 ], [ -84.561141999661345, 39.064435000273434 ], [ -84.56126800005805, 39.064406999697013 ], [ -84.561262000210263, 39.064300999855639 ], [ -84.561278999928675, 39.064246000177924 ], [ -84.561307000416093, 39.064207000139476 ], [ -84.561321999586397, 39.064186999664315 ], [ -84.561488999990971, 39.064282999800945 ], [ -84.561581000052485, 39.064436999965402 ], [ -84.561658999870289, 39.064569999932203 ], [ -84.56169200038056, 39.064755999984598 ], [ -84.561775000221246, 39.06479899978077 ], [ -84.561653000022503, 39.065043999773856 ], [ -84.561661000418425, 39.065062000331999 ], [ -84.561659999695195, 39.065088999765592 ], [ -84.561675999588715, 39.065111999843282 ], [ -84.561637999953888, 39.065147000038095 ], [ -84.561629999557965, 39.065174000136615 ], [ -84.561615000387661, 39.065191999964121 ], [ -84.561545999892388, 39.065221999898895 ], [ -84.561508000257533, 39.065229999972338 ], [ -84.561478000120331, 39.065278999879283 ], [ -84.561463000051702, 39.065342000207906 ], [ -84.561447000158182, 39.065368000050363 ], [ -84.561425000416875, 39.065435000324541 ], [ -84.561386000058803, 39.065484000089185 ], [ -84.561386000058803, 39.065538000018208 ], [ -84.561386000058803, 39.065633000232197 ], [ -84.561365000142416, 39.065754000018629 ], [ -84.561324999959439, 39.065870000120618 ], [ -84.561287000324612, 39.065951000253158 ], [ -84.561294999822223, 39.066017999973973 ], [ -84.561272000255997, 39.066098999936742 ], [ -84.561180000194483, 39.066258999943017 ], [ -84.561119000095132, 39.066344000300148 ], [ -84.561088999957889, 39.066401000072005 ], [ -84.561059999645565, 39.066493000022746 ], [ -84.561082000285197, 39.066667000026257 ], [ -84.561117000445293, 39.066836000192282 ], [ -84.561179000369577, 39.066986999891064 ], [ -84.561211999981523, 39.067114999849224 ], [ -84.56121899965423, 39.067328000142432 ], [ -84.561241000293862, 39.067342000201386 ], [ -84.561248999791474, 39.067360000173466 ], [ -84.561241000293862, 39.067378000141012 ], [ -84.561249999616379, 39.067408999996779 ], [ -84.561256000362462, 39.067425000344514 ], [ -84.561263999860088, 39.067449999965135 ], [ -84.561256000362462, 39.067472999971002 ], [ -84.561263999860088, 39.067494999817988 ], [ -84.561278999928675, 39.067504999936354 ], [ -84.561263999860088, 39.067603000045104 ], [ -84.561272000255997, 39.067657999897044 ], [ -84.561263000035169, 39.06773500017578 ], [ -84.561248999791474, 39.067797000257627 ], [ -84.561226000225247, 39.067886000043707 ], [ -84.56121799982931, 39.067949000137887 ], [ -84.561195000263098, 39.068092999942756 ], [ -84.561186999867175, 39.068174000314123 ], [ -84.561196000088017, 39.068223999713467 ], [ -84.561186999867175, 39.068254999895139 ], [ -84.561187999692095, 39.068287000203419 ], [ -84.56120299976071, 39.068341000080437 ], [ -84.56120299976071, 39.068403999768492 ], [ -84.561248999791474, 39.068635000003489 ], [ -84.561263999860088, 39.068739000043649 ], [ -84.561257000187382, 39.068769999999127 ], [ -84.561256000362462, 39.068883000329095 ], [ -84.561263999860088, 39.06892099974521 ], [ -84.561263999860088, 39.068963999793915 ], [ -84.561271000431077, 39.069048999683375 ], [ -84.561302000393241, 39.069118000207595 ], [ -84.561302000393241, 39.069145000182132 ], [ -84.561287000324612, 39.06916299969442 ], [ -84.561294999822223, 39.069207999850008 ], [ -84.561287000324612, 39.069234999790062 ], [ -84.561293999997304, 39.069261999719792 ], [ -84.561340000028054, 39.069294000268968 ], [ -84.561345999875826, 39.069329999910401 ], [ -84.561370999990203, 39.069399000159969 ], [ -84.561379000386125, 39.069417000304924 ], [ -84.561369000340378, 39.069445999715157 ], [ -84.561370999990203, 39.069471000014858 ], [ -84.561401000127432, 39.069552000199721 ], [ -84.561259999662113, 39.070169999815526 ], [ -84.561180000194483, 39.07021899978033 ], [ -84.561088000132969, 39.070288999970032 ], [ -84.561042000102219, 39.070305999776458 ], [ -84.560844999560416, 39.070337999852235 ], [ -84.560738000328598, 39.070344999932281 ], [ -84.56069999979546, 39.070353000122488 ], [ -84.560631000198484, 39.070352000011582 ], [ -84.560607999733946, 39.070337999852235 ], [ -84.560592999665346, 39.070350999900676 ], [ -84.560524000068355, 39.070354000233422 ], [ -84.560469999641697, 39.070371000024188 ], [ -84.560440000402778, 39.070369999913495 ], [ -84.560394000372028, 39.070355999757716 ], [ -84.560349000166184, 39.070359000090242 ], [ -84.560242000036069, 39.070398000216777 ], [ -84.560066000308979, 39.070448000132856 ], [ -84.560006000034505, 39.070482999774121 ], [ -84.559966999676448, 39.070553999809974 ], [ -84.559966999676448, 39.07058099993256 ], [ -84.55997500007237, 39.07059500004371 ], [ -84.559937000437529, 39.070661000131807 ], [ -84.559883000010871, 39.070714000179066 ], [ -84.559845000376029, 39.070731999988645 ], [ -84.559791999774262, 39.070775999736348 ], [ -84.55976800038313, 39.070824999977866 ], [ -84.559753000314529, 39.070901000185529 ], [ -84.559775999880742, 39.070977999716007 ], [ -84.559730999674898, 39.071113000112078 ], [ -84.559693999864976, 39.071223999980766 ], [ -84.559873999790028, 39.071283000191819 ], [ -84.560108000141767, 39.071362000196117 ], [ -84.560525999718195, 39.071502999728146 ], [ -84.560642000069151, 39.071577999809541 ], [ -84.560709000016303, 39.07159999977182 ], [ -84.560843999735511, 39.071649000138663 ], [ -84.560918000253679, 39.071678000026644 ], [ -84.560997999721295, 39.071714999938528 ], [ -84.561048999774911, 39.071731000007539 ], [ -84.561088999957889, 39.07174900025516 ], [ -84.56110999987429, 39.071789999794674 ], [ -84.56112599976781, 39.071808000027254 ], [ -84.56117199979856, 39.071835999760026 ], [ -84.561226000225247, 39.071855000070499 ], [ -84.561324999959439, 39.071871000107713 ], [ -84.561402999777243, 39.071906999829544 ], [ -84.561523000326162, 39.071968999733642 ], [ -84.561616000212581, 39.072031999670365 ], [ -84.561682000334812, 39.07207700008891 ], [ -84.561730000015388, 39.072104000326256 ], [ -84.561858999886823, 39.072156999987222 ], [ -84.561897000419975, 39.0721850002789 ], [ -84.562064999751158, 39.072260000332982 ], [ -84.562171999881272, 39.072276000278436 ], [ -84.56219500034581, 39.072284000249745 ], [ -84.562232999980651, 39.0723129998768 ], [ -84.562287000407323, 39.072332000058836 ], [ -84.562329000240112, 39.07233699977553 ], [ -84.562484999875721, 39.072341000106583 ], [ -84.562598999678528, 39.072360999666166 ], [ -84.562617000120198, 39.072370999792504 ], [ -84.562652000280295, 39.072389999958936 ], [ -84.562705999808657, 39.072409000120246 ], [ -84.562735000120966, 39.072431999904914 ], [ -84.562793999672195, 39.072463000330565 ], [ -84.562843000076001, 39.072474999906774 ], [ -84.562896999604362, 39.072480000310755 ], [ -84.562942999635112, 39.072477000068389 ], [ -84.563018999803091, 39.072437999695929 ], [ -84.563088000298393, 39.072417000076541 ], [ -84.563186000207693, 39.072404999793051 ], [ -84.563293000337808, 39.072361999748594 ], [ -84.563377999828305, 39.07236900032526 ], [ -84.563407999965534, 39.072379999835277 ], [ -84.563521999768341, 39.072420999705628 ], [ -84.563606000332243, 39.072427000194949 ], [ -84.563659999860619, 39.072448999892565 ], [ -84.563684999974967, 39.07245900000644 ], [ -84.563787000082215, 39.072500999911405 ], [ -84.563858000227327, 39.072523000283319 ], [ -84.563980000426056, 39.072587999884021 ], [ -84.564029999756457, 39.072608000070964 ], [ -84.564116999795104, 39.072645000192679 ], [ -84.564238999993847, 39.07268399975338 ], [ -84.564368999690188, 39.072740999984553 ], [ -84.564536999919667, 39.072784999874521 ], [ -84.564593999821071, 39.072797000093388 ], [ -84.564895999944852, 39.072859999988381 ], [ -84.565044999907769, 39.072931999799501 ], [ -84.565060999801304, 39.072939999696501 ], [ -84.565147000015045, 39.072982000012566 ], [ -84.565307999673507, 39.073034999711517 ], [ -84.565376000343903, 39.073063999727374 ], [ -84.565427000397506, 39.0730800001879 ], [ -84.565499000367538, 39.073101999681946 ], [ -84.566650999887884, 39.073517999792159 ], [ -84.56675100034532, 39.073543000044197 ], [ -84.566730000428919, 39.073582999871178 ], [ -84.566690000245941, 39.073664000218429 ], [ -84.566978999950962, 39.073710999722955 ], [ -84.567250000112608, 39.073724999910588 ], [ -84.567980999683485, 39.073734999843658 ], [ -84.568147000263153, 39.073746999900976 ], [ -84.568410000028891, 39.073792999985486 ], [ -84.568574999885314, 39.073837999978515 ], [ -84.56881799955957, 39.073923000274448 ], [ -84.569015999926279, 39.073999999994662 ], [ -84.56972899995381, 39.074314999813929 ], [ -84.5701719996446, 39.074532000204215 ], [ -84.570600999989992, 39.074751000024364 ], [ -84.570913000159535, 39.074889999665935 ], [ -84.571350000002539, 39.07505400014518 ], [ -84.571486000444992, 39.075125999809941 ], [ -84.571546999646017, 39.075164000048957 ], [ -84.571630000385028, 39.075217000201306 ], [ -84.571833999701212, 39.075373000300289 ], [ -84.571946999679113, 39.075481000327763 ], [ -84.572069999702762, 39.075621999998582 ], [ -84.572241000305311, 39.075833999690545 ], [ -84.572284999787911, 39.075880999841949 ], [ -84.572307000427543, 39.075912000147213 ], [ -84.572362999605716, 39.075963999706381 ], [ -84.572469999735844, 39.076052000321447 ], [ -84.572557999599397, 39.076100999689153 ], [ -84.572658999881725, 39.076136000013683 ], [ -84.572684999820993, 39.076141000158252 ], [ -84.572986000119883, 39.076288000066036 ], [ -84.573924000278311, 39.076412999817883 ], [ -84.575511999816754, 39.076163000092798 ], [ -84.578501000194208, 39.075274999822405 ], [ -84.581385999916293, 39.074137999663485 ], [ -84.585216000367808, 39.072151000172362 ], [ -84.587455999834404, 39.070990000242141 ], [ -84.588870000193907, 39.070552000291244 ], [ -84.589955999592007, 39.070114999828682 ], [ -84.590841999871898, 39.069760000214089 ], [ -84.592838999664252, 39.069293000143062 ], [ -84.593781000020641, 39.068959999968904 ], [ -84.594530000033188, 39.068795999973844 ], [ -84.594796999996888, 39.068737999909885 ], [ -84.598967000207011, 39.067950999730357 ], [ -84.602899999692369, 39.06767300003947 ], [ -84.603212999686832, 39.067651000247963 ], [ -84.6055490003112, 39.067608000096811 ], [ -84.607966000228132, 39.067501000028663 ], [ -84.608817000347941, 39.067501000028663 ], [ -84.611444000327154, 39.067516999658068 ], [ -84.612357000371205, 39.067661000344273 ], [ -84.613159000087194, 39.067645000050042 ], [ -84.614151999598889, 39.067532999981317 ], [ -84.615914000112923, 39.067501000028663 ], [ -84.617837000285448, 39.067581000231776 ], [ -84.618659000092933, 39.067619999801018 ], [ -84.618973999737193, 39.067661000344273 ], [ -84.619117999677243, 39.067581000231776 ], [ -84.619133999570749, 39.067405000083646 ], [ -84.619133999570749, 39.066972000300332 ], [ -84.619069999996654, 39.0663480002734 ], [ -84.618957999843659, 39.065658999967489 ], [ -84.6186790001844, 39.06514299999678 ], [ -84.61870900032163, 39.064916999735559 ], [ -84.61869699972776, 39.064645999900307 ], [ -84.618562000008538, 39.064165999682437 ], [ -84.618278000326399, 39.063685999688218 ], [ -84.617859999851675, 39.063267999792622 ], [ -84.617442000275233, 39.062972000101702 ], [ -84.617084999899859, 39.062848999994777 ], [ -84.616747999615981, 39.062870999887835 ], [ -84.616413999705131, 39.062875000057929 ], [ -84.616109000106604, 39.062777999880829 ], [ -84.615767999624751, 39.062677000086921 ], [ -84.615521999577453, 39.062640000319618 ], [ -84.615078999886663, 39.062627999768829 ], [ -84.614032999773215, 39.062665000239932 ], [ -84.613349999882914, 39.062709000133921 ], [ -84.61308499956904, 39.062577999893143 ], [ -84.612776999597457, 39.062417999913606 ], [ -84.612322000211108, 39.062295000236368 ], [ -84.611989999950083, 39.062233999732889 ], [ -84.611512999924116, 39.062184999804835 ], [ -84.611984000102296, 39.061985999761674 ], [ -84.612162000377538, 39.061970999805787 ], [ -84.612282999853051, 39.061976999788548 ], [ -84.612307000142494, 39.061984000000272 ], [ -84.612333999906667, 39.06200499993377 ], [ -84.61242299959514, 39.062033000067835 ], [ -84.61259500002258, 39.062073000140494 ], [ -84.612779000145593, 39.062101000247594 ], [ -84.612940999628989, 39.0621079997495 ], [ -84.613231000057212, 39.062162999697954 ], [ -84.613340999662071, 39.062169999891239 ], [ -84.613419000378187, 39.062166999908122 ], [ -84.61381199984028, 39.0621130001905 ], [ -84.613902000251954, 39.0621079997495 ], [ -84.61422100009419, 39.062040999805156 ], [ -84.614324999851249, 39.062039000045317 ], [ -84.614432999806297, 39.06201699989294 ], [ -84.614620000302352, 39.061957000076639 ], [ -84.614784000333884, 39.061888999758125 ], [ -84.614917000403267, 39.06184699981592 ], [ -84.615011000114592, 39.061789000319649 ], [ -84.615333000329883, 39.06154100018027 ], [ -84.615400000277035, 39.0614520000669 ], [ -84.615422999843247, 39.061391000230032 ], [ -84.615427000041208, 39.061335999680153 ], [ -84.615453999805382, 39.061240999961093 ], [ -84.615485999592437, 39.06121600023404 ], [ -84.615601999943408, 39.061175000132415 ], [ -84.615700999677614, 39.061156999978188 ], [ -84.615837000120038, 39.061101999943553 ], [ -84.615859999686265, 39.061068000078272 ], [ -84.615899999869228, 39.06097299999859 ], [ -84.61607999979428, 39.060837000190631 ], [ -84.616110999756415, 39.060798999910283 ], [ -84.616135999870778, 39.060752000177665 ], [ -84.616223999734316, 39.060753999973961 ], [ -84.616320999818711, 39.060747000337813 ], [ -84.616659999752414, 39.060625000090667 ], [ -84.616805000415695, 39.060592000244881 ], [ -84.616920000043422, 39.060580000043451 ], [ -84.617300999809927, 39.060589000194717 ], [ -84.61756199992584, 39.060584000343319 ], [ -84.617996000294099, 39.060536999770036 ], [ -84.618269000105585, 39.060550000228581 ], [ -84.618496999711212, 39.060586999696163 ], [ -84.619456999610932, 39.060837999738872 ], [ -84.619803000115652, 39.06093900007113 ], [ -84.62003499991927, 39.061017000249628 ], [ -84.62009699984354, 39.061040000258956 ], [ -84.62025699967711, 39.061106000213833 ], [ -84.620367000180295, 39.061161999788958 ], [ -84.620486999830874, 39.061230000110186 ], [ -84.620713999611596, 39.061391000230032 ], [ -84.620947999963334, 39.061588000085173 ], [ -84.621334999577613, 39.061960000068623 ], [ -84.621444000255863, 39.062083999860064 ], [ -84.621583999997966, 39.062285000077438 ], [ -84.621722999915121, 39.062551999720647 ], [ -84.621816999626475, 39.062793999883255 ], [ -84.62191299988595, 39.063123999909521 ], [ -84.621932000152512, 39.063250999686062 ], [ -84.621946000396207, 39.063502000022417 ], [ -84.621941000373326, 39.063833999935618 ], [ -84.621916000258977, 39.064306000141251 ], [ -84.621883999573626, 39.064652999847389 ], [ -84.621885000296842, 39.064898999837936 ], [ -84.621912000061016, 39.065039000238016 ], [ -84.621963999939553, 39.065156999791611 ], [ -84.622036999734505, 39.065267999960056 ], [ -84.622257999667426, 39.065532000338102 ], [ -84.62232200013986, 39.065641000259063 ], [ -84.622348999904034, 39.065703000087822 ], [ -84.622394999934784, 39.065880999946032 ], [ -84.622473999577494, 39.066452999664669 ], [ -84.622550999570393, 39.066876000333316 ], [ -84.622717000150061, 39.068844000062853 ], [ -84.622745999564074, 39.069188000094371 ], [ -84.622785999747038, 39.069657999827641 ], [ -84.622921000364556, 39.069641999986111 ], [ -84.623045000213125, 39.070647000033752 ], [ -84.623492999926782, 39.074329999936289 ], [ -84.623101000289623, 39.074213999790331 ] ] ] ] } },
{ "type": "Feature", "properties": { "mdshnocar": 6.607 }, "geometry": { "type": "MultiPolygon", "coordinates": [ [ [ [ -84.507570000207309, 39.067605000344784 ], [ -84.507289, 39.067689000327348 ], [ -84.506902000385622, 39.06777899969952 ], [ -84.506601000086746, 39.067846999923979 ], [ -84.50611099964199, 39.067922999851213 ], [ -84.505867999967734, 39.066967000203576 ], [ -84.505698000088429, 39.066295999905904 ], [ -84.505508000117615, 39.065546000055839 ], [ -84.50525700004745, 39.065546000055839 ], [ -84.504740999663426, 39.06552700013934 ], [ -84.503835000190364, 39.065494999974753 ], [ -84.503560999655662, 39.065482999909293 ], [ -84.503040000147081, 39.0654709998418 ], [ -84.502474000432628, 39.065457000109234 ], [ -84.501958999873509, 39.065438999651818 ], [ -84.501787000344365, 39.065435999807626 ], [ -84.501255000066806, 39.065427000274326 ], [ -84.500367999961995, 39.065391000037152 ], [ -84.498973999693987, 39.065354999781611 ], [ -84.498547999721652, 39.065335000329142 ], [ -84.497378999584541, 39.065307000109776 ], [ -84.496422000057862, 39.065282999912888 ], [ -84.496371999829151, 39.065285999763589 ], [ -84.496308000255041, 39.065307000109776 ], [ -84.496307000430136, 39.065918000107061 ], [ -84.496297000384388, 39.066025999957205 ], [ -84.49628700033864, 39.066875000173155 ], [ -84.495735999794519, 39.066870000069514 ], [ -84.495252999920766, 39.066863000342295 ], [ -84.494960999842704, 39.066863000342295 ], [ -84.49434999992242, 39.066862000181935 ], [ -84.494383000432705, 39.066768999852989 ], [ -84.495272000187327, 39.063894999754076 ], [ -84.495555999869467, 39.062979000214767 ], [ -84.496303000232174, 39.061467999672324 ], [ -84.497416000292787, 39.059487000117379 ], [ -84.49773900033297, 39.05852500034316 ], [ -84.497724000264355, 39.057655000325624 ], [ -84.497720000066394, 39.057407000313589 ], [ -84.49761200011136, 39.056310999865516 ], [ -84.497212999903198, 39.055154000200382 ], [ -84.496293000186427, 39.053552999659644 ], [ -84.495344999982251, 39.052289999715853 ], [ -84.494814000427922, 39.051580000101552 ], [ -84.495266000339555, 39.05135799980075 ], [ -84.49579900044202, 39.051096999893346 ], [ -84.496898000258923, 39.050565000249279 ], [ -84.49759899969257, 39.050279999788152 ], [ -84.497686999556123, 39.050276999997486 ], [ -84.498802000164872, 39.049852999931346 ], [ -84.498845999647486, 39.049840000293827 ], [ -84.499244000030743, 39.050963999660382 ], [ -84.499290000061507, 39.051074000133205 ], [ -84.499322999673467, 39.051178000232412 ], [ -84.499384999597751, 39.051350000248235 ], [ -84.499414999734952, 39.051432999659895 ], [ -84.499822000339051, 39.052568999655449 ], [ -84.500020999632369, 39.053115000338593 ], [ -84.500213999976211, 39.053643000311325 ], [ -84.500449000152869, 39.054285000144255 ], [ -84.50068799962915, 39.054861999901448 ], [ -84.500726999987208, 39.054945000068628 ], [ -84.500685999979339, 39.054966000003049 ], [ -84.500935000399679, 39.055464999828807 ], [ -84.501136000241118, 39.055824000054109 ], [ -84.501259000264767, 39.056026000270364 ], [ -84.501475999999755, 39.056353999922415 ], [ -84.501983000162951, 39.057119000061562 ], [ -84.50139200033415, 39.057511999749977 ], [ -84.501267999587284, 39.057606000009777 ], [ -84.501024999913042, 39.057811000179427 ], [ -84.500918999607819, 39.057925000203419 ], [ -84.500880000148072, 39.057981000208969 ], [ -84.500830999744267, 39.058096999830092 ], [ -84.500831999569186, 39.058115999653623 ], [ -84.500836999592082, 39.058185999987437 ], [ -84.500889000368915, 39.058286999928242 ], [ -84.500971000384695, 39.05836700011033 ], [ -84.501040999806563, 39.058420999903007 ], [ -84.501258000439861, 39.058537999777073 ], [ -84.501736000290748, 39.058738000048898 ], [ -84.502030999843512, 39.058870000015631 ], [ -84.502163000088018, 39.058950000234667 ], [ -84.502383000196048, 39.059122999727101 ], [ -84.502423000379011, 39.059168000005371 ], [ -84.502476000082439, 39.059247000316105 ], [ -84.502522999938122, 39.059395000103947 ], [ -84.503113999766896, 39.05914099970235 ], [ -84.503281000171484, 39.059060000126344 ], [ -84.504357000422175, 39.06067300015588 ], [ -84.505411999858154, 39.062209999886278 ], [ -84.505727000400739, 39.062701999994083 ], [ -84.505782999578912, 39.062796000319224 ], [ -84.505861000295027, 39.062927000155483 ], [ -84.505990999991369, 39.063145000201366 ], [ -84.506297000313126, 39.063709000223028 ], [ -84.506507000375407, 39.064141000293674 ], [ -84.506779000361973, 39.064766999983604 ], [ -84.506832000065415, 39.06488900004787 ], [ -84.506930999799621, 39.065148000222742 ], [ -84.507027999884016, 39.0654009997561 ], [ -84.507151999732571, 39.065775000225585 ], [ -84.507247000167112, 39.066112000068472 ], [ -84.507302000418704, 39.066306999664938 ], [ -84.507629999583457, 39.067587999887799 ], [ -84.507570000207309, 39.067605000344784 ] ] ] ] } },
{ "type": "Feature", "properties": { "mdshnocar": 12.876 }, "geometry": { "type": "MultiPolygon", "coordinates": [ [ [ [ -84.509278000294671, 39.073836999916949 ], [ -84.50903700027024, 39.073874000091706 ], [ -84.508633999864117, 39.073935999662524 ], [ -84.508468000182759, 39.073960999766477 ], [ -84.507672000314557, 39.074080999863327 ], [ -84.507566999834268, 39.073673000096299 ], [ -84.507145999884784, 39.073747999963764 ], [ -84.506915999731007, 39.073783000060651 ], [ -84.506760999920303, 39.073806000094912 ], [ -84.506509000025233, 39.073846999834196 ], [ -84.505963000402275, 39.07392999999886 ], [ -84.505118000130281, 39.074066999746314 ], [ -84.504364999919787, 39.074183000133907 ], [ -84.504094999583046, 39.074227999878183 ], [ -84.503824000319696, 39.074272000235823 ], [ -84.50356999987649, 39.074312000346971 ], [ -84.503314999608364, 39.07435099968383 ], [ -84.502788000251996, 39.07443800016528 ], [ -84.502630000068251, 39.073769999946983 ], [ -84.50262599987029, 39.073695000102894 ], [ -84.502647999611582, 39.073493000228616 ], [ -84.502645999961757, 39.073277000199795 ], [ -84.502656000007505, 39.07303000004427 ], [ -84.502656000007505, 39.072798000169641 ], [ -84.502579999839526, 39.072565000150192 ], [ -84.502548999877391, 39.072428999660559 ], [ -84.502518999740161, 39.072319999760957 ], [ -84.502505000394777, 39.07226899969249 ], [ -84.502436999724395, 39.072016999756968 ], [ -84.502242999555619, 39.07123099997294 ], [ -84.501942999979974, 39.070023999832465 ], [ -84.501752000184254, 39.069260000164512 ], [ -84.501645000054154, 39.068828000036788 ], [ -84.501621999589602, 39.068708000074558 ], [ -84.501357999998973, 39.067670999741701 ], [ -84.501157000157519, 39.066858999700742 ], [ -84.50114499956365, 39.066810999656717 ], [ -84.500956000316066, 39.066068999677199 ], [ -84.500521999947807, 39.066109999726415 ], [ -84.499827000361933, 39.066106999910794 ], [ -84.499371000252353, 39.066120000041053 ], [ -84.49911099996136, 39.066126999841956 ], [ -84.498649999828899, 39.066110999897482 ], [ -84.498633999935393, 39.065922000104457 ], [ -84.498547999721652, 39.065335000329142 ], [ -84.498973999693987, 39.065354999781611 ], [ -84.500367999961995, 39.065391000037152 ], [ -84.501255000066806, 39.065427000274326 ], [ -84.501787000344365, 39.065435999807626 ], [ -84.501958999873509, 39.065438999651818 ], [ -84.502474000432628, 39.065457000109234 ], [ -84.503040000147081, 39.0654709998418 ], [ -84.503560999655662, 39.065482999909293 ], [ -84.503835000190364, 39.065494999974753 ], [ -84.504740999663426, 39.06552700013934 ], [ -84.50525700004745, 39.065546000055839 ], [ -84.505508000117615, 39.065546000055839 ], [ -84.505698000088429, 39.066295999905904 ], [ -84.505867999967734, 39.066967000203576 ], [ -84.50611099964199, 39.067922999851213 ], [ -84.506601000086746, 39.067846999923979 ], [ -84.506902000385622, 39.06777899969952 ], [ -84.507289, 39.067689000327348 ], [ -84.507570000207309, 39.067605000344784 ], [ -84.507629999583457, 39.067587999887799 ], [ -84.507842000193875, 39.068388999781426 ], [ -84.507957999646507, 39.068824000204074 ], [ -84.508026000316889, 39.069069000175851 ], [ -84.50828300023484, 39.06997300019713 ], [ -84.508392999839685, 39.070350999900676 ], [ -84.50858199998558, 39.070999999865322 ], [ -84.508987000041543, 39.072504000152698 ], [ -84.509131999806499, 39.073071000234393 ], [ -84.509173999639287, 39.073233999989242 ], [ -84.509217000195292, 39.073395999997196 ], [ -84.509269999898748, 39.07378500018519 ], [ -84.509278000294671, 39.073836999916949 ] ] ] ] } },
{ "type": "Feature", "properties": { "mdshnocar": 24.57 }, "geometry": { "type": "MultiPolygon", "coordinates": [ [ [ [ -84.528507000398292, 39.054316000168818 ], [ -84.528289999765008, 39.054432000230136 ], [ -84.528021999976417, 39.054580000344394 ], [ -84.527893000104982, 39.054642000120914 ], [ -84.527816000112082, 39.05467199965576 ], [ -84.527657000103432, 39.054722000247274 ], [ -84.527499999744592, 39.054751999748078 ], [ -84.527286000382645, 39.054774000071525 ], [ -84.527005000175265, 39.054789000161243 ], [ -84.526816999854304, 39.054821999928919 ], [ -84.526717000295179, 39.054856000011632 ], [ -84.526465000400108, 39.05496000012208 ], [ -84.526355999721844, 39.055009999812086 ], [ -84.526036000054702, 39.055158999738708 ], [ -84.525712000189614, 39.055324000348705 ], [ -84.525563000226697, 39.055382999898221 ], [ -84.52549299990649, 39.055410000243164 ], [ -84.525309999608368, 39.055444000042833 ], [ -84.525246999859178, 39.055449000258157 ], [ -84.525210999874162, 39.055451999829138 ], [ -84.524995999789027, 39.055449999882676 ], [ -84.524718999779594, 39.055421000303269 ], [ -84.524472999732296, 39.05539599991058 ], [ -84.524183000202385, 39.055393999962526 ], [ -84.524090000315965, 39.055403999702392 ], [ -84.523938999804912, 39.055434000308637 ], [ -84.523809000108585, 39.055475999880294 ], [ -84.523746000359395, 39.05550700007965 ], [ -84.523600999696114, 39.05560500010268 ], [ -84.523479000395682, 39.055725000016871 ], [ -84.523195999640151, 39.056044999953642 ], [ -84.523074000339733, 39.056206000038365 ], [ -84.522947999943042, 39.056439999957604 ], [ -84.522872999599969, 39.056641000199249 ], [ -84.522855999881543, 39.056737999739781 ], [ -84.522834999965141, 39.056850999798812 ], [ -84.522822000444648, 39.057059999869814 ], [ -84.52283099976718, 39.057270000315967 ], [ -84.522848000383931, 39.057411000095662 ], [ -84.522886999843664, 39.057580999693172 ], [ -84.523012000415449, 39.057944999662432 ], [ -84.523133999715867, 39.058306999982278 ], [ -84.523193000165421, 39.058514000069103 ], [ -84.523205999685899, 39.058595000271488 ], [ -84.523220999754514, 39.058681999946174 ], [ -84.523213000256916, 39.058769000211228 ], [ -84.523163999853097, 39.059037000169482 ], [ -84.52315899983023, 39.05930400023815 ], [ -84.52315899983023, 39.059322999736885 ], [ -84.523169999700883, 39.05952100004653 ], [ -84.523202000386263, 39.060062000100963 ], [ -84.52320700040913, 39.060149000060647 ], [ -84.52319399999034, 39.060350000206881 ], [ -84.523141000286884, 39.060594000045711 ], [ -84.52306799959365, 39.060789000236916 ], [ -84.523685000260016, 39.060558999686137 ], [ -84.523828000375147, 39.060514000294376 ], [ -84.523933999782031, 39.0604910001137 ], [ -84.524435000097455, 39.060441000119589 ], [ -84.525042999644683, 39.060411000245608 ], [ -84.525133999881277, 39.060405999684107 ], [ -84.525245000209367, 39.060408000187799 ], [ -84.525312999981438, 39.060430999697985 ], [ -84.525394000172284, 39.060461999814521 ], [ -84.525483999685648, 39.06047400003596 ], [ -84.525842999710846, 39.060478000341831 ], [ -84.526046999925356, 39.06045800020523 ], [ -84.52609299995612, 39.06043600025771 ], [ -84.526145999659562, 39.060381999913567 ], [ -84.526163000276313, 39.060347000146429 ], [ -84.526169000124099, 39.060317999788104 ], [ -84.52626399966033, 39.06051700034773 ], [ -84.526329999782561, 39.060636000035842 ], [ -84.526462999851972, 39.060902000090486 ], [ -84.526574000180048, 39.061118999870075 ], [ -84.526657999845639, 39.06128500004511 ], [ -84.526610000165064, 39.061301999927565 ], [ -84.526251000139865, 39.061450000290328 ], [ -84.526229000398544, 39.061461000106959 ], [ -84.525914999680879, 39.061615999687092 ], [ -84.52579000000739, 39.061686000038456 ], [ -84.525616999755059, 39.061783000320922 ], [ -84.525497000104437, 39.061861000264471 ], [ -84.525265000300863, 39.062012000142673 ], [ -84.525200000003537, 39.062056999974665 ], [ -84.52301999991306, 39.063560000203829 ], [ -84.522533999666251, 39.063917000018712 ], [ -84.522443000327982, 39.063991999791384 ], [ -84.522264000227821, 39.064141000293674 ], [ -84.522145000402148, 39.064253000164605 ], [ -84.522080999929713, 39.064310999729052 ], [ -84.521840999730216, 39.064580999960135 ], [ -84.521767000110358, 39.064678999943624 ], [ -84.521642000436884, 39.064843999928627 ], [ -84.521449999917962, 39.065151000079176 ], [ -84.521350000358851, 39.065346000237938 ], [ -84.521228999985013, 39.065633000232197 ], [ -84.521122999679818, 39.06594300026142 ], [ -84.520849000043413, 39.066861000021518 ], [ -84.520791000317104, 39.067054000023425 ], [ -84.520510000109709, 39.067995999961163 ], [ -84.519763999571893, 39.070502999860189 ], [ -84.519510999851917, 39.070546000339938 ], [ -84.519034999650856, 39.070625999881436 ], [ -84.518588999586996, 39.070844999967058 ], [ -84.518103000238511, 39.070895000263896 ], [ -84.517620000364758, 39.070880000108829 ], [ -84.51709300011008, 39.070676000333471 ], [ -84.517118000224428, 39.070649000247236 ], [ -84.517127000445257, 39.070613999990904 ], [ -84.517066000345892, 39.070509999923871 ], [ -84.516736999559598, 39.070115999942999 ], [ -84.516535999718158, 39.0699080002803 ], [ -84.517319999890788, 39.069520999890209 ], [ -84.516505999580929, 39.068492000046803 ], [ -84.516264999556498, 39.068200999952325 ], [ -84.516150999753691, 39.068047000327638 ], [ -84.515595999909905, 39.067355000104193 ], [ -84.515534999810541, 39.067301000170303 ], [ -84.515427999680412, 39.067199999873019 ], [ -84.515020000149747, 39.066737999716096 ], [ -84.514688999713613, 39.066341999964664 ], [ -84.514625000139517, 39.066281000168331 ], [ -84.514317999992855, 39.066409000011831 ], [ -84.514232999604047, 39.066445999896096 ], [ -84.513963000165617, 39.066557000130032 ], [ -84.513820999875392, 39.066606999977338 ], [ -84.512877999694084, 39.065578999678422 ], [ -84.513511000253999, 39.065492000132934 ], [ -84.513632999554432, 39.065462999795663 ], [ -84.513831999746046, 39.065397999910346 ], [ -84.514532000253098, 39.065159000160676 ], [ -84.514840000224666, 39.065051999867478 ], [ -84.515020000149747, 39.064983999740306 ], [ -84.515266000197016, 39.064871000143107 ], [ -84.515605999955639, 39.064692999830484 ], [ -84.515748000245878, 39.06462699974157 ], [ -84.516155999776558, 39.064460999752413 ], [ -84.51624100016538, 39.064435000273434 ], [ -84.516473999793888, 39.063819999878405 ], [ -84.516498999908237, 39.063749000043522 ], [ -84.516590000144831, 39.063516999652997 ], [ -84.516633999627444, 39.063364999993901 ], [ -84.516668999787555, 39.063194000160607 ], [ -84.516687000229211, 39.062956000139621 ], [ -84.516293999868822, 39.062944999858416 ], [ -84.516068999737939, 39.062963999772364 ], [ -84.515942000414626, 39.062989999793174 ], [ -84.515821000040816, 39.063034999699241 ], [ -84.515321000448608, 39.063256000046039 ], [ -84.515004000256198, 39.063386999726212 ], [ -84.514815000110318, 39.063442000073181 ], [ -84.514622999591381, 39.063483000253264 ], [ -84.514385999764912, 39.06350499994879 ], [ -84.514203000365129, 39.063503999740853 ], [ -84.514013000394343, 39.063486000180454 ], [ -84.513816999677431, 39.063452000068281 ], [ -84.513574999828094, 39.063380999863284 ], [ -84.513409999971657, 39.063319000087638 ], [ -84.51332299993301, 39.063276000087512 ], [ -84.513102, 39.063126000336133 ], [ -84.512928999747714, 39.062957999873547 ], [ -84.512361000383464, 39.062286000302635 ], [ -84.511150000413565, 39.061521999883354 ], [ -84.510664999991661, 39.06157100027157 ], [ -84.510638000227488, 39.061586999850022 ], [ -84.510599999694335, 39.061598000342833 ], [ -84.510492999564207, 39.061665000010066 ], [ -84.510230999623388, 39.061818000073742 ], [ -84.510090999881314, 39.061666000244102 ], [ -84.509643000167657, 39.061161000245356 ], [ -84.509002999935049, 39.061518999872703 ], [ -84.508095999738771, 39.060345999893698 ], [ -84.507715999797185, 39.059879000317004 ], [ -84.507505999734889, 39.059588999855656 ], [ -84.506818999646626, 39.058734000341985 ], [ -84.506498000154579, 39.058313000276414 ], [ -84.50640899956781, 39.058228000014893 ], [ -84.506339999970848, 39.058211999675244 ], [ -84.506286000442472, 39.058216000109269 ], [ -84.505687000217776, 39.058430000329437 ], [ -84.505406000010368, 39.058509999651953 ], [ -84.505262000070331, 39.058527000202588 ], [ -84.50511499975724, 39.058524000064679 ], [ -84.504759000105068, 39.058464999651811 ], [ -84.504699999655529, 39.05846200020882 ], [ -84.504571999609013, 39.058467000210499 ], [ -84.50443400041506, 39.058504000072112 ], [ -84.503872999825205, 39.058774000191107 ], [ -84.5033170001565, 39.059042000130432 ], [ -84.503281000171484, 39.059060000126344 ], [ -84.503113999766896, 39.05914099970235 ], [ -84.502522999938122, 39.059395000103947 ], [ -84.502476000082439, 39.059247000316105 ], [ -84.502423000379011, 39.059168000005371 ], [ -84.502383000196048, 39.059122999727101 ], [ -84.502163000088018, 39.058950000234667 ], [ -84.502030999843512, 39.058870000015631 ], [ -84.501736000290748, 39.058738000048898 ], [ -84.501258000439861, 39.058537999777073 ], [ -84.501040999806563, 39.058420999903007 ], [ -84.500971000384695, 39.05836700011033 ], [ -84.500889000368915, 39.058286999928242 ], [ -84.500836999592082, 39.058185999987437 ], [ -84.500831999569186, 39.058115999653623 ], [ -84.500830999744267, 39.058096999830092 ], [ -84.500880000148072, 39.057981000208969 ], [ -84.500918999607819, 39.057925000203419 ], [ -84.501024999913042, 39.057811000179427 ], [ -84.501267999587284, 39.057606000009777 ], [ -84.50139200033415, 39.057511999749977 ], [ -84.501983000162951, 39.057119000061562 ], [ -84.502018000323062, 39.057096000169999 ], [ -84.502162000263098, 39.057001999928822 ], [ -84.502708999710947, 39.056671999887115 ], [ -84.50330399973771, 39.056369999985584 ], [ -84.503534999716393, 39.056265999859079 ], [ -84.505494999698826, 39.055382000272814 ], [ -84.505719000004831, 39.055296999970878 ], [ -84.505992999641208, 39.055222000029801 ], [ -84.507237000121364, 39.054981999683122 ], [ -84.507561999811386, 39.054905999775329 ], [ -84.507880999653622, 39.054814999704689 ], [ -84.50880200009361, 39.054534999932379 ], [ -84.509902999560325, 39.054178000112337 ], [ -84.511025999666685, 39.053820000235149 ], [ -84.511362000125672, 39.053711000200543 ], [ -84.512004000008091, 39.053501999983553 ], [ -84.51304199972563, 39.053170999973247 ], [ -84.513485000314716, 39.053028000083181 ], [ -84.513995999777592, 39.052864999709001 ], [ -84.514158000159284, 39.052812999874284 ], [ -84.514651999903705, 39.052655000114697 ], [ -84.515164999914674, 39.052490999910837 ], [ -84.515599000282961, 39.052346999673084 ], [ -84.515971999653544, 39.052185999858921 ], [ -84.51653800026628, 39.051942000264226 ], [ -84.516689999703956, 39.051865999875183 ], [ -84.516749999978387, 39.051828000347626 ], [ -84.516771999719708, 39.051814000002508 ], [ -84.517524000105297, 39.051335000125661 ], [ -84.517680999565812, 39.051211999976729 ], [ -84.518007999803956, 39.050915999971124 ], [ -84.518085999621761, 39.050832000262055 ], [ -84.518345000087862, 39.050938999782716 ], [ -84.518716999633526, 39.051054999810098 ], [ -84.518718000356756, 39.051081000030649 ], [ -84.518759000364639, 39.051114999821671 ], [ -84.518800000372536, 39.051134999814231 ], [ -84.518972999726572, 39.051222999993122 ], [ -84.519123000412705, 39.05128200017851 ], [ -84.519479999889782, 39.051335000125661 ], [ -84.519720000089279, 39.05139000009455 ], [ -84.519822000196541, 39.051431000297185 ], [ -84.519883000295906, 39.051447000080543 ], [ -84.520001000296702, 39.051460999800838 ], [ -84.520363999621509, 39.051449999821507 ], [ -84.520532999675936, 39.051475999896695 ], [ -84.520604999645954, 39.051497000165021 ], [ -84.520640999630956, 39.051508999817266 ], [ -84.520674999966147, 39.05152100016511 ], [ -84.52073299969247, 39.051545000156985 ], [ -84.520816000431452, 39.051565999707222 ], [ -84.521038000189307, 39.051578999724626 ], [ -84.521111999809165, 39.051589000004704 ], [ -84.52117200008361, 39.051608000184153 ], [ -84.521264999970029, 39.051651999992629 ], [ -84.521443000245256, 39.051725999862391 ], [ -84.521542999804382, 39.051764999819085 ], [ -84.521711000033875, 39.051863999827162 ], [ -84.521880000088274, 39.051955000212416 ], [ -84.521964999578756, 39.051966000113083 ], [ -84.521994999716, 39.051955000212416 ], [ -84.52202400002831, 39.051938999846527 ], [ -84.522044000119806, 39.051927999941711 ], [ -84.522076999731752, 39.051925999895381 ], [ -84.522090000150556, 39.051929000313635 ], [ -84.522146000227053, 39.051942999938376 ], [ -84.522172999991227, 39.051945999658287 ], [ -84.522276999748314, 39.051959999977228 ], [ -84.522337000022759, 39.051976000338364 ], [ -84.522384999703334, 39.052009999698519 ], [ -84.522562999978561, 39.052175999663376 ], [ -84.522773999865763, 39.05229599982367 ], [ -84.522957000163871, 39.052386999652335 ], [ -84.523136000264003, 39.052486999850075 ], [ -84.5231770002719, 39.052519999995866 ], [ -84.523296000097588, 39.052644999985567 ], [ -84.523446999710316, 39.052818999937664 ], [ -84.523587000350702, 39.052964999927568 ], [ -84.523809000108585, 39.053142000155546 ], [ -84.523877999705547, 39.053199999779032 ], [ -84.523933999782031, 39.053278000135741 ], [ -84.523970999591953, 39.053284000159614 ], [ -84.524016999622717, 39.053379999774577 ], [ -84.524055999980774, 39.053425999878158 ], [ -84.524092999790696, 39.053441000254217 ], [ -84.524199999920825, 39.05346100028563 ], [ -84.524245999951575, 39.053483999966005 ], [ -84.524276000088804, 39.053530000001793 ], [ -84.524283999586402, 39.05357499965902 ], [ -84.524322999944474, 39.053617000336381 ], [ -84.524384000043838, 39.053661000288351 ], [ -84.524445000143189, 39.053717999836614 ], [ -84.524475000280432, 39.053769000054324 ], [ -84.524475000280432, 39.053850000119141 ], [ -84.52448299977803, 39.053889999944694 ], [ -84.524613000372696, 39.053889000298092 ], [ -84.524718999779594, 39.053948999994759 ], [ -84.524773000206253, 39.054000000045647 ], [ -84.524834000305631, 39.054113999944029 ], [ -84.524857999696778, 39.054135999768633 ], [ -84.525039000345032, 39.054285000144255 ], [ -84.525055000238581, 39.054308000253805 ], [ -84.525116000337931, 39.054345000202019 ], [ -84.5251919996076, 39.054378000177181 ], [ -84.525292000065036, 39.054409000160966 ], [ -84.525398000370231, 39.054432000230136 ], [ -84.525482000035836, 39.054448000031158 ], [ -84.525550999632799, 39.054448999669837 ], [ -84.525635000196701, 39.054461000215639 ], [ -84.525687999900157, 39.054461000215639 ], [ -84.525771999565748, 39.054463000190175 ], [ -84.525868999650129, 39.054438000155919 ], [ -84.525939999795241, 39.054426000303799 ], [ -84.526016999788126, 39.054432000230136 ], [ -84.526084999560197, 39.054424000328218 ], [ -84.526252999789676, 39.054378000177181 ], [ -84.526320999561733, 39.054347999819889 ], [ -84.526473999722612, 39.054328999680017 ], [ -84.526556999563297, 39.054330999658283 ], [ -84.526733000188699, 39.054343999864315 ], [ -84.526867999907921, 39.054347999819889 ], [ -84.527184000275398, 39.054361999662653 ], [ -84.527313000146833, 39.054386999723818 ], [ -84.527328000215448, 39.054401000256441 ], [ -84.527366999675209, 39.054415999727851 ], [ -84.527450000414191, 39.054426000303799 ], [ -84.527626000141282, 39.054411999776129 ], [ -84.527672000172032, 39.054399000280156 ], [ -84.527755999837623, 39.054388000060911 ], [ -84.527825000332911, 39.054357999707868 ], [ -84.527884999709059, 39.054359000045366 ], [ -84.527917000394424, 39.054343000224144 ], [ -84.527985000166481, 39.054316000168818 ], [ -84.528016000128616, 39.054308000253805 ], [ -84.528396999895136, 39.054215000128657 ], [ -84.528507000398292, 39.054316000168818 ] ] ] ] } },
{ "type": "Feature", "properties": { "mdshnocar": 0.988 }, "geometry": { "type": "MultiPolygon", "coordinates": [ [ [ [ -84.615663999867678, 38.802276999794131 ], [ -84.614652999914313, 38.806691000094453 ], [ -84.614161999644637, 38.808837999750693 ], [ -84.612554000014711, 38.815860000175924 ], [ -84.612117999996599, 38.817764999982707 ], [ -84.611681999978515, 38.819667000163086 ], [ -84.610809000117413, 38.823479000100114 ], [ -84.61054999965134, 38.82460699969694 ], [ -84.610492999749923, 38.824858000240262 ], [ -84.610436999673425, 38.825105000287493 ], [ -84.609831999600928, 38.827739999739961 ], [ -84.609438000313958, 38.829462000144936 ], [ -84.609349999552094, 38.829847999902903 ], [ -84.608959999564732, 38.831517999659276 ], [ -84.608552999858958, 38.833261000274362 ], [ -84.60854600018628, 38.833293999752634 ], [ -84.608540000338493, 38.83331900021664 ], [ -84.608187000161081, 38.834827000320722 ], [ -84.608140000305397, 38.835030999932336 ], [ -84.608125000236811, 38.835100999780956 ], [ -84.607876999641363, 38.8361959997466 ], [ -84.606798999740846, 38.840932000265958 ], [ -84.606499000165186, 38.842256000159054 ], [ -84.606433999867861, 38.842541999797334 ], [ -84.606390000385247, 38.842738000343665 ], [ -84.606267000361612, 38.843279999928932 ], [ -84.605694000076156, 38.84580100021649 ], [ -84.605513000326198, 38.846592999939034 ], [ -84.60470099966615, 38.85013200032229 ], [ -84.604690999620416, 38.850178000303274 ], [ -84.604678000099923, 38.850234000300794 ], [ -84.60400600008029, 38.853166000253971 ], [ -84.603994000384716, 38.853217999867702 ], [ -84.603833999652849, 38.853918000330765 ], [ -84.603816999934395, 38.853991999875156 ], [ -84.60348499967337, 38.855437999740325 ], [ -84.603159999983362, 38.856856000112742 ], [ -84.603092000211291, 38.857150999963963 ], [ -84.602473999720019, 38.859847000191408 ], [ -84.602159999900678, 38.861216000172391 ], [ -84.602128000113623, 38.861356000041013 ], [ -84.60193099957182, 38.862211999657795 ], [ -84.601827999639653, 38.862666000343559 ], [ -84.601812999571024, 38.862731999989343 ], [ -84.601801999700371, 38.862778999763265 ], [ -84.601657999760334, 38.863376999979089 ], [ -84.601485000406285, 38.864098999923975 ], [ -84.600927000189458, 38.866434999855436 ], [ -84.600516000285708, 38.868148999723857 ], [ -84.600333999812534, 38.868907999862259 ], [ -84.600315000444269, 38.868989999780055 ], [ -84.59995600041907, 38.870552999823452 ], [ -84.599819000151712, 38.871160000164458 ], [ -84.599215999729054, 38.873798000270106 ], [ -84.598818000244094, 38.875544999700622 ], [ -84.598742999901035, 38.875875999839749 ], [ -84.59845800039399, 38.877123999705326 ], [ -84.598418000211026, 38.877303000026124 ], [ -84.598120000285178, 38.878606000014763 ], [ -84.5980800001022, 38.878778999963075 ], [ -84.597931999964217, 38.879430999908379 ], [ -84.598461999693626, 38.882388000162337 ], [ -84.598496999853722, 38.882579000141781 ], [ -84.598564999625793, 38.882958000067177 ], [ -84.598776000411291, 38.884132999709664 ], [ -84.598964999658875, 38.885177000045928 ], [ -84.599008000214909, 38.885404999717906 ], [ -84.599086999857604, 38.885850999733222 ], [ -84.599213000254295, 38.886548000128244 ], [ -84.599428000339472, 38.887742999864514 ], [ -84.599199000010614, 38.887915000047606 ], [ -84.598949999590261, 38.888108000334526 ], [ -84.598761000342705, 38.888231000160431 ], [ -84.598501999876603, 38.888363000163075 ], [ -84.598229000065118, 38.888473000327487 ], [ -84.597991000413771, 38.888551999692154 ], [ -84.597745000366459, 38.888612999654789 ], [ -84.597410999557297, 38.888644000257649 ], [ -84.597186000324726, 38.888665999797624 ], [ -84.596967000041616, 38.888675000147742 ], [ -84.596741999910719, 38.888662000263139 ], [ -84.596526999825542, 38.88864000002274 ], [ -84.596324000334278, 38.888604999880457 ], [ -84.595977000004638, 38.888502999707164 ], [ -84.595694999972338, 38.888401999973908 ], [ -84.595439999704197, 38.888270000043725 ], [ -84.595067000333614, 38.888066999879051 ], [ -84.594560000170418, 38.887794000165528 ], [ -84.594182999703563, 38.88765700031604 ], [ -84.593724999944158, 38.887547000286489 ], [ -84.593189000366948, 38.887487999908068 ], [ -84.592394000323651, 38.887474999806237 ], [ -84.591956999582337, 38.887482999707835 ], [ -84.591488999777198, 38.887545999687958 ], [ -84.591025999994912, 38.887691000328886 ], [ -84.590657999748885, 38.887860000253923 ], [ -84.587817000407753, 38.889261999934192 ], [ -84.587323999589941, 38.889549999766153 ], [ -84.587027000387323, 38.88978300012559 ], [ -84.586758999700407, 38.890058000313736 ], [ -84.584888000304744, 38.892380000348467 ], [ -84.584525999906475, 38.892706999668484 ], [ -84.583997000001972, 38.893063000008937 ], [ -84.58361299986241, 38.893311000102898 ], [ -84.583304000065937, 38.89347800030982 ], [ -84.582933000345179, 38.893629000309538 ], [ -84.58207200017965, 38.89389300028332 ], [ -84.581661000275901, 38.894044999907777 ], [ -84.581315999596086, 38.894203000138596 ], [ -84.580805000133253, 38.894471999784834 ], [ -84.580234000395933, 38.894771999836358 ], [ -84.579914999655401, 38.89488700024264 ], [ -84.579401999644404, 38.894993000215003 ], [ -84.578873999564806, 38.895008999722201 ], [ -84.578168000108292, 38.894923999677111 ], [ -84.576680999953851, 38.894691999899919 ], [ -84.575454999915351, 38.894501000325242 ], [ -84.573684999903705, 38.894146999813763 ], [ -84.572543000429093, 38.893979999781621 ], [ -84.572321999597847, 38.893964999851597 ], [ -84.572074999725643, 38.89396599966058 ], [ -84.571780000172836, 38.893993999899855 ], [ -84.571359000223381, 38.894084000094793 ], [ -84.5709590001903, 38.894232000089659 ], [ -84.570565999829896, 38.894453999853297 ], [ -84.570273999751848, 38.894691999899919 ], [ -84.569754999893092, 38.895269000297972 ], [ -84.56941400030955, 38.895593000242592 ], [ -84.568973000268571, 38.895891000190026 ], [ -84.568667999771748, 38.896044999991865 ], [ -84.567726000313669, 38.896380000214378 ], [ -84.566301999908433, 38.89684800033988 ], [ -84.565947999906115, 38.896948000181901 ], [ -84.565603999949516, 38.89701199992296 ], [ -84.565270999863586, 38.897050000113353 ], [ -84.564850999739022, 38.897064000325607 ], [ -84.564384999583694, 38.897047000117468 ], [ -84.564068000289609, 38.897038000129037 ], [ -84.56377299983852, 38.897052000343599 ], [ -84.5634899999813, 38.897085000289145 ], [ -84.563207000124081, 38.897136999939185 ], [ -84.562968999574395, 38.897193000003703 ], [ -84.562754000387542, 38.897258999748416 ], [ -84.56263700021168, 38.897299000029932 ], [ -84.562407999882822, 38.897395999954888 ], [ -84.562262000292961, 38.897466999707845 ], [ -84.56188099962813, 38.897679000182343 ], [ -84.561069999691327, 38.898152000285428 ], [ -84.560513000197716, 38.898499999840979 ], [ -84.560261000302646, 38.898703000250642 ], [ -84.560030000323962, 38.89893800012414 ], [ -84.559970000049489, 38.899010000170691 ], [ -84.559858999721413, 38.89917299991901 ], [ -84.559672999948575, 38.899484999959277 ], [ -84.559117000279898, 38.900533999759659 ], [ -84.558934999806709, 38.900904999880794 ], [ -84.55884000027045, 38.901174999715003 ], [ -84.558788000391914, 38.901421999741252 ], [ -84.558773000323299, 38.901571000224664 ], [ -84.558768000300432, 38.901758999862992 ], [ -84.558827999676581, 38.902744999899099 ], [ -84.558832999699433, 38.90311700003209 ], [ -84.558773000323299, 38.903390999947206 ], [ -84.558744999835895, 38.903451000073247 ], [ -84.558722000269682, 38.903505000003513 ], [ -84.558629000383263, 38.903661000115029 ], [ -84.558530999575652, 38.903784000270534 ], [ -84.55840199970423, 38.903905000175804 ], [ -84.558301000320199, 38.903981999817439 ], [ -84.558045000227168, 38.904138999944848 ], [ -84.55778499993616, 38.904264999662338 ], [ -84.557276000123125, 38.904530999962759 ], [ -84.556614999974144, 38.904912000215511 ], [ -84.556370999576671, 38.905053999999453 ], [ -84.55620700044345, 38.905138000151545 ], [ -84.55581499990798, 38.905298000166177 ], [ -84.555569999685588, 38.905378999686569 ], [ -84.555320000338668, 38.905441999871087 ], [ -84.555086999811849, 38.905491000053566 ], [ -84.554977000206989, 38.905506000345213 ], [ -84.554649000143911, 38.905544000184385 ], [ -84.554246999562707, 38.905552999793791 ], [ -84.552505999863385, 38.905512999967577 ], [ -84.55182899982087, 38.905516999951217 ], [ -84.55174900035324, 38.905518999942956 ], [ -84.551292000418755, 38.905544000184385 ], [ -84.550796999951103, 38.905587000327351 ], [ -84.550464999690092, 38.905607999867492 ], [ -84.549944000181497, 38.905672999836135 ], [ -84.549565999889722, 38.905731999788451 ], [ -84.548969000213148, 38.905823999770192 ], [ -84.548322000307849, 38.905934999794688 ], [ -84.547918999901725, 38.905994000228269 ], [ -84.547201999676233, 38.906120999786737 ], [ -84.54656099961872, 38.906222000187071 ], [ -84.546428000447662, 38.906237000324261 ], [ -84.546141000392481, 38.906287999928097 ], [ -84.545457999603855, 38.906383000189038 ], [ -84.545106000149673, 38.906429000122529 ], [ -84.544681999827134, 38.906454999676654 ], [ -84.544715000337419, 38.905835999667858 ], [ -84.544691000047976, 38.905326999780712 ], [ -84.544598000161557, 38.904845999894285 ], [ -84.544502999727001, 38.904526000263282 ], [ -84.544494000404498, 38.904493999941266 ], [ -84.544323999626869, 38.904115999938988 ], [ -84.544076999754651, 38.903699000242653 ], [ -84.543620999645071, 38.90311200023303 ], [ -84.542930000257172, 38.902460999898736 ], [ -84.542512999607339, 38.902109000005503 ], [ -84.542252000389738, 38.901809000188706 ], [ -84.542018000038013, 38.901470999901925 ], [ -84.541782999861383, 38.900948999747712 ], [ -84.541627000225759, 38.900493000185079 ], [ -84.541535999989151, 38.900101999966616 ], [ -84.541464000019147, 38.899135000165522 ], [ -84.541448000125598, 38.89890199972389 ], [ -84.541443999927651, 38.898681000323855 ], [ -84.541436000430053, 38.898510000088265 ], [ -84.541433000057012, 38.898303000135314 ], [ -84.541412999965502, 38.897970000099868 ], [ -84.541381000178447, 38.897688000089545 ], [ -84.541356000064098, 38.897567000076464 ], [ -84.541286999568811, 38.897343999795396 ], [ -84.541193999682392, 38.897136999939185 ], [ -84.540990000366207, 38.896837000089931 ], [ -84.540781000128831, 38.896557000019428 ], [ -84.540679000021584, 38.896396000108226 ], [ -84.540581999937217, 38.896205999999665 ], [ -84.540170000208576, 38.895128000313576 ], [ -84.539985000260643, 38.894572999976326 ], [ -84.539949000275627, 38.894332999923293 ], [ -84.539945999902571, 38.894128999799904 ], [ -84.540058999880472, 38.892587999914852 ], [ -84.54006999975114, 38.892283999697725 ], [ -84.540089000017701, 38.892092000104569 ], [ -84.540098000238544, 38.891757999772253 ], [ -84.540135999873371, 38.891104999827377 ], [ -84.540160000162814, 38.889947999806907 ], [ -84.54015000011708, 38.889794000069664 ], [ -84.540109999934103, 38.889569000112168 ], [ -84.540078000147048, 38.889471999985219 ], [ -84.540015000397858, 38.88932899993133 ], [ -84.539940000054798, 38.889190999669978 ], [ -84.539812999833188, 38.889013999687052 ], [ -84.539765000152613, 38.888919999840773 ], [ -84.539510999709393, 38.888560000171651 ], [ -84.538699999772575, 38.887354999775994 ], [ -84.538394000349143, 38.886928999674637 ], [ -84.538278999823092, 38.886787999915484 ], [ -84.538143000278978, 38.886660000129829 ], [ -84.538021000080235, 38.886564000139273 ], [ -84.537703999887825, 38.886357000329994 ], [ -84.537420000205685, 38.886191000080963 ], [ -84.537178000356363, 38.886051000175982 ], [ -84.536954999875292, 38.885909000150356 ], [ -84.536732000292517, 38.885746000027098 ], [ -84.536420999947907, 38.885464999657202 ], [ -84.536287000053591, 38.885320999997525 ], [ -84.536134999717646, 38.885136999929834 ], [ -84.535936000424329, 38.884850000324754 ], [ -84.535820000073372, 38.8846680003155 ], [ -84.535788000286317, 38.884617999808704 ], [ -84.535630999927477, 38.884335999927622 ], [ -84.535555999584417, 38.884181999911824 ], [ -84.535476000116788, 38.883961000159516 ], [ -84.535374999834445, 38.883502000037424 ], [ -84.535328999803696, 38.883270000014484 ], [ -84.535220999848661, 38.882796000132416 ], [ -84.535163999947244, 38.882440000083122 ], [ -84.535165999597069, 38.882204000190804 ], [ -84.535242999589968, 38.881509999788079 ], [ -84.535319999582867, 38.880966999942636 ], [ -84.535338999849429, 38.880733000043477 ], [ -84.53545199982733, 38.879773000227075 ], [ -84.535481000139654, 38.879482999895302 ], [ -84.535476999941693, 38.878895999729778 ], [ -84.535460000223253, 38.878558000188946 ], [ -84.535430000086038, 38.878021999698205 ], [ -84.535425999888091, 38.877761000294555 ], [ -84.535450000177519, 38.87683799995267 ], [ -84.535492999835228, 38.876028000251281 ], [ -84.535553000109672, 38.875636000258041 ], [ -84.535616999683796, 38.875380000137262 ], [ -84.535686000179084, 38.875152999840651 ], [ -84.535769999844661, 38.874939999895005 ], [ -84.535819000248452, 38.874844000154106 ], [ -84.536095000432994, 38.874434999899499 ], [ -84.53674499981301, 38.873566000035304 ], [ -84.537164000112654, 38.872990999803342 ], [ -84.537416000007738, 38.872667000277573 ], [ -84.537666000252997, 38.872378999847754 ], [ -84.538002999638564, 38.872003999921397 ], [ -84.538204000378357, 38.871758999945378 ], [ -84.538339999922471, 38.871561000087127 ], [ -84.538766999719726, 38.870783999966193 ], [ -84.539955999948305, 38.86875699977459 ], [ -84.540033999766123, 38.86858299974363 ], [ -84.54008700036789, 38.868435000170003 ], [ -84.540121999629662, 38.868147000078643 ], [ -84.540106999561047, 38.867931000293552 ], [ -84.540036000314245, 38.867666999664976 ], [ -84.539920999788208, 38.867340999983952 ], [ -84.539811000183363, 38.867063000134841 ], [ -84.539684999786672, 38.866775000080594 ], [ -84.539461000378978, 38.866330000136195 ], [ -84.539329000134515, 38.866085000188079 ], [ -84.539129000117981, 38.865755000122547 ], [ -84.538657000114867, 38.86492700029833 ], [ -84.538430000334145, 38.864402999732079 ], [ -84.537985999920124, 38.863279000227472 ], [ -84.537749999918589, 38.862641999948508 ], [ -84.537520999589731, 38.861983999717495 ], [ -84.537380999847642, 38.861656000030393 ], [ -84.537205999945456, 38.861312000132024 ], [ -84.537041999913924, 38.861025000136941 ], [ -84.536559000040185, 38.860184999875315 ], [ -84.536257999741295, 38.859671999746539 ], [ -84.536075000341484, 38.859331999829521 ], [ -84.535984000104918, 38.859113999945045 ], [ -84.535917000157767, 38.858866000104491 ], [ -84.535888999670348, 38.85852999966297 ], [ -84.535897000066257, 38.858344000259841 ], [ -84.53594399992194, 38.858124000217472 ], [ -84.536070000318631, 38.857794000276812 ], [ -84.536241999847761, 38.857390000074815 ], [ -84.536280000380927, 38.857240999959508 ], [ -84.536292999901377, 38.85716099973591 ], [ -84.536297000099339, 38.856996000170994 ], [ -84.536249000418763, 38.856795000171047 ], [ -84.536096000257899, 38.856305000174757 ], [ -84.536030999960559, 38.856004999995527 ], [ -84.53600300037148, 38.855344000250653 ], [ -84.535979000082037, 38.854501000346055 ], [ -84.535911000309966, 38.854051000080645 ], [ -84.535823000446413, 38.853571000343706 ], [ -84.535799999981876, 38.853426999720952 ], [ -84.535759999798913, 38.853137000331792 ], [ -84.535736000407795, 38.852962999850888 ], [ -84.535711000293432, 38.852636000219889 ], [ -84.535722999988991, 38.852450000092759 ], [ -84.535763999996874, 38.852165999802828 ], [ -84.535837999616717, 38.851904000204854 ], [ -84.535928999853311, 38.851697999885914 ], [ -84.536112000151419, 38.851359999741064 ], [ -84.536178000273651, 38.851236999761667 ], [ -84.53622599995424, 38.851131000274229 ], [ -84.536307000145101, 38.850900999655266 ], [ -84.536333000084355, 38.850751000219695 ], [ -84.536337000282302, 38.850654999995157 ], [ -84.536324999688432, 38.850470000005942 ], [ -84.536287000053591, 38.850285999959233 ], [ -84.536191999619035, 38.850048999916325 ], [ -84.53611799999922, 38.849919000265871 ], [ -84.53597300023425, 38.849730000135033 ], [ -84.535095000350267, 38.848852000023619 ], [ -84.534994000067954, 38.848753000098533 ], [ -84.534106999963129, 38.847877000037435 ], [ -84.533708999579886, 38.847467000192438 ], [ -84.533454000210071, 38.847160000041207 ], [ -84.533173000002677, 38.846769999930409 ], [ -84.532783000015328, 38.846168000165534 ], [ -84.532660999816599, 38.845939999861343 ], [ -84.532598000067409, 38.845786999698603 ], [ -84.532542999815817, 38.845596999994221 ], [ -84.532510000203843, 38.845349999689908 ], [ -84.532516000051643, 38.845112000197211 ], [ -84.53253899961787, 38.844925000187182 ], [ -84.532569999580005, 38.84475499981518 ], [ -84.532594999694368, 38.844619000064711 ], [ -84.532808000129677, 38.843662000344715 ], [ -84.532863000381269, 38.843401000031633 ], [ -84.532900000191205, 38.843168999960184 ], [ -84.532923999582323, 38.842960000053388 ], [ -84.532938999650938, 38.842683999704469 ], [ -84.532932999803165, 38.842459000331402 ], [ -84.532951000244822, 38.842139000261895 ], [ -84.532986000404932, 38.841877999959607 ], [ -84.533034999910413, 38.841689000156315 ], [ -84.533090999986911, 38.841514999660433 ], [ -84.533167000154876, 38.841346999935951 ], [ -84.533282999607536, 38.841136999722615 ], [ -84.533605999647719, 38.840602000326612 ], [ -84.53370199990718, 38.840383999709637 ], [ -84.533773999877212, 38.84019299970501 ], [ -84.533916999992343, 38.839715999835782 ], [ -84.53403699964295, 38.839285000294829 ], [ -84.534154999643718, 38.838924999713257 ], [ -84.534218000291219, 38.838764999958627 ], [ -84.534404999888977, 38.838374000120375 ], [ -84.534702999814797, 38.837809999670554 ], [ -84.534895000333748, 38.837440000279827 ], [ -84.535105000396015, 38.836997999832562 ], [ -84.535189000061621, 38.836761000306446 ], [ -84.535317000108137, 38.836174999982418 ], [ -84.535383000230368, 38.835868000089704 ], [ -84.535478999591504, 38.835505999852707 ], [ -84.535661999889626, 38.834949999981625 ], [ -84.535909999586735, 38.83425099966064 ], [ -84.536183000296532, 38.833466000136205 ], [ -84.536256000091456, 38.833228000080972 ], [ -84.536322000213715, 38.832978000324374 ], [ -84.536358000198703, 38.832775999666971 ], [ -84.536343000130117, 38.832466999859236 ], [ -84.536319999665551, 38.832329999739478 ], [ -84.536275000358046, 38.832165999938923 ], [ -84.536153999984222, 38.831847999735338 ], [ -84.536076000166403, 38.831731000220593 ], [ -84.536071999968456, 38.831658999885342 ], [ -84.536019000265, 38.831489000009903 ], [ -84.535799000156985, 38.830985000018366 ], [ -84.534910000402363, 38.829070000261069 ], [ -84.534793000226486, 38.828791999874234 ], [ -84.534742999997775, 38.828673000179826 ], [ -84.534677999700435, 38.82848300026717 ], [ -84.533872999611418, 38.826262999770428 ], [ -84.532844000114693, 38.823387999982792 ], [ -84.532797000259038, 38.823276999782159 ], [ -84.532736000159673, 38.82317099993346 ], [ -84.532635999702237, 38.823034000119748 ], [ -84.532531999945164, 38.822938000292453 ], [ -84.532414999769316, 38.822859000096898 ], [ -84.532249000087958, 38.822783000144973 ], [ -84.532059999942064, 38.82272899976153 ], [ -84.531842000382184, 38.822684999755708 ], [ -84.531167999814386, 38.822584000291791 ], [ -84.530285999732456, 38.822441000057353 ], [ -84.529931999730124, 38.82236800000809 ], [ -84.529622000108745, 38.822289999997331 ], [ -84.529169000372207, 38.822157999784466 ], [ -84.528011999930655, 38.821800000308322 ], [ -84.527734999921222, 38.821705999768248 ], [ -84.527468999782457, 38.821601999934536 ], [ -84.527139999894473, 38.821439000044265 ], [ -84.526881000326696, 38.821290000221758 ], [ -84.526015999963221, 38.820697000332835 ], [ -84.52486299971963, 38.819892999652389 ], [ -84.524635999938909, 38.81975599983079 ], [ -84.5243880002418, 38.819619999900539 ], [ -84.523677999688999, 38.819268999981524 ], [ -84.52338099958807, 38.819102999863951 ], [ -84.523224999952475, 38.818993000146236 ], [ -84.523012000415449, 38.818802000131022 ], [ -84.521673000399048, 38.817344999763655 ], [ -84.521480999880097, 38.817091999652824 ], [ -84.521295000107258, 38.816693999778522 ], [ -84.521194999649822, 38.816459000243434 ], [ -84.521091999717683, 38.816240999874196 ], [ -84.520976000265037, 38.816053000092261 ], [ -84.520888000401484, 38.815939999943595 ], [ -84.520736999890431, 38.815792000022782 ], [ -84.520608999843915, 38.815686000231018 ], [ -84.520443999987464, 38.815570000264835 ], [ -84.520115000099494, 38.815393999883035 ], [ -84.519836000440236, 38.815250999908713 ], [ -84.519602000088526, 38.815098999782791 ], [ -84.519419999615309, 38.814944000070945 ], [ -84.519031000351205, 38.814571999666185 ], [ -84.518889999885886, 38.814405999799412 ], [ -84.518815000441137, 38.814297000055916 ], [ -84.51862000044747, 38.813930999780418 ], [ -84.51852800038597, 38.813758999796931 ], [ -84.518426000278708, 38.813617000278853 ], [ -84.518324000171475, 38.813509000268574 ], [ -84.518217000041346, 38.81342700008662 ], [ -84.518093000192778, 38.813344999810205 ], [ -84.517981000039782, 38.813286000150484 ], [ -84.517858000016147, 38.813238000331928 ], [ -84.517723000296925, 38.813195000306592 ], [ -84.517459999632877, 38.813135000276738 ], [ -84.516262999906672, 38.812920000279568 ], [ -84.515400000091319, 38.81274000004332 ], [ -84.514673999644998, 38.812608000327636 ], [ -84.512911000204383, 38.812345999976344 ], [ -84.511776000402463, 38.81222899991166 ], [ -84.511463000408014, 38.812200000105214 ], [ -84.511347000057057, 38.812184000158645 ], [ -84.511081999743197, 38.812128999877501 ], [ -84.510895000145439, 38.812068000088757 ], [ -84.510618999960911, 38.811956000179904 ], [ -84.510295000095823, 38.811797000269387 ], [ -84.508711999681921, 38.810956999764748 ], [ -84.508417999954048, 38.810817999696006 ], [ -84.508309999999028, 38.810774000030719 ], [ -84.50798299976087, 38.810682999777548 ], [ -84.507704000101612, 38.810637000166906 ], [ -84.507104000051996, 38.810580000227709 ], [ -84.506854999631642, 38.810572999654838 ], [ -84.506708000216861, 38.81057799966409 ], [ -84.506488999933751, 38.810585999818166 ], [ -84.50532200034479, 38.810674000053929 ], [ -84.504252999766791, 38.810777000167839 ], [ -84.504034000381992, 38.810785999878497 ], [ -84.504003000419857, 38.810785999878497 ], [ -84.503829000342577, 38.810784000020675 ], [ -84.503670000333912, 38.81077299975162 ], [ -84.503342000270862, 38.810725000339609 ], [ -84.503108999744043, 38.810672000192945 ], [ -84.502968000177049, 38.810630000299632 ], [ -84.502691000167601, 38.810521999960272 ], [ -84.502577000364795, 38.810468999662582 ], [ -84.502265000195251, 38.810286000074832 ], [ -84.500968000011625, 38.809449999742817 ], [ -84.500618000207268, 38.809241000226891 ], [ -84.500537000016422, 38.809199999791026 ], [ -84.500186000387131, 38.809056999981379 ], [ -84.499766000262568, 38.808919000010377 ], [ -84.499398999841446, 38.808814000096788 ], [ -84.498910000119892, 38.808721999832031 ], [ -84.498326999788716, 38.808632000066723 ], [ -84.497793999686252, 38.808562000092898 ], [ -84.497633000027761, 38.808553000101263 ], [ -84.497436000384269, 38.808558999862441 ], [ -84.497320000033312, 38.808574999923202 ], [ -84.49714099993318, 38.808610000262327 ], [ -84.496611000203757, 38.808755000184142 ], [ -84.496545000081497, 38.8087660000648 ], [ -84.49636799963119, 38.808787999820964 ], [ -84.496266000422239, 38.808789000127931 ], [ -84.496058999834702, 38.808771999808037 ], [ -84.495938000359203, 38.808742999994237 ], [ -84.495746999665172, 38.808664999760516 ], [ -84.495587999656507, 38.8085730000033 ], [ -84.495457000135261, 38.808474999659509 ], [ -84.495319999867903, 38.808351000145578 ], [ -84.495175000102947, 38.808177000057292 ], [ -84.494724000016234, 38.807500000232359 ], [ -84.49463500032779, 38.807384999861732 ], [ -84.494498000060432, 38.807241000280264 ], [ -84.49432099961011, 38.807079000053186 ], [ -84.492162000334346, 38.805320000327455 ], [ -84.491996999579598, 38.805166999652975 ], [ -84.491859000385659, 38.80499599986932 ], [ -84.491794000088333, 38.8048790003335 ], [ -84.491748999882475, 38.804774999729247 ], [ -84.491635999904574, 38.804399000047454 ], [ -84.491599000094666, 38.804301999932356 ], [ -84.491538999820193, 38.804182000242257 ], [ -84.491480000268965, 38.804088999923408 ], [ -84.48971899957985, 38.801838999681216 ], [ -84.489518999563302, 38.801595999680181 ], [ -84.489418000179285, 38.801493000293952 ], [ -84.489256999622484, 38.801356999795608 ], [ -84.489083000443529, 38.801239000172139 ], [ -84.48890099997034, 38.801142999669807 ], [ -84.48862999980868, 38.801021999844266 ], [ -84.488001000345065, 38.800761000006943 ], [ -84.487110000042279, 38.800377999971545 ], [ -84.486891999584088, 38.800268000039651 ], [ -84.486710999834116, 38.800152000169419 ], [ -84.486608999726869, 38.800072000173003 ], [ -84.48650499996981, 38.799981999982208 ], [ -84.48639600018987, 38.799872000139146 ], [ -84.486326999694555, 38.799786999762254 ], [ -84.485997999806585, 38.7993130000185 ], [ -84.485885999653604, 38.799164999857268 ], [ -84.485776000048745, 38.799053999709734 ], [ -84.485656000398137, 38.798940999899074 ], [ -84.485509999909965, 38.798832000296095 ], [ -84.484435000382504, 38.798090000309067 ], [ -84.484218999574125, 38.79797099971784 ], [ -84.484055000440904, 38.797865000012223 ], [ -84.484119000015014, 38.797856999829882 ], [ -84.485494000016431, 38.797688000231567 ], [ -84.486525999886197, 38.797561999918187 ], [ -84.48686800019297, 38.797519999997554 ], [ -84.488688000433314, 38.797295999769617 ], [ -84.490508999600266, 38.797073000009185 ], [ -84.490533999714614, 38.797069999995124 ], [ -84.491969999815424, 38.796893000340411 ], [ -84.493430000205663, 38.796713999993344 ], [ -84.494224000424055, 38.796617999696338 ], [ -84.495016999919216, 38.796521999970111 ], [ -84.495195000194443, 38.796499999927107 ], [ -84.495831000229074, 38.796420000031787 ], [ -84.496647000188773, 38.796318999729401 ], [ -84.499332999719201, 38.795990000018627 ], [ -84.499530000261018, 38.795966000237826 ], [ -84.502306000203134, 38.795624000207276 ], [ -84.502769999810326, 38.795567999951771 ], [ -84.503232999592598, 38.795510999859033 ], [ -84.503779000113852, 38.795442000091128 ], [ -84.504324999736809, 38.795373000256419 ], [ -84.504523000103532, 38.795349000267805 ], [ -84.505101000411827, 38.795280000343062 ], [ -84.505878000013482, 38.795185999810471 ], [ -84.507551999765639, 38.794979999863244 ], [ -84.509224999692904, 38.79477400002078 ], [ -84.511798000143756, 38.794457999785081 ], [ -84.514372000419527, 38.794142000248819 ], [ -84.514964000073221, 38.794068999901896 ], [ -84.514979000141849, 38.794067000274985 ], [ -84.516211999853056, 38.793914999759359 ], [ -84.517446000287478, 38.793764000137557 ], [ -84.517862000214095, 38.793713000313616 ], [ -84.518277000315791, 38.793661999752963 ], [ -84.518700999740005, 38.793609000216293 ], [ -84.518772999710023, 38.79359999973623 ], [ -84.518791000151694, 38.793598000096111 ], [ -84.51882799996163, 38.793594000115647 ], [ -84.518851000426153, 38.79359099995515 ], [ -84.518899000106728, 38.793586000154058 ], [ -84.518934000266825, 38.793582000172918 ], [ -84.518970000251826, 38.793576999671089 ], [ -84.520730000217739, 38.793359999817746 ], [ -84.523529999550988, 38.793014999700752 ], [ -84.525365999684865, 38.792790000186045 ], [ -84.532100999949932, 38.791960000174882 ], [ -84.532288000446002, 38.791937000280782 ], [ -84.534275000192622, 38.791693000277213 ], [ -84.536150999611166, 38.791462000290423 ], [ -84.541168999568029, 38.790843999982762 ], [ -84.543028000166458, 38.790614999769303 ], [ -84.5451439997845, 38.790354000328939 ], [ -84.546076999920061, 38.790239000293731 ], [ -84.546573000212618, 38.790177999968392 ], [ -84.547263999600517, 38.790092999933037 ], [ -84.548877000151649, 38.790126999679281 ], [ -84.549929999937802, 38.790150000157382 ], [ -84.551817000125297, 38.790189999783983 ], [ -84.553512999618789, 38.790226999786192 ], [ -84.556606999578221, 38.790292000235581 ], [ -84.556690000317218, 38.790293999968434 ], [ -84.557095000373181, 38.790303000165743 ], [ -84.5595330002065, 38.790355000194509 ], [ -84.559682000169417, 38.79035799979107 ], [ -84.559820000261681, 38.790361000087657 ], [ -84.560144999951689, 38.790365000249544 ], [ -84.56021100007392, 38.79036600011495 ], [ -84.560314999830993, 38.790368999711006 ], [ -84.561618999687312, 38.790396000271215 ], [ -84.561730999840307, 38.790398000001105 ], [ -84.561775000221246, 38.790401000296058 ], [ -84.561816000229129, 38.790403000025812 ], [ -84.562047000207798, 38.790408000050114 ], [ -84.564459000101863, 38.790460000002291 ], [ -84.56621400004488, 38.790497999727911 ], [ -84.566282999641857, 38.790499000291604 ], [ -84.570492000210052, 38.790587999992226 ], [ -84.5713540002005, 38.790607000173509 ], [ -84.571508000186284, 38.790609999759475 ], [ -84.573058999914821, 38.790643000097816 ], [ -84.575172000058132, 38.790688000152642 ], [ -84.579183000259604, 38.790774000038375 ], [ -84.580821999851679, 38.790808000160013 ], [ -84.580861000209737, 38.790809000019166 ], [ -84.580959000119023, 38.790812000296818 ], [ -84.581015000195521, 38.7908130001559 ], [ -84.585812000219462, 38.790914999716122 ], [ -84.587911000119064, 38.790960000299386 ], [ -84.589741000405169, 38.790999000315161 ], [ -84.591523000112375, 38.791036999753473 ], [ -84.593273999857445, 38.791074000016245 ], [ -84.594524000185402, 38.791083999970411 ], [ -84.595761999919489, 38.791126000182729 ], [ -84.59596699995889, 38.791130000301692 ], [ -84.597512999664545, 38.791164000253531 ], [ -84.597717999703974, 38.79116900022445 ], [ -84.598018000177944, 38.791237000074659 ], [ -84.598058000360908, 38.79124600015296 ], [ -84.600038000434836, 38.791699000057747 ], [ -84.60225899963487, 38.792206000344038 ], [ -84.602467999872246, 38.792252999790215 ], [ -84.604041000240386, 38.792611999870701 ], [ -84.6041829996323, 38.792644000148968 ], [ -84.604471000410697, 38.792711000159947 ], [ -84.604967999629835, 38.792824000046231 ], [ -84.605008999637732, 38.792832999924158 ], [ -84.607434999775478, 38.794982999965342 ], [ -84.609409000001619, 38.796732000165932 ], [ -84.610137000097779, 38.797379000083083 ], [ -84.610188999976316, 38.797426000318971 ], [ -84.610862999645775, 38.798021999995562 ], [ -84.61094100036189, 38.798093000280254 ], [ -84.614954000213203, 38.801647000163946 ], [ -84.615596999920527, 38.802218000068457 ], [ -84.615642000126371, 38.802257999923398 ], [ -84.615663999867678, 38.802276999794131 ] ] ] ] } },
{ "type": "Feature", "properties": { "mdshnocar": 4.682 }, "geometry": { "type": "MultiPolygon", "coordinates": [ [ [ [ -84.500619999857079, 39.046263999661619 ], [ -84.500602000313748, 39.046741000249042 ], [ -84.500603000138653, 39.046980000253484 ], [ -84.500588000070024, 39.047439000028781 ], [ -84.499746999995978, 39.047463000012542 ], [ -84.499230999611953, 39.047484999816014 ], [ -84.498562999790266, 39.047494999978099 ], [ -84.498086999589205, 39.047505999875732 ], [ -84.498013999794267, 39.047494999978099 ], [ -84.498274999910194, 39.048228000191521 ], [ -84.498298000374717, 39.048266999986886 ], [ -84.498311999720102, 39.048320999829002 ], [ -84.498401000306885, 39.048588999674784 ], [ -84.498435999568656, 39.048682999952504 ], [ -84.498845999647486, 39.049840000293827 ], [ -84.498802000164872, 39.049852999931346 ], [ -84.497686999556123, 39.050276999997486 ], [ -84.49759899969257, 39.050279999788152 ], [ -84.496898000258923, 39.050565000249279 ], [ -84.49579900044202, 39.051096999893346 ], [ -84.495266000339555, 39.05135799980075 ], [ -84.494814000427922, 39.051580000101552 ], [ -84.494626999931853, 39.051331999682183 ], [ -84.494437999785958, 39.051063000093663 ], [ -84.494195000111716, 39.050708999934791 ], [ -84.493626999849155, 39.049883000105226 ], [ -84.493210000097633, 39.049436000170779 ], [ -84.493160999693828, 39.049386999732789 ], [ -84.491695000354127, 39.048406999879923 ], [ -84.489700000211599, 39.047358000285186 ], [ -84.488937999780262, 39.04682200000255 ], [ -84.488603000044506, 39.046452000001331 ], [ -84.488172000049289, 39.04596799984953 ], [ -84.488119000345819, 39.045909000108729 ], [ -84.486987999843549, 39.04427500019488 ], [ -84.486678000222156, 39.043827999654873 ], [ -84.485468999902068, 39.04161199995724 ], [ -84.485220000380053, 39.041015999864548 ], [ -84.485299999847683, 39.039801999849502 ], [ -84.485654999674935, 39.039279000334503 ], [ -84.486438999847564, 39.038123999790855 ], [ -84.487045999569887, 39.037334999811137 ], [ -84.487686999627385, 39.036501999944875 ], [ -84.487956999964112, 39.035981000225284 ], [ -84.48940099956252, 39.032690000025362 ], [ -84.48944699959327, 39.032584999973047 ], [ -84.490153999773014, 39.032829000140431 ], [ -84.490332999873161, 39.03287299978355 ], [ -84.490733999731162, 39.033009999654645 ], [ -84.491316000237447, 39.033239999910549 ], [ -84.491722000118301, 39.03346499974004 ], [ -84.49206400042506, 39.033581999786918 ], [ -84.492465000283062, 39.0336649998399 ], [ -84.492769000056668, 39.033699000337862 ], [ -84.492886000232531, 39.033694999910729 ], [ -84.493040000218329, 39.033652000014605 ], [ -84.493081000226212, 39.033641000053166 ], [ -84.493154999846055, 39.033620999992074 ], [ -84.493219000318476, 39.033601999859052 ], [ -84.49334099961888, 39.033597000190454 ], [ -84.493507000198548, 39.033607000225103 ], [ -84.493757000443807, 39.033607000225103 ], [ -84.494214000378307, 39.033582999720863 ], [ -84.494723000191343, 39.033588000088258 ], [ -84.494775000069865, 39.033651000081584 ], [ -84.495037999835588, 39.033970000315485 ], [ -84.495246000248045, 39.03424199987623 ], [ -84.495410000279591, 39.034511999944108 ], [ -84.495433999670723, 39.034576999651264 ], [ -84.495528000280373, 39.034833000310584 ], [ -84.495553000394722, 39.034944000000223 ], [ -84.495569000288242, 39.035057000039529 ], [ -84.495574000311123, 39.03516399973109 ], [ -84.495564000265375, 39.035401000010083 ], [ -84.495554000219641, 39.035604999834483 ], [ -84.495560000067428, 39.035757999839653 ], [ -84.495584000356857, 39.036411999780285 ], [ -84.495695999611542, 39.03722700003572 ], [ -84.495719999900984, 39.037323999725281 ], [ -84.495743000365536, 39.037389000334663 ], [ -84.495857000168328, 39.037783000140429 ], [ -84.495979000367072, 39.038181000015925 ], [ -84.496030000420703, 39.038334000025408 ], [ -84.496077000276358, 39.038443999932376 ], [ -84.49616599996483, 39.038644999757743 ], [ -84.496253999828369, 39.03882900000265 ], [ -84.496309000079961, 39.038894999784119 ], [ -84.496683000173761, 39.039396999677422 ], [ -84.496827000113825, 39.039587999698092 ], [ -84.49714099993318, 39.040020000119782 ], [ -84.497490999737522, 39.040489000223019 ], [ -84.497937999626288, 39.041084000049629 ], [ -84.49822800005451, 39.041472999675783 ], [ -84.498556000117574, 39.041915999805518 ], [ -84.498939000432216, 39.042439000033859 ], [ -84.499146999946362, 39.042716000205949 ], [ -84.499427000328851, 39.043084999743051 ], [ -84.499584999614271, 39.043312999707581 ], [ -84.499622000322532, 39.043410999906861 ], [ -84.500176000341398, 39.04496000008546 ], [ -84.500222000372148, 39.045063000346019 ], [ -84.500269000227803, 39.045164999988621 ], [ -84.500383999855529, 39.045319999758689 ], [ -84.500550000435197, 39.045465000135913 ], [ -84.500648000344498, 39.045539000208933 ], [ -84.500619999857079, 39.046263999661619 ] ] ] ] } },
{ "type": "Feature", "properties": { "mdshnocar": 7.702 }, "geometry": { "type": "MultiPolygon", "coordinates": [ [ [ [ -84.545204999883879, 38.930537999957032 ], [ -84.545178999944596, 38.930812000236124 ], [ -84.544917999828684, 38.931852999894545 ], [ -84.544864000300336, 38.932109999788601 ], [ -84.544689000398151, 38.932990999848506 ], [ -84.544599999811382, 38.933256000146329 ], [ -84.544511999947829, 38.933428999738055 ], [ -84.544424999909182, 38.933566000015986 ], [ -84.544218000219956, 38.933828999670297 ], [ -84.543958999753883, 38.93412000023153 ], [ -84.54380300011826, 38.934293999751816 ], [ -84.543666999675835, 38.934460000044766 ], [ -84.543552999873, 38.934623000143745 ], [ -84.543476999705021, 38.934794999962058 ], [ -84.543454999963728, 38.934904000232208 ], [ -84.543450999765767, 38.934981999713642 ], [ -84.543459999986581, 38.935080999711381 ], [ -84.543495000146692, 38.935278000065068 ], [ -84.543655999805168, 38.935845999734468 ], [ -84.543762000110377, 38.936190999922118 ], [ -84.543931999989695, 38.936731999729012 ], [ -84.543992000264154, 38.936926999883546 ], [ -84.544050999815383, 38.937123000100492 ], [ -84.544158999770403, 38.937498000004076 ], [ -84.544219000044876, 38.937789000183798 ], [ -84.544228000265704, 38.937836999803345 ], [ -84.544337999870564, 38.938400999712144 ], [ -84.544418000236504, 38.938841000178272 ], [ -84.544554999605523, 38.939457999744356 ], [ -84.544633000321653, 38.939966000222221 ], [ -84.544651999689918, 38.940086999925917 ], [ -84.544665000108708, 38.940257999911495 ], [ -84.544656999712785, 38.940488999739728 ], [ -84.544511000122924, 38.942121000061633 ], [ -84.544470999939961, 38.942528000038465 ], [ -84.544393999947047, 38.943429000346946 ], [ -84.544372000205755, 38.943705000041795 ], [ -84.54430799973332, 38.943917999853923 ], [ -84.544217000395051, 38.944034999891734 ], [ -84.543926999966828, 38.944318000008934 ], [ -84.543438000245288, 38.944794000284844 ], [ -84.542984999610439, 38.945254000103944 ], [ -84.54290799961754, 38.945354000216469 ], [ -84.542834999822603, 38.945515999945677 ], [ -84.542798000012681, 38.945678000003312 ], [ -84.542788999791853, 38.945881000316305 ], [ -84.542808999883349, 38.946624999829069 ], [ -84.542787000142027, 38.946823000012138 ], [ -84.542760000377854, 38.946961000024402 ], [ -84.542721999844701, 38.947071999976032 ], [ -84.542669000141245, 38.947188999699094 ], [ -84.542382999910998, 38.947631000325785 ], [ -84.5422289999252, 38.947841000274266 ], [ -84.542112999574243, 38.948035000172823 ], [ -84.542021000411054, 38.948230999725645 ], [ -84.541931999824286, 38.948457000027219 ], [ -84.541838999937866, 38.948739000221487 ], [ -84.5417569999221, 38.949148000090297 ], [ -84.541729000333007, 38.949418000119728 ], [ -84.541669999883467, 38.950468000005081 ], [ -84.541673000256509, 38.950627000096759 ], [ -84.541676999556159, 38.95083799995772 ], [ -84.54171099989135, 38.951025000014695 ], [ -84.541762999769873, 38.951269999690133 ], [ -84.541813999823503, 38.951604000133251 ], [ -84.541801000303025, 38.951880000135837 ], [ -84.541708000416605, 38.952244000186575 ], [ -84.541580000370089, 38.952657000210458 ], [ -84.541453999973399, 38.953093999803976 ], [ -84.541428000034131, 38.953221999961251 ], [ -84.54140600029281, 38.953453999831652 ], [ -84.541403999744674, 38.953661000294446 ], [ -84.541452000323559, 38.954445000089109 ], [ -84.541453999973399, 38.954586999943999 ], [ -84.541468000217108, 38.954719000203305 ], [ -84.541464000019147, 38.954893999818694 ], [ -84.541443000102745, 38.955030000191442 ], [ -84.541331999774656, 38.955433000138342 ], [ -84.541204999553045, 38.955828000006555 ], [ -84.541196000230528, 38.955852999986035 ], [ -84.541125999910335, 38.956023999665 ], [ -84.541085999727372, 38.95610400032502 ], [ -84.541043999894569, 38.956180999905698 ], [ -84.541000000411955, 38.956258000101272 ], [ -84.540952999657975, 38.956331000300196 ], [ -84.54090599980232, 38.956395999906817 ], [ -84.540860999596461, 38.956455000293388 ], [ -84.540818999763673, 38.956508999704333 ], [ -84.540781999953751, 38.956558999872549 ], [ -84.54074799961856, 38.956603000159021 ], [ -84.540726999702173, 38.956625000292043 ], [ -84.540653999907235, 38.956681999842779 ], [ -84.540678000196664, 38.956718999894278 ], [ -84.54093799958936, 38.956901999921563 ], [ -84.541114000214776, 38.957019000183763 ], [ -84.541200000428503, 38.957096000167326 ], [ -84.541282000444269, 38.957187000294034 ], [ -84.541340999995484, 38.957287000336905 ], [ -84.541386000201328, 38.957400000110745 ], [ -84.541440999554609, 38.957643000182394 ], [ -84.541495999806187, 38.958028000064516 ], [ -84.541542999661857, 38.958281000285105 ], [ -84.541591000240743, 38.958418000044141 ], [ -84.541654999814853, 38.958520999938372 ], [ -84.541720999937084, 38.958630000056722 ], [ -84.542052000373204, 38.959015999755614 ], [ -84.54230799956791, 38.95929599997671 ], [ -84.54240100035264, 38.95939299968304 ], [ -84.54267199961599, 38.959717999841068 ], [ -84.542762999852599, 38.95984700018694 ], [ -84.542811000431485, 38.959961999923614 ], [ -84.542865999784752, 38.960126000342818 ], [ -84.542905999967715, 38.960315000184792 ], [ -84.542965000417269, 38.960776999693977 ], [ -84.542999999679054, 38.961220999921494 ], [ -84.542997000204323, 38.961445000201145 ], [ -84.542965000417269, 38.961754999756792 ], [ -84.542960000394402, 38.961843000136042 ], [ -84.542863000310021, 38.962406000206038 ], [ -84.542817000279271, 38.962742999866812 ], [ -84.542669999966165, 38.963618000014037 ], [ -84.54265599972247, 38.963697999783676 ], [ -84.54257500042992, 38.964179999731812 ], [ -84.542570000407068, 38.964338000276399 ], [ -84.542633999981149, 38.964653000098309 ], [ -84.542716999821835, 38.964842999945688 ], [ -84.542889000249289, 38.965216000189407 ], [ -84.543054999930632, 38.965534000192662 ], [ -84.543280999886449, 38.965910000169018 ], [ -84.543783000026778, 38.966710000046888 ], [ -84.543866999692355, 38.966878000228398 ], [ -84.543912999723105, 38.966989999895269 ], [ -84.543948999708121, 38.967131000277924 ], [ -84.54396499960167, 38.967219000265544 ], [ -84.544004999784633, 38.967422000343902 ], [ -84.543974999647403, 38.967549000293161 ], [ -84.543885999958931, 38.968450999788487 ], [ -84.543841999578007, 38.968652000219585 ], [ -84.54383599973022, 38.968680000324696 ], [ -84.543728999600091, 38.968915000321786 ], [ -84.543535000329669, 38.969275999737746 ], [ -84.543389999666388, 38.969514000277222 ], [ -84.543091999740568, 38.969950999977769 ], [ -84.542890999899114, 38.970275999894433 ], [ -84.542618000087629, 38.970865999811004 ], [ -84.542499000261941, 38.971096999761784 ], [ -84.542360000344772, 38.97132999988925 ], [ -84.542156000130277, 38.971610000332248 ], [ -84.541936000022247, 38.971862000133726 ], [ -84.541526999768337, 38.972241999757429 ], [ -84.541263000177693, 38.972493000004413 ], [ -84.541171000116179, 38.972596999787676 ], [ -84.541103000344123, 38.972700000020147 ], [ -84.541018999780221, 38.972872000338896 ], [ -84.541005000434836, 38.972946000274398 ], [ -84.541003999711592, 38.973080000036376 ], [ -84.541026000351224, 38.973210999975556 ], [ -84.541084999902438, 38.973352999934505 ], [ -84.541154000397754, 38.973463999753307 ], [ -84.541433000057012, 38.973804000129086 ], [ -84.541664999860586, 38.974112999999583 ], [ -84.541983999702822, 38.974602000104433 ], [ -84.542098000403954, 38.974806000041212 ], [ -84.542185000442586, 38.975009000024855 ], [ -84.542239999795854, 38.97519299966207 ], [ -84.542269000108178, 38.97534899996689 ], [ -84.542278000329006, 38.975613999755105 ], [ -84.542269000108178, 38.975734000005026 ], [ -84.542219999704372, 38.975981000246009 ], [ -84.542165000351105, 38.976152000230513 ], [ -84.542091999657842, 38.976334000299467 ], [ -84.541783999686274, 38.977007000244285 ], [ -84.541576999997048, 38.977477000069278 ], [ -84.541290999766773, 38.978231999780462 ], [ -84.540970000274726, 38.979031000145433 ], [ -84.540710999808638, 38.979631999737379 ], [ -84.540633999815739, 38.979814999936245 ], [ -84.540602000028699, 38.9798890002983 ], [ -84.540436000347341, 38.980282000009673 ], [ -84.54024200017858, 38.980262000219192 ], [ -84.539991999933321, 38.980209000048788 ], [ -84.539698000205448, 38.980126000097457 ], [ -84.539559000288293, 38.980064999886139 ], [ -84.53942500039399, 38.979982999759635 ], [ -84.539319999913687, 38.979886000313442 ], [ -84.539217999806425, 38.979766000116342 ], [ -84.539165999927903, 38.979667999676472 ], [ -84.539143000361676, 38.979600999775144 ], [ -84.539129000117981, 38.979515999809081 ], [ -84.539119999897139, 38.979369000325221 ], [ -84.539122000445275, 38.978902999825571 ], [ -84.539122000445275, 38.978771999940555 ], [ -84.539102000353793, 38.97834300033194 ], [ -84.539099999805657, 38.97816199985909 ], [ -84.539120999722044, 38.977953999724292 ], [ -84.539196000065132, 38.977745999676912 ], [ -84.539348000401077, 38.977493999861892 ], [ -84.539427000043815, 38.977388000225979 ], [ -84.539813999658094, 38.976894000317444 ], [ -84.539915999765356, 38.976732999727076 ], [ -84.539998999606027, 38.976568000000135 ], [ -84.540075999598912, 38.976343000006793 ], [ -84.540119000154945, 38.976167000246207 ], [ -84.540139000246413, 38.976057999873596 ], [ -84.54018000025431, 38.975616999920966 ], [ -84.540182999729041, 38.9754860002421 ], [ -84.540171999858387, 38.975305000148481 ], [ -84.540147999568944, 38.975199000029342 ], [ -84.540111999583928, 38.975101000252437 ], [ -84.540044999636777, 38.974989000141768 ], [ -84.539982999712507, 38.974914000180611 ], [ -84.539904999894702, 38.974838000073795 ], [ -84.539826000251978, 38.974785000033769 ], [ -84.539516999557179, 38.974629999952548 ], [ -84.539246000293844, 38.974519999936881 ], [ -84.539115999699177, 38.974478999817478 ], [ -84.538435000357012, 38.974297999943602 ], [ -84.538179000263966, 38.974200000316593 ], [ -84.538112000316815, 38.974166999919966 ], [ -84.537934000041602, 38.974044999653366 ], [ -84.537770000010056, 38.973872000008356 ], [ -84.53769100036736, 38.973762000212076 ], [ -84.53739099989339, 38.973253000219323 ], [ -84.537306000402893, 38.973090000248206 ], [ -84.537256999999087, 38.972937000135374 ], [ -84.537224000387127, 38.972659000243901 ], [ -84.53720099992259, 38.972351999819352 ], [ -84.537185999853975, 38.972269999840186 ], [ -84.53715499989184, 38.972162999963103 ], [ -84.537104999663114, 38.97203200018064 ], [ -84.537056000157634, 38.971933000104315 ], [ -84.536993000408444, 38.971831000261908 ], [ -84.53683699987451, 38.97164100030075 ], [ -84.53660300042111, 38.97141800024751 ], [ -84.536355999650567, 38.971231000228457 ], [ -84.536082999839095, 38.971057999995281 ], [ -84.535943000097021, 38.970978000156357 ], [ -84.535801999631701, 38.970921999656632 ], [ -84.535645000171186, 38.97088500003796 ], [ -84.535394999925927, 38.97085499986111 ], [ -84.535290000343949, 38.970848999824199 ], [ -84.534926000295883, 38.970864000264697 ], [ -84.533838000349633, 38.970956000289576 ], [ -84.533607000370949, 38.971000000016353 ], [ -84.533443000339417, 38.971055000334708 ], [ -84.533090000161991, 38.971249999659136 ], [ -84.532772999969595, 38.971425999766751 ], [ -84.532489000287455, 38.971570000037381 ], [ -84.53227000000436, 38.971623999801551 ], [ -84.532071999637623, 38.971647999683476 ], [ -84.531919000375069, 38.971653999652681 ], [ -84.531808999871899, 38.971641999713754 ], [ -84.531588999763855, 38.971620000053221 ], [ -84.531490999854569, 38.9716109997457 ], [ -84.531331000020998, 38.971578000237869 ], [ -84.531199999601441, 38.971552000106882 ], [ -84.530876999561258, 38.971448000185951 ], [ -84.530729000321557, 38.971388999712943 ], [ -84.530522999558912, 38.971243999655691 ], [ -84.530320999892567, 38.971072000272109 ], [ -84.530155000211209, 38.970909000170344 ], [ -84.530063999974601, 38.970882999793773 ], [ -84.529986999981716, 38.970876000335444 ], [ -84.529903000316125, 38.970893999739381 ], [ -84.529823999775104, 38.970928999808834 ], [ -84.529741999759338, 38.970973000250744 ], [ -84.529612999887902, 38.970824000246942 ], [ -84.529274999779091, 38.970435000240904 ], [ -84.529190000288608, 38.970322000303668 ], [ -84.52911599977044, 38.970210000317842 ], [ -84.52905399984617, 38.97011199992302 ], [ -84.528986999899018, 38.969989000219115 ], [ -84.528919000126947, 38.969796999930693 ], [ -84.528872000271278, 38.969662000103767 ], [ -84.528844999608793, 38.969594999814731 ], [ -84.528805000324127, 38.96949300009743 ], [ -84.528601000109646, 38.968817000230551 ], [ -84.528586000041017, 38.968711000178757 ], [ -84.528586000041017, 38.968621000339709 ], [ -84.528602999759471, 38.96849099974947 ], [ -84.528642999942434, 38.968370000339611 ], [ -84.528697000369107, 38.968277999749539 ], [ -84.528734000179014, 38.968232000108095 ], [ -84.52881600019478, 38.968150000248123 ], [ -84.52894500006623, 38.96804399989658 ], [ -84.529095999678958, 38.967939000248627 ], [ -84.529213999679726, 38.967867999766518 ], [ -84.529505999757788, 38.967694000231852 ], [ -84.529802999858717, 38.967494000046088 ], [ -84.529956000019581, 38.967365999826427 ], [ -84.53012500007398, 38.967203000275944 ], [ -84.530208999739557, 38.967100999907942 ], [ -84.530280999709589, 38.967015000127212 ], [ -84.530319000242741, 38.966945000293613 ], [ -84.530360000250624, 38.96683000001763 ], [ -84.530411000304241, 38.966622000125412 ], [ -84.530422000174909, 38.9665350002781 ], [ -84.530475999703256, 38.966278000145344 ], [ -84.530489999946965, 38.966142999897762 ], [ -84.530474999878336, 38.966067000157402 ], [ -84.530427000197776, 38.965948999976185 ], [ -84.530381000167026, 38.965886999932437 ], [ -84.530310000021913, 38.965834000178695 ], [ -84.530173999579475, 38.965760999991723 ], [ -84.530012999920999, 38.965717999999463 ], [ -84.529896999570042, 38.965709000338919 ], [ -84.529684999857935, 38.965717999999463 ], [ -84.52951199960556, 38.965742999981892 ], [ -84.529356999794871, 38.965766000265241 ], [ -84.529299999893453, 38.965781999880988 ], [ -84.528839999585927, 38.965932000206166 ], [ -84.52847200023821, 38.966067000157402 ], [ -84.527898999952754, 38.966257999892093 ], [ -84.527717000377876, 38.966304000116892 ], [ -84.527563000392092, 38.966323000170718 ], [ -84.527400000185466, 38.966332999939645 ], [ -84.527185999925237, 38.966328999892532 ], [ -84.527024000441841, 38.966306999978677 ], [ -84.526845000341709, 38.966244000060684 ], [ -84.526786999717061, 38.966211000147737 ], [ -84.526725999617682, 38.96616099980595 ], [ -84.526647999799877, 38.966078000152443 ], [ -84.526588000423743, 38.965932000206166 ], [ -84.526585999875607, 38.965892999691178 ], [ -84.526599000294397, 38.965767999955503 ], [ -84.526643999601916, 38.965573999705448 ], [ -84.526661000218681, 38.96551399972936 ], [ -84.526667999891373, 38.965488000166282 ], [ -84.526703000051469, 38.96536399991605 ], [ -84.52681600002937, 38.965045999848115 ], [ -84.526887000174497, 38.964854000130742 ], [ -84.526934000030153, 38.964690999689488 ], [ -84.526956999596379, 38.96455599990994 ], [ -84.52695499994654, 38.964455000134272 ], [ -84.526947000448956, 38.964387000294117 ], [ -84.526928000182366, 38.964309000335469 ], [ -84.526867999907921, 38.964166999706705 ], [ -84.526792999564833, 38.96403999998045 ], [ -84.526643999601916, 38.96385400026201 ], [ -84.526369999965539, 38.963548999843312 ], [ -84.526276000254214, 38.963449999784658 ], [ -84.52591800005392, 38.963063999794066 ], [ -84.525882000068918, 38.963026000028698 ], [ -84.52572800008312, 38.96282199969005 ], [ -84.525624000326061, 38.962636999806406 ], [ -84.525533000089453, 38.96239299985541 ], [ -84.525403000393112, 38.961871000138522 ], [ -84.525357000362362, 38.961754999756792 ], [ -84.525297000087903, 38.961659000043866 ], [ -84.525199000178617, 38.961552999758688 ], [ -84.525057999713297, 38.961437000253298 ], [ -84.524818000412111, 38.961282000298596 ], [ -84.524492999823792, 38.961088999899061 ], [ -84.524349999708647, 38.960983000158144 ], [ -84.524247999601386, 38.960874999731764 ], [ -84.524178000179518, 38.960774000296553 ], [ -84.524147000217368, 38.960724000308453 ], [ -84.524071999874295, 38.960546999885494 ], [ -84.52392999958407, 38.960021000135193 ], [ -84.523849000291548, 38.959700999972945 ], [ -84.523783000169303, 38.959473000032183 ], [ -84.523733999765497, 38.959358000200353 ], [ -84.523667999643266, 38.959241999895447 ], [ -84.523575999581766, 38.959116000011527 ], [ -84.523322000036856, 38.958876999871066 ], [ -84.523086999860212, 38.958673999755796 ], [ -84.522968000034524, 38.9585550002368 ], [ -84.522869000300332, 38.958418000044141 ], [ -84.522680999979343, 38.958075999952165 ], [ -84.522624999902845, 38.957973000109646 ], [ -84.522492999658382, 38.957779999777827 ], [ -84.5223250003272, 38.957593999691696 ], [ -84.52223099971755, 38.957490000234451 ], [ -84.522041999571655, 38.95730099984268 ], [ -84.521737999798049, 38.956997000173061 ], [ -84.521603999903732, 38.956870999789828 ], [ -84.521418999955827, 38.95671500000293 ], [ -84.521069999976362, 38.956397999861501 ], [ -84.520940000280021, 38.956237000183279 ], [ -84.520857000439349, 38.95610400032502 ], [ -84.52078000044645, 38.955952999815736 ], [ -84.520558999615204, 38.95543399978002 ], [ -84.520460999705904, 38.955206999725775 ], [ -84.520330000184657, 38.954939000089091 ], [ -84.520268000260373, 38.954821999885532 ], [ -84.519963999588441, 38.95425100027029 ], [ -84.519925000128708, 38.954169999954701 ], [ -84.51967999990633, 38.953657999897217 ], [ -84.519480999714688, 38.953241999702939 ], [ -84.51939200002623, 38.953041000260626 ], [ -84.519356000041213, 38.952936999710218 ], [ -84.519335999949732, 38.952879000263941 ], [ -84.51932900027704, 38.95283699981627 ], [ -84.519301999614555, 38.952666999812401 ], [ -84.519303000337757, 38.95151799970526 ], [ -84.519310999835369, 38.951179000348681 ], [ -84.519335999949732, 38.950909999746656 ], [ -84.51937899960744, 38.95062200015203 ], [ -84.519387000003348, 38.950566000327818 ], [ -84.519402000071963, 38.950285999844546 ], [ -84.519356999866119, 38.949616000186289 ], [ -84.519354000391402, 38.949438000236263 ], [ -84.519387000003348, 38.949197999862818 ], [ -84.519447000277808, 38.949005000085052 ], [ -84.519701999647623, 38.948405000250368 ], [ -84.519966000136577, 38.947769000162381 ], [ -84.519971999984364, 38.947654000200806 ], [ -84.519976000182311, 38.947572000278278 ], [ -84.519996000273821, 38.947477999722132 ], [ -84.519990000426034, 38.947182999753856 ], [ -84.519868000227291, 38.946519999878035 ], [ -84.519802999929965, 38.946222000101592 ], [ -84.519730999959933, 38.945963999874195 ], [ -84.519604999563242, 38.945614999908422 ], [ -84.51939100020131, 38.945146000159376 ], [ -84.519352999668158, 38.945027000282224 ], [ -84.519339000322773, 38.944976999663659 ], [ -84.519316999683156, 38.944872999857019 ], [ -84.519280999698154, 38.944636000177738 ], [ -84.519157999674491, 38.943511999980856 ], [ -84.519084999879567, 38.942975999984526 ], [ -84.51906300013826, 38.942736999911737 ], [ -84.519067000336221, 38.942591999904622 ], [ -84.519094999925301, 38.942463000289891 ], [ -84.519123000412705, 38.942400000132793 ], [ -84.519209999553027, 38.942268999815361 ], [ -84.519672000408704, 38.941755000061484 ], [ -84.519891999618409, 38.941497000346345 ], [ -84.52027599975797, 38.940982000041267 ], [ -84.520411000375503, 38.940778999674627 ], [ -84.520491999668039, 38.940620999703007 ], [ -84.520345000253272, 38.940488999739728 ], [ -84.520075999741437, 38.940313000338101 ], [ -84.519910999884999, 38.940217000226255 ], [ -84.519685999754103, 38.940062999833643 ], [ -84.519607999936298, 38.939987999929606 ], [ -84.519546999836933, 38.939901000221084 ], [ -84.519498000331438, 38.939811000121132 ], [ -84.519480999714688, 38.939745000114975 ], [ -84.519464999821153, 38.939478999742718 ], [ -84.519436000407154, 38.939286999925663 ], [ -84.519387999828268, 38.939109999764746 ], [ -84.519350000193441, 38.938994999731342 ], [ -84.519205000428485, 38.938700000099075 ], [ -84.519082000404836, 38.938494999726593 ], [ -84.51892000002313, 38.938283000275767 ], [ -84.518663000105164, 38.937967000036416 ], [ -84.518626000295257, 38.937911999886275 ], [ -84.518546999754236, 38.937741999724153 ], [ -84.518400000339454, 38.937164000177205 ], [ -84.518221000239308, 38.936591000347448 ], [ -84.518192999751889, 38.936458999869586 ], [ -84.51814800044437, 38.936109000017403 ], [ -84.518005000329239, 38.934846000006722 ], [ -84.517969000344223, 38.934670999810024 ], [ -84.517938000382088, 38.934560000008418 ], [ -84.517869999711692, 38.934390000195926 ], [ -84.517741999665176, 38.93417000012132 ], [ -84.517561999740124, 38.933937000082736 ], [ -84.517405000279609, 38.933788999708675 ], [ -84.517272000210212, 38.93369199990034 ], [ -84.517190000194446, 38.933640999724553 ], [ -84.516974000284378, 38.933541999813023 ], [ -84.51622699992167, 38.933272000114165 ], [ -84.515560999749809, 38.933015000237937 ], [ -84.515299999633896, 38.932899000143763 ], [ -84.515125999556631, 38.932800999856141 ], [ -84.514999000233345, 38.932710999829197 ], [ -84.514824000331146, 38.932541999741808 ], [ -84.51441199970418, 38.932086999762603 ], [ -84.51420800038801, 38.931881999839469 ], [ -84.514098999709759, 38.931795999944107 ], [ -84.514026999739727, 38.931754000282325 ], [ -84.513864000431425, 38.931682999882483 ], [ -84.513721000316295, 38.931644000085342 ], [ -84.513750999555185, 38.931452999998662 ], [ -84.513746000430629, 38.931277999815251 ], [ -84.513702999874624, 38.931105999853237 ], [ -84.513662999691647, 38.931011999827717 ], [ -84.513603000315513, 38.930904999840308 ], [ -84.513454000352581, 38.930719999801383 ], [ -84.512888999564737, 38.930123999654448 ], [ -84.512711000187835, 38.929924999656855 ], [ -84.51160800017297, 38.928735999917791 ], [ -84.511505000240803, 38.928624999912408 ], [ -84.511463000408014, 38.928566000122174 ], [ -84.511337000011309, 38.92838999978121 ], [ -84.511307999699, 38.928332999843171 ], [ -84.511264000216386, 38.928246999837754 ], [ -84.511174999629603, 38.927987999866062 ], [ -84.511163999758949, 38.927901000111298 ], [ -84.511142000017642, 38.927732999776836 ], [ -84.511145000390698, 38.927524999743248 ], [ -84.51116899978183, 38.927378000003486 ], [ -84.511193999896179, 38.927281999852148 ], [ -84.511205999591738, 38.927240999653307 ], [ -84.511243000299999, 38.927153999681202 ], [ -84.511282999584637, 38.927055999841926 ], [ -84.511377000194287, 38.926888000301624 ], [ -84.511547999898497, 38.926641000134396 ], [ -84.511803000166637, 38.926322000278333 ], [ -84.511858000418215, 38.92624499971258 ], [ -84.511931000213167, 38.926161000080143 ], [ -84.511957999977326, 38.92611599971201 ], [ -84.512023000274667, 38.926037000207991 ], [ -84.512213000245467, 38.925779999974452 ], [ -84.512347000139769, 38.925607999958899 ], [ -84.512363999858195, 38.925582999795985 ], [ -84.512583999966239, 38.925297000184443 ], [ -84.51263099982188, 38.925223000106946 ], [ -84.512684000423647, 38.925166999789255 ], [ -84.513641999775245, 38.923903999914621 ], [ -84.513926000355681, 38.923563999819642 ], [ -84.514168000205032, 38.923322999828208 ], [ -84.514214000235782, 38.923281000041733 ], [ -84.514380999742045, 38.92313700018569 ], [ -84.51441300042741, 38.92311199985091 ], [ -84.514540999575615, 38.923012999920182 ], [ -84.514677000018054, 38.922918999653341 ], [ -84.514776999577151, 38.922849999697981 ], [ -84.514851000095319, 38.922803999923389 ], [ -84.514944999806659, 38.922746000286637 ], [ -84.515109999663096, 38.922657000185502 ], [ -84.515318999900472, 38.922545999753709 ], [ -84.515460000365792, 38.922479000347145 ], [ -84.516310999587262, 38.922074000146573 ], [ -84.517636000258292, 38.921445999674717 ], [ -84.517748000411288, 38.92150300025407 ], [ -84.517851000343441, 38.921544000274601 ], [ -84.517939000206979, 38.921599999957614 ], [ -84.518046000337108, 38.921680999745348 ], [ -84.518135000025566, 38.921765999906377 ], [ -84.518213999668291, 38.921850999965521 ], [ -84.518379000423053, 38.922061000086295 ], [ -84.518575000241626, 38.922292999889805 ], [ -84.51885399990087, 38.922631000276219 ], [ -84.519222000146911, 38.923138000282769 ], [ -84.51934599999548, 38.923299999748529 ], [ -84.519659999814834, 38.923663999770021 ], [ -84.52038700008606, 38.9244649999685 ], [ -84.520691999684587, 38.924783999788403 ], [ -84.521476999682136, 38.925536000332372 ], [ -84.5216149997744, 38.925648000341042 ], [ -84.521747000018877, 38.925731999882039 ], [ -84.521917999723101, 38.925811999785083 ], [ -84.522145000402148, 38.925887000005339 ], [ -84.52243400010714, 38.925958999974455 ], [ -84.522968999859444, 38.926054999819627 ], [ -84.523553999840445, 38.926148000069936 ], [ -84.523877999705547, 38.926201000150492 ], [ -84.524157000263116, 38.926257999705065 ], [ -84.524324999594299, 38.926301999930665 ], [ -84.52446600005959, 38.926347000180826 ], [ -84.524825999909723, 38.926497000109691 ], [ -84.525112000139984, 38.926622999972579 ], [ -84.525385999776361, 38.926719999664655 ], [ -84.525622999602831, 38.926783999821112 ], [ -84.52591899987884, 38.926839000215196 ], [ -84.527407999683078, 38.927032000231492 ], [ -84.527787999624678, 38.927062000092683 ], [ -84.528007999732708, 38.927068999685794 ], [ -84.528117000410958, 38.9270670003013 ], [ -84.52818699983284, 38.927066000259607 ], [ -84.528489999781542, 38.927061000050919 ], [ -84.528961999784656, 38.927036999743322 ], [ -84.529386000107166, 38.927000000272315 ], [ -84.530607000122828, 38.926842999695793 ], [ -84.531191000278923, 38.926783999821112 ], [ -84.531350000287574, 38.926774000062537 ], [ -84.532132999736987, 38.926758000026545 ], [ -84.532424999815049, 38.926743000033255 ], [ -84.532716999893097, 38.926738999848162 ], [ -84.533208999987679, 38.926745000125742 ], [ -84.533301000049178, 38.926748000264304 ], [ -84.533395999585437, 38.926751999750074 ], [ -84.533645999830696, 38.926760000118605 ], [ -84.533895000251022, 38.926768999833278 ], [ -84.535052999619168, 38.926810000304961 ], [ -84.53615700035725, 38.92684699987506 ], [ -84.536488999719964, 38.926872000291382 ], [ -84.536889999577966, 38.926926999918386 ], [ -84.538007999661446, 38.927130000103915 ], [ -84.538359000189047, 38.927170999668057 ], [ -84.538791000009169, 38.927208999788419 ], [ -84.53924899976856, 38.927273000202568 ], [ -84.539690999634445, 38.927345000162681 ], [ -84.540135000048451, 38.927426999717646 ], [ -84.541397000071996, 38.927686999674094 ], [ -84.541670999708373, 38.927722000119587 ], [ -84.542173999673622, 38.927750999656993 ], [ -84.544135000379285, 38.927578000192725 ], [ -84.544434999954944, 38.927535000094807 ], [ -84.544577000245155, 38.928192999862311 ], [ -84.544766000391036, 38.928900999925901 ], [ -84.545097999753764, 38.929983999714388 ], [ -84.545159999678035, 38.930201000202572 ], [ -84.545193000188291, 38.930355000349117 ], [ -84.545204999883879, 38.930537999957032 ] ] ] ] } },
{ "type": "Feature", "properties": { "mdshnocar": 10.259 }, "geometry": { "type": "MultiPolygon", "coordinates": [ [ [ [ -84.521422000328869, 39.079108999735681 ], [ -84.521249999901414, 39.079178000186772 ], [ -84.521132999725552, 39.079225000202754 ], [ -84.520950000325755, 39.07930599965237 ], [ -84.520526999828149, 39.079476000217937 ], [ -84.520098000381054, 39.079659000102311 ], [ -84.519982000030112, 39.079689000163839 ], [ -84.519735999982828, 39.079723000125142 ], [ -84.519505000004131, 39.079776000339812 ], [ -84.519207999903202, 39.07983099977055 ], [ -84.51874599994585, 39.079926000271065 ], [ -84.518279999790536, 39.080011000206774 ], [ -84.517933000359207, 39.080082999694852 ], [ -84.517473000051652, 39.080181999742585 ], [ -84.517199000415275, 39.080227999816145 ], [ -84.516999000398741, 39.080270999948716 ], [ -84.51679299963611, 39.080311000145798 ], [ -84.516513000151946, 39.08036599985676 ], [ -84.516068999737939, 39.080457999733909 ], [ -84.51584699998007, 39.080501999693418 ], [ -84.51562400039731, 39.08054499965894 ], [ -84.515504999673297, 39.080568000278497 ], [ -84.51517199958738, 39.080621999823762 ], [ -84.514994000210464, 39.080652000173096 ], [ -84.514930999562964, 39.080656000032768 ], [ -84.514042999633233, 39.080560999817834 ], [ -84.513492999812328, 39.080642999790676 ], [ -84.513570999630133, 39.081074000155972 ], [ -84.513584000048922, 39.081177000037911 ], [ -84.513583000224031, 39.081267000339693 ], [ -84.513526000322614, 39.0817310001203 ], [ -84.513223000373912, 39.082403000042738 ], [ -84.513187000388896, 39.082482000149611 ], [ -84.513170999597051, 39.082518000036544 ], [ -84.513005999740614, 39.082408999683231 ], [ -84.512942000166504, 39.082366000156426 ], [ -84.51217899991029, 39.081859999783134 ], [ -84.512137999902393, 39.081832999792127 ], [ -84.511702999709215, 39.081537999811275 ], [ -84.511530000355151, 39.081397000108062 ], [ -84.511408000156422, 39.081277999857328 ], [ -84.51130699987408, 39.081161000018724 ], [ -84.511212000337849, 39.081028999896326 ], [ -84.511126000124122, 39.080874999673824 ], [ -84.511066999674583, 39.08075100011974 ], [ -84.511012000321301, 39.080601999816196 ], [ -84.510832000396249, 39.079927000246329 ], [ -84.510793999863097, 39.079782000203707 ], [ -84.510497999587102, 39.07865600007073 ], [ -84.510184999592639, 39.077447999994888 ], [ -84.510270999806366, 39.077433999848516 ], [ -84.510327999707783, 39.077424999752949 ], [ -84.510992000229805, 39.077323999996608 ], [ -84.510974999613083, 39.077278000121808 ], [ -84.510936000153308, 39.077228000163231 ], [ -84.510907999665903, 39.077187000296249 ], [ -84.510788999840216, 39.076725999982351 ], [ -84.510680999885196, 39.076303999795556 ], [ -84.51066300034185, 39.076181999935592 ], [ -84.510690999930944, 39.076115000100017 ], [ -84.511019999818913, 39.07607200022403 ], [ -84.511496000019974, 39.07599499997518 ], [ -84.511972000221036, 39.075918999674379 ], [ -84.512426999607385, 39.075846000088262 ], [ -84.512885000265101, 39.075770000324368 ], [ -84.513313999712196, 39.075709000307782 ], [ -84.513457999652232, 39.075689000302319 ], [ -84.513794000111218, 39.075634999771054 ], [ -84.514117000151401, 39.075586000079753 ], [ -84.514276000160052, 39.075561999891185 ], [ -84.514434000343812, 39.075536999657039 ], [ -84.514904999623681, 39.075461000257675 ], [ -84.516012999661413, 39.07528200011015 ], [ -84.517482000272494, 39.075055000189444 ], [ -84.517589000402623, 39.075027999686419 ], [ -84.517616000166797, 39.075020000026115 ], [ -84.517740000015365, 39.074977000180255 ], [ -84.51778400039629, 39.074962000195427 ], [ -84.518318000323674, 39.074782000128721 ], [ -84.518431000301575, 39.07520899986504 ], [ -84.518504999921433, 39.075532000167051 ], [ -84.518643999838602, 39.076133999955779 ], [ -84.518939000289691, 39.076089000032134 ], [ -84.519166999895333, 39.076048000200757 ], [ -84.519382999805401, 39.076011999801892 ], [ -84.519431000384287, 39.07600400025315 ], [ -84.519639999723353, 39.075966999800443 ], [ -84.519792999884217, 39.076306999875221 ], [ -84.519924000303789, 39.076573000153395 ], [ -84.520075999741437, 39.076858999805701 ], [ -84.52019700011526, 39.077072999996744 ], [ -84.520331000009563, 39.077291000286522 ], [ -84.520681999638853, 39.077811000030543 ], [ -84.520832000324987, 39.078018000108102 ], [ -84.521129000425915, 39.0783979999499 ], [ -84.521393999841465, 39.078737000173582 ], [ -84.521605999553572, 39.0790280000599 ], [ -84.521422000328869, 39.079108999735681 ] ] ] ] } },
{ "type": "Feature", "properties": { "mdshnocar": 6.427 }, "geometry": { "type": "MultiPolygon", "coordinates": [ [ [ [ -84.502788000251996, 39.07443800016528 ], [ -84.502245999928675, 39.074524999842069 ], [ -84.501706000153504, 39.074610000007894 ], [ -84.501177000249001, 39.074691999923182 ], [ -84.500587000245119, 39.074777999936046 ], [ -84.500449999977775, 39.074801999693861 ], [ -84.500312999710417, 39.074824000045879 ], [ -84.500234999892612, 39.074836999965321 ], [ -84.500157000074822, 39.07484999988241 ], [ -84.499730000277552, 39.074923999847634 ], [ -84.499285999863545, 39.074991000116725 ], [ -84.498951000127775, 39.075038000132224 ], [ -84.498910000119892, 39.075033999954059 ], [ -84.49887400013489, 39.075020000026115 ], [ -84.497934000326637, 39.075174999820668 ], [ -84.497088000229724, 39.075290999781664 ], [ -84.496436000301557, 39.075379999880923 ], [ -84.494737000435038, 39.073640000073574 ], [ -84.493816999819941, 39.072630999790782 ], [ -84.493357000410739, 39.071847000050504 ], [ -84.49318300033346, 39.071356000313678 ], [ -84.493220000143381, 39.070628000095503 ], [ -84.493524999741908, 39.069303000006684 ], [ -84.493626000024236, 39.068856999689025 ], [ -84.49384500030736, 39.068253000311273 ], [ -84.49434999992242, 39.066862000181935 ], [ -84.494960999842704, 39.066863000342295 ], [ -84.495252999920766, 39.066863000342295 ], [ -84.495735999794519, 39.066870000069514 ], [ -84.49628700033864, 39.066875000173155 ], [ -84.496297000384388, 39.066025999957205 ], [ -84.496307000430136, 39.065918000107061 ], [ -84.496308000255041, 39.065307000109776 ], [ -84.496371999829151, 39.065285999763589 ], [ -84.496422000057862, 39.065282999912888 ], [ -84.497378999584541, 39.065307000109776 ], [ -84.498547999721652, 39.065335000329142 ], [ -84.498633999935393, 39.065922000104457 ], [ -84.498649999828899, 39.066110999897482 ], [ -84.49911099996136, 39.066126999841956 ], [ -84.499371000252353, 39.066120000041053 ], [ -84.499827000361933, 39.066106999910794 ], [ -84.500521999947807, 39.066109999726415 ], [ -84.500956000316066, 39.066068999677199 ], [ -84.50114499956365, 39.066810999656717 ], [ -84.501157000157519, 39.066858999700742 ], [ -84.501357999998973, 39.067670999741701 ], [ -84.501621999589602, 39.068708000074558 ], [ -84.501645000054154, 39.068828000036788 ], [ -84.501752000184254, 39.069260000164512 ], [ -84.501942999979974, 39.070023999832465 ], [ -84.502242999555619, 39.07123099997294 ], [ -84.502436999724395, 39.072016999756968 ], [ -84.502505000394777, 39.07226899969249 ], [ -84.502518999740161, 39.072319999760957 ], [ -84.502548999877391, 39.072428999660559 ], [ -84.502579999839526, 39.072565000150192 ], [ -84.502656000007505, 39.072798000169641 ], [ -84.502656000007505, 39.07303000004427 ], [ -84.502645999961757, 39.073277000199795 ], [ -84.502647999611582, 39.073493000228616 ], [ -84.50262599987029, 39.073695000102894 ], [ -84.502630000068251, 39.073769999946983 ], [ -84.502788000251996, 39.07443800016528 ] ] ] ] } },
{ "type": "Feature", "properties": { "mdshnocar": 2.531 }, "geometry": { "type": "MultiPolygon", "coordinates": [ [ [ [ -84.547891000312632, 39.052851000267083 ], [ -84.547400000042956, 39.053199999779032 ], [ -84.5473049996084, 39.053252000026411 ], [ -84.546876000161319, 39.053562999660201 ], [ -84.546194000095923, 39.054064000317211 ], [ -84.543564999568574, 39.056130000052761 ], [ -84.542989999633306, 39.056582000305617 ], [ -84.542581000277693, 39.056906999958628 ], [ -84.541852000356656, 39.057480999733322 ], [ -84.541598999738355, 39.057652999743944 ], [ -84.541213999773888, 39.057893000080668 ], [ -84.540788999626443, 39.05813599975609 ], [ -84.540171999858387, 39.058455000345432 ], [ -84.539946999727491, 39.058557999760005 ], [ -84.539720999771674, 39.058650999745701 ], [ -84.539257999989402, 39.058823999970691 ], [ -84.538996000048584, 39.058914000182192 ], [ -84.538467999968987, 39.059076999846994 ], [ -84.536708000003088, 39.059588999855656 ], [ -84.536323999863527, 39.059694999796818 ], [ -84.534495000300652, 39.060218000216977 ], [ -84.533980999566438, 39.060353000267149 ], [ -84.533583000081506, 39.060444999729796 ], [ -84.533027000412801, 39.06055699988427 ], [ -84.532519000424685, 39.060642999682997 ], [ -84.53196799988055, 39.060716999896364 ], [ -84.53151500014404, 39.060761999856261 ], [ -84.531293000386171, 39.060783999702196 ], [ -84.531150000271055, 39.060792999827413 ], [ -84.530926999789969, 39.060808000033575 ], [ -84.530652000328672, 39.060820999744678 ], [ -84.530479999901218, 39.060829000316879 ], [ -84.529546999765671, 39.060849000348334 ], [ -84.528736999653773, 39.060868999676643 ], [ -84.528467000215329, 39.060886999904291 ], [ -84.528172999589145, 39.060917999820596 ], [ -84.527863999792658, 39.060965000140186 ], [ -84.527637000011936, 39.061005999666293 ], [ -84.527385999941771, 39.061063000260788 ], [ -84.526980999885822, 39.061173999891473 ], [ -84.526739000036486, 39.061257000311855 ], [ -84.526657999845639, 39.06128500004511 ], [ -84.526574000180048, 39.061118999870075 ], [ -84.526462999851972, 39.060902000090486 ], [ -84.526329999782561, 39.060636000035842 ], [ -84.52626399966033, 39.06051700034773 ], [ -84.526169000124099, 39.060317999788104 ], [ -84.526163000276313, 39.060347000146429 ], [ -84.526145999659562, 39.060381999913567 ], [ -84.52609299995612, 39.06043600025771 ], [ -84.526046999925356, 39.06045800020523 ], [ -84.525842999710846, 39.060478000341831 ], [ -84.525483999685648, 39.06047400003596 ], [ -84.525394000172284, 39.060461999814521 ], [ -84.525312999981438, 39.060430999697985 ], [ -84.525245000209367, 39.060408000187799 ], [ -84.525133999881277, 39.060405999684107 ], [ -84.525042999644683, 39.060411000245608 ], [ -84.524435000097455, 39.060441000119589 ], [ -84.523933999782031, 39.0604910001137 ], [ -84.523828000375147, 39.060514000294376 ], [ -84.523685000260016, 39.060558999686137 ], [ -84.52306799959365, 39.060789000236916 ], [ -84.523141000286884, 39.060594000045711 ], [ -84.52319399999034, 39.060350000206881 ], [ -84.52320700040913, 39.060149000060647 ], [ -84.523202000386263, 39.060062000100963 ], [ -84.523169999700883, 39.05952100004653 ], [ -84.52315899983023, 39.059322999736885 ], [ -84.52315899983023, 39.05930400023815 ], [ -84.523163999853097, 39.059037000169482 ], [ -84.523213000256916, 39.058769000211228 ], [ -84.523220999754514, 39.058681999946174 ], [ -84.523205999685899, 39.058595000271488 ], [ -84.523193000165421, 39.058514000069103 ], [ -84.523133999715867, 39.058306999982278 ], [ -84.523012000415449, 39.057944999662432 ], [ -84.522886999843664, 39.057580999693172 ], [ -84.522848000383931, 39.057411000095662 ], [ -84.52283099976718, 39.057270000315967 ], [ -84.522822000444648, 39.057059999869814 ], [ -84.522834999965141, 39.056850999798812 ], [ -84.522855999881543, 39.056737999739781 ], [ -84.522872999599969, 39.056641000199249 ], [ -84.522947999943042, 39.056439999957604 ], [ -84.523074000339733, 39.056206000038365 ], [ -84.523195999640151, 39.056044999953642 ], [ -84.523479000395682, 39.055725000016871 ], [ -84.523600999696114, 39.05560500010268 ], [ -84.523746000359395, 39.05550700007965 ], [ -84.523809000108585, 39.055475999880294 ], [ -84.523938999804912, 39.055434000308637 ], [ -84.524090000315965, 39.055403999702392 ], [ -84.524183000202385, 39.055393999962526 ], [ -84.524472999732296, 39.05539599991058 ], [ -84.524718999779594, 39.055421000303269 ], [ -84.524995999789027, 39.055449999882676 ], [ -84.525210999874162, 39.055451999829138 ], [ -84.525246999859178, 39.055449000258157 ], [ -84.525309999608368, 39.055444000042833 ], [ -84.52549299990649, 39.055410000243164 ], [ -84.525563000226697, 39.055382999898221 ], [ -84.525712000189614, 39.055324000348705 ], [ -84.526036000054702, 39.055158999738708 ], [ -84.526355999721844, 39.055009999812086 ], [ -84.526465000400108, 39.05496000012208 ], [ -84.526717000295179, 39.054856000011632 ], [ -84.526816999854304, 39.054821999928919 ], [ -84.527005000175265, 39.054789000161243 ], [ -84.527286000382645, 39.054774000071525 ], [ -84.527499999744592, 39.054751999748078 ], [ -84.527657000103432, 39.054722000247274 ], [ -84.527816000112082, 39.05467199965576 ], [ -84.527893000104982, 39.054642000120914 ], [ -84.528021999976417, 39.054580000344394 ], [ -84.528289999765008, 39.054432000230136 ], [ -84.528507000398292, 39.054316000168818 ], [ -84.528396999895136, 39.054215000128657 ], [ -84.528016000128616, 39.054308000253805 ], [ -84.527985000166481, 39.054316000168818 ], [ -84.527917000394424, 39.054343000224144 ], [ -84.527884999709059, 39.054359000045366 ], [ -84.527825000332911, 39.054357999707868 ], [ -84.527755999837623, 39.054388000060911 ], [ -84.527672000172032, 39.054399000280156 ], [ -84.527626000141282, 39.054411999776129 ], [ -84.527450000414191, 39.054426000303799 ], [ -84.527366999675209, 39.054415999727851 ], [ -84.527328000215448, 39.054401000256441 ], [ -84.527313000146833, 39.054386999723818 ], [ -84.527184000275398, 39.054361999662653 ], [ -84.526867999907921, 39.054347999819889 ], [ -84.526733000188699, 39.054343999864315 ], [ -84.526556999563297, 39.054330999658283 ], [ -84.526473999722612, 39.054328999680017 ], [ -84.526320999561733, 39.054347999819889 ], [ -84.526252999789676, 39.054378000177181 ], [ -84.526084999560197, 39.054424000328218 ], [ -84.526016999788126, 39.054432000230136 ], [ -84.525939999795241, 39.054426000303799 ], [ -84.525868999650129, 39.054438000155919 ], [ -84.525771999565748, 39.054463000190175 ], [ -84.525687999900157, 39.054461000215639 ], [ -84.525635000196701, 39.054461000215639 ], [ -84.525550999632799, 39.054448999669837 ], [ -84.525482000035836, 39.054448000031158 ], [ -84.525398000370231, 39.054432000230136 ], [ -84.525292000065036, 39.054409000160966 ], [ -84.5251919996076, 39.054378000177181 ], [ -84.525116000337931, 39.054345000202019 ], [ -84.525055000238581, 39.054308000253805 ], [ -84.525039000345032, 39.054285000144255 ], [ -84.524857999696778, 39.054135999768633 ], [ -84.524834000305631, 39.054113999944029 ], [ -84.524773000206253, 39.054000000045647 ], [ -84.524718999779594, 39.053948999994759 ], [ -84.524613000372696, 39.053889000298092 ], [ -84.52448299977803, 39.053889999944694 ], [ -84.524475000280432, 39.053850000119141 ], [ -84.524475000280432, 39.053769000054324 ], [ -84.524445000143189, 39.053717999836614 ], [ -84.524384000043838, 39.053661000288351 ], [ -84.524322999944474, 39.053617000336381 ], [ -84.524283999586402, 39.05357499965902 ], [ -84.524276000088804, 39.053530000001793 ], [ -84.524245999951575, 39.053483999966005 ], [ -84.524199999920825, 39.05346100028563 ], [ -84.524092999790696, 39.053441000254217 ], [ -84.524055999980774, 39.053425999878158 ], [ -84.524016999622717, 39.053379999774577 ], [ -84.523970999591953, 39.053284000159614 ], [ -84.523933999782031, 39.053278000135741 ], [ -84.523877999705547, 39.053199999779032 ], [ -84.523809000108585, 39.053142000155546 ], [ -84.523587000350702, 39.052964999927568 ], [ -84.523446999710316, 39.052818999937664 ], [ -84.523296000097588, 39.052644999985567 ], [ -84.5231770002719, 39.052519999995866 ], [ -84.523136000264003, 39.052486999850075 ], [ -84.522957000163871, 39.052386999652335 ], [ -84.522773999865763, 39.05229599982367 ], [ -84.522562999978561, 39.052175999663376 ], [ -84.522384999703334, 39.052009999698519 ], [ -84.522337000022759, 39.051976000338364 ], [ -84.522276999748314, 39.051959999977228 ], [ -84.522172999991227, 39.051945999658287 ], [ -84.522146000227053, 39.051942999938376 ], [ -84.522090000150556, 39.051929000313635 ], [ -84.522076999731752, 39.051925999895381 ], [ -84.522044000119806, 39.051927999941711 ], [ -84.52202400002831, 39.051938999846527 ], [ -84.521994999716, 39.051955000212416 ], [ -84.521964999578756, 39.051966000113083 ], [ -84.521880000088274, 39.051955000212416 ], [ -84.521711000033875, 39.051863999827162 ], [ -84.521542999804382, 39.051764999819085 ], [ -84.521443000245256, 39.051725999862391 ], [ -84.521264999970029, 39.051651999992629 ], [ -84.52117200008361, 39.051608000184153 ], [ -84.521111999809165, 39.051589000004704 ], [ -84.521038000189307, 39.051578999724626 ], [ -84.520816000431452, 39.051565999707222 ], [ -84.52073299969247, 39.051545000156985 ], [ -84.520674999966147, 39.05152100016511 ], [ -84.520640999630956, 39.051508999817266 ], [ -84.520604999645954, 39.051497000165021 ], [ -84.520532999675936, 39.051475999896695 ], [ -84.520363999621509, 39.051449999821507 ], [ -84.520001000296702, 39.051460999800838 ], [ -84.519883000295906, 39.051447000080543 ], [ -84.519822000196541, 39.051431000297185 ], [ -84.519720000089279, 39.05139000009455 ], [ -84.519479999889782, 39.051335000125661 ], [ -84.519123000412705, 39.05128200017851 ], [ -84.518972999726572, 39.051222999993122 ], [ -84.518800000372536, 39.051134999814231 ], [ -84.518759000364639, 39.051114999821671 ], [ -84.518718000356756, 39.051081000030649 ], [ -84.518716999633526, 39.051054999810098 ], [ -84.518345000087862, 39.050938999782716 ], [ -84.518085999621761, 39.050832000262055 ], [ -84.518165999987701, 39.050745999675776 ], [ -84.518308000277926, 39.050549999959976 ], [ -84.518565000195878, 39.050195000321459 ], [ -84.518785000303907, 39.049885000209407 ], [ -84.518985000320455, 39.0495840002907 ], [ -84.519060999590124, 39.049469000346946 ], [ -84.519120999864583, 39.049378999957071 ], [ -84.520011000342436, 39.04803899996584 ], [ -84.52044999983525, 39.047329999912961 ], [ -84.520707999578121, 39.046877999743359 ], [ -84.52093899955679, 39.046412000149068 ], [ -84.521256999574121, 39.04576900014829 ], [ -84.521618000147441, 39.045028999734711 ], [ -84.521778999805932, 39.044735999657426 ], [ -84.522014999807482, 39.044361000288063 ], [ -84.522095000173408, 39.04424600021288 ], [ -84.522266999702552, 39.04402799972636 ], [ -84.522311000083491, 39.043971999819206 ], [ -84.522470999917061, 39.043793000055054 ], [ -84.52276800001799, 39.043496999656455 ], [ -84.52311100014964, 39.043197000221504 ], [ -84.523327000059709, 39.043034000182757 ], [ -84.523400999679566, 39.042978999986346 ], [ -84.524123999752831, 39.042486000094243 ], [ -84.524798000320615, 39.042027000229666 ], [ -84.525564999876508, 39.041486999977536 ], [ -84.526000999894606, 39.04117200019197 ], [ -84.526950999748593, 39.040443999903303 ], [ -84.527271000314059, 39.040185999656863 ], [ -84.527744000142064, 39.039806999776836 ], [ -84.528176999787107, 39.039461999775277 ], [ -84.52858199984307, 39.039137000083443 ], [ -84.52881600019478, 39.038942000108904 ], [ -84.528919000126947, 39.038853999979963 ], [ -84.529232000121397, 39.038580000303782 ], [ -84.529418999719141, 39.038403999732289 ], [ -84.529596000169462, 39.038232000288467 ], [ -84.529668000139495, 39.038163000280328 ], [ -84.529932999555058, 39.037878999891305 ], [ -84.530238000051881, 39.037534000244186 ], [ -84.530397999885452, 39.037343000253109 ], [ -84.530619999643307, 39.037059999941775 ], [ -84.530783999674838, 39.036843000195212 ], [ -84.531253000203208, 39.03620599970089 ], [ -84.531443000174008, 39.035865999766955 ], [ -84.531659000084076, 39.035511000296395 ], [ -84.531778999734669, 39.035570000347697 ], [ -84.53187499999413, 39.035622000316621 ], [ -84.532618999983796, 39.036032999891717 ], [ -84.533132999819699, 39.036302000198745 ], [ -84.5334359997684, 39.036480000209821 ], [ -84.533630999762067, 39.036592999886182 ], [ -84.534008000228923, 39.036826999894913 ], [ -84.534061999757299, 39.036861000267059 ], [ -84.534451999744647, 39.037118000211329 ], [ -84.534517000041959, 39.037163999741637 ], [ -84.534893999610503, 39.037428999713867 ], [ -84.535003000288768, 39.03751399988937 ], [ -84.535486000162521, 39.037889999890766 ], [ -84.535977000432197, 39.038312000162982 ], [ -84.536303999772045, 39.038612000106859 ], [ -84.536658999599283, 39.038966000188481 ], [ -84.536988000385563, 39.039318000186412 ], [ -84.538298999914588, 39.040718999858903 ], [ -84.538519000022603, 39.040966999865041 ], [ -84.53876199969686, 39.041257999876294 ], [ -84.539056000323029, 39.04110099991123 ], [ -84.539244999570613, 39.04100799983847 ], [ -84.53937900036324, 39.040930999715606 ], [ -84.539427999868721, 39.040903000284381 ], [ -84.539577999656544, 39.041035999925761 ], [ -84.539605000319042, 39.041059999991774 ], [ -84.539651000349807, 39.04110099991123 ], [ -84.539667000243313, 39.041115000286688 ], [ -84.539694999832406, 39.041140000152872 ], [ -84.539870999559497, 39.041381999739933 ], [ -84.539909000092649, 39.041404999865115 ], [ -84.539946999727491, 39.041411000199894 ], [ -84.540016000222778, 39.041408000032568 ], [ -84.540084999819754, 39.041431999972211 ], [ -84.540154000315027, 39.041482999991253 ], [ -84.54018399955396, 39.041518999859413 ], [ -84.54022899975979, 39.041627999871707 ], [ -84.540237999980619, 39.041746000175529 ], [ -84.540207000018484, 39.041808000055156 ], [ -84.540077000322142, 39.041967000172889 ], [ -84.540046000360007, 39.042034000325962 ], [ -84.53999299975824, 39.042110000131153 ], [ -84.539985000260643, 39.042150000326231 ], [ -84.53999299975824, 39.042249999668392 ], [ -84.540007999826869, 39.042277000150214 ], [ -84.540053999857605, 39.04231800006113 ], [ -84.540145999919119, 39.042365000202011 ], [ -84.54025999972194, 39.042407999680044 ], [ -84.540299000079997, 39.042445000280821 ], [ -84.540366999852068, 39.042527999691224 ], [ -84.540443999844953, 39.042673000217725 ], [ -84.540458999913568, 39.042719000317732 ], [ -84.54049700044672, 39.042764999690128 ], [ -84.540627000143061, 39.042983999688843 ], [ -84.540649999709274, 39.043046999677458 ], [ -84.540688000242426, 39.043115999799802 ], [ -84.540695999740038, 39.043149000137873 ], [ -84.540709999983733, 39.043211000181607 ], [ -84.540718000379641, 39.043287000115981 ], [ -84.540764000410391, 39.043383000063137 ], [ -84.541014999582259, 39.043636000141859 ], [ -84.541075999681624, 39.043881000311508 ], [ -84.54107700040484, 39.043925999837377 ], [ -84.541053999940317, 39.043961000068947 ], [ -84.541001000236861, 39.044000999913742 ], [ -84.540970000274726, 39.044009000298551 ], [ -84.540961999878803, 39.04399499979889 ], [ -84.54103100037409, 39.043915999867721 ], [ -84.541046000442705, 39.04387500018651 ], [ -84.541022999978182, 39.043848000315371 ], [ -84.540885999710824, 39.043948999832033 ], [ -84.540817000113847, 39.044195000095336 ], [ -84.540824999611445, 39.044380000318888 ], [ -84.540810000441155, 39.044447000276548 ], [ -84.540817999938767, 39.044555000178704 ], [ -84.540894000106732, 39.044733000328954 ], [ -84.54103100037409, 39.044933999704696 ], [ -84.54121899979674, 39.045183999803207 ], [ -84.541243999911117, 39.045218000339844 ], [ -84.541289999941867, 39.045336000228694 ], [ -84.541313000406404, 39.045448999695125 ], [ -84.541366000109846, 39.045575999867523 ], [ -84.541443000102745, 39.045695000316272 ], [ -84.541541999836952, 39.045795999982893 ], [ -84.541665999685506, 39.045885000294696 ], [ -84.541669000058548, 39.045900999939107 ], [ -84.541673000256509, 39.045920000253346 ], [ -84.541717999564042, 39.046128999884665 ], [ -84.541741999853485, 39.046242999930328 ], [ -84.541763999594792, 39.04634700016647 ], [ -84.541747999701258, 39.046390000011364 ], [ -84.541725000135045, 39.04648899987933 ], [ -84.541732999632643, 39.046692000034369 ], [ -84.541747999701258, 39.046728000038804 ], [ -84.541732999632643, 39.046849999878475 ], [ -84.541732999632643, 39.047030000012022 ], [ -84.541747999701258, 39.047070999955046 ], [ -84.54174000020366, 39.047114999799369 ], [ -84.541716999739123, 39.047155999693054 ], [ -84.541701999670508, 39.047208999945774 ], [ -84.541664000035667, 39.047271999654718 ], [ -84.541626000400854, 39.047406000299489 ], [ -84.541572999799087, 39.047494999978099 ], [ -84.541480999737573, 39.047579000167694 ], [ -84.541443000102745, 39.04762700003181 ], [ -84.541428000034131, 39.04767199996202 ], [ -84.541419999638222, 39.047753000043194 ], [ -84.541436000430053, 39.048033000194025 ], [ -84.541428000034131, 39.048244000002832 ], [ -84.541450999600357, 39.048330000147502 ], [ -84.541565000301475, 39.048567000215165 ], [ -84.541587999867701, 39.048638999689665 ], [ -84.541640999571143, 39.048752999870224 ], [ -84.541672000431603, 39.048799000197029 ], [ -84.541732999632643, 39.04895399966702 ], [ -84.541747999701258, 39.048984999938789 ], [ -84.541839999762786, 39.049109000192175 ], [ -84.541884999968616, 39.049199999941436 ], [ -84.541985000426038, 39.049354999926742 ], [ -84.542007000167359, 39.0494100000423 ], [ -84.542014999664957, 39.049427999702971 ], [ -84.542023000060865, 39.049513000092773 ], [ -84.542145000259609, 39.049782000003781 ], [ -84.5422289999252, 39.049883000105226 ], [ -84.542259000062444, 39.049932999901721 ], [ -84.542259000062444, 39.050019000082749 ], [ -84.542305000093194, 39.050100999963114 ], [ -84.542396000329788, 39.050165999979313 ], [ -84.542517999630192, 39.050230999935749 ], [ -84.542679000187007, 39.050288999857017 ], [ -84.542946000150678, 39.050348000125034 ], [ -84.543075999847019, 39.050387000145086 ], [ -84.543320000244506, 39.050478000340611 ], [ -84.543372999947948, 39.050492000252994 ], [ -84.543415999605656, 39.050490999860713 ], [ -84.543473000405385, 39.050534999667448 ], [ -84.543502999644289, 39.050531999887603 ], [ -84.543609999774418, 39.050520000069355 ], [ -84.543731000148242, 39.050467999903219 ], [ -84.543845999775968, 39.050447999721833 ], [ -84.543998999936846, 39.050447000026516 ], [ -84.544081999777518, 39.050435000193829 ], [ -84.544243000334319, 39.050394000110614 ], [ -84.544357000137126, 39.050396000200323 ], [ -84.544464000267254, 39.050407000343753 ], [ -84.544670000131589, 39.050447999721833 ], [ -84.544875999995895, 39.050524000241531 ], [ -84.544906000133125, 39.050552000045215 ], [ -84.544983000126024, 39.050588999868438 ], [ -84.545105000324753, 39.050645999803322 ], [ -84.545593000221388, 39.050927000033617 ], [ -84.545676999886979, 39.050954999677536 ], [ -84.545784000017107, 39.051020999990193 ], [ -84.545959999744198, 39.051083000100896 ], [ -84.546013000345965, 39.051134000128627 ], [ -84.546059000376715, 39.051156999869228 ], [ -84.546256999845113, 39.051183999737077 ], [ -84.546326000340386, 39.051220999926834 ], [ -84.546447999640819, 39.05131900031688 ], [ -84.546538999877427, 39.051370000174245 ], [ -84.546714999604518, 39.051445999701784 ], [ -84.546821999734632, 39.051466000298191 ], [ -84.546882000009091, 39.051503000340205 ], [ -84.546950999606054, 39.051532000133314 ], [ -84.547090000421548, 39.051623999927472 ], [ -84.54711299998776, 39.051632000146519 ], [ -84.547168000239367, 39.051723999810356 ], [ -84.547826999840211, 39.052570000018299 ], [ -84.54801299961305, 39.052756000293165 ], [ -84.547891000312632, 39.052851000267083 ] ] ] ] } },
{ "type": "Feature", "properties": { "mdshnocar": 0.606 }, "geometry": { "type": "MultiPolygon", "coordinates": [ [ [ [ -84.497684000081378, 38.93039500015098 ], [ -84.496747999572776, 38.931005999911022 ], [ -84.496489999829919, 38.93118400001768 ], [ -84.495782999650174, 38.931647999993821 ], [ -84.495374000294575, 38.931918000284711 ], [ -84.494559999984716, 38.932478999854261 ], [ -84.494273999754455, 38.932691999847755 ], [ -84.493903000033669, 38.932952000071786 ], [ -84.49383199988857, 38.932997000296027 ], [ -84.49336099971039, 38.933291999894159 ], [ -84.493303999808973, 38.933330000229326 ], [ -84.49268000036821, 38.933745999882042 ], [ -84.492194000121401, 38.934042999745344 ], [ -84.49205199983119, 38.934147000064634 ], [ -84.491995999754678, 38.934198999817639 ], [ -84.491934999655314, 38.934250000290952 ], [ -84.491864000408512, 38.934342000339498 ], [ -84.491815999829626, 38.934468000242717 ], [ -84.491785999692397, 38.934563999752505 ], [ -84.491748999882475, 38.934693999696783 ], [ -84.491722999943221, 38.934859999752234 ], [ -84.49173399981386, 38.935221000072175 ], [ -84.491770999623796, 38.935807000130183 ], [ -84.491759999753143, 38.936131000222716 ], [ -84.491753999905356, 38.936197000098893 ], [ -84.491762000301279, 38.936397999788042 ], [ -84.491818000377776, 38.937138999894664 ], [ -84.491809999981854, 38.937280000282833 ], [ -84.491808000332028, 38.937769000274493 ], [ -84.491824000225549, 38.938241000263147 ], [ -84.491788000240547, 38.93865099978786 ], [ -84.49178300021768, 38.938719999745807 ], [ -84.491755999555181, 38.938920000095131 ], [ -84.491687999783124, 38.939587999800558 ], [ -84.491656999820975, 38.939786000073084 ], [ -84.491593000246866, 38.939979999655705 ], [ -84.49150000036046, 38.940183000213715 ], [ -84.491476000071003, 38.940228000041913 ], [ -84.491401999552835, 38.94036399990798 ], [ -84.49127500022955, 38.940520000049617 ], [ -84.491209999932224, 38.940595000089601 ], [ -84.490630999798995, 38.941045000060967 ], [ -84.489454999989192, 38.94187600020566 ], [ -84.488863000335499, 38.942275000176544 ], [ -84.488659000121004, 38.942412999959053 ], [ -84.488490000066577, 38.942550000348334 ], [ -84.488175000422331, 38.942856999958366 ], [ -84.488163999653366, 38.942868999882002 ], [ -84.487848000184172, 38.943177999835846 ], [ -84.487686999627385, 38.943307000245682 ], [ -84.487614999657353, 38.94334900005228 ], [ -84.487561999953925, 38.943382000132374 ], [ -84.487373999632936, 38.943470000270821 ], [ -84.486812000116458, 38.943644999713484 ], [ -84.48667599967402, 38.943695999681388 ], [ -84.486535000107025, 38.943759000084242 ], [ -84.486104999936714, 38.944003999721374 ], [ -84.485838999797949, 38.944167000240029 ], [ -84.485730000017981, 38.944238000018743 ], [ -84.485545000070061, 38.944386000244016 ], [ -84.485453999833467, 38.944473999834969 ], [ -84.485352999551125, 38.944585000187345 ], [ -84.485254999641839, 38.944711000055818 ], [ -84.485184000395037, 38.944824000318455 ], [ -84.485104999854016, 38.944978000151437 ], [ -84.484934999974712, 38.945390000110656 ], [ -84.484779000339088, 38.945712999954189 ], [ -84.484508000177428, 38.946179999901119 ], [ -84.484271000350972, 38.946540000113565 ], [ -84.484010000235074, 38.946919000261765 ], [ -84.483770000035548, 38.947268000095576 ], [ -84.483694999692489, 38.947360999777409 ], [ -84.483304999705155, 38.947844000219099 ], [ -84.483221999864469, 38.94798500027855 ], [ -84.483142000396825, 38.948123000124632 ], [ -84.482663999647627, 38.949122000110783 ], [ -84.481691000227428, 38.951229999786726 ], [ -84.481291000194346, 38.952009000079805 ], [ -84.48123900031581, 38.952171999656954 ], [ -84.481234000292929, 38.952246000258434 ], [ -84.481240000140716, 38.952349999727055 ], [ -84.48131799995852, 38.952812999848639 ], [ -84.481329999654093, 38.952916999882454 ], [ -84.481326000354443, 38.953123999817905 ], [ -84.481306000262961, 38.953275999739915 ], [ -84.481251999836275, 38.953499999986782 ], [ -84.481232999569698, 38.953561000024912 ], [ -84.48119199956183, 38.953647000069637 ], [ -84.481096000200679, 38.95379999993181 ], [ -84.480856999826059, 38.954089999905761 ], [ -84.480524999565048, 38.954449999764151 ], [ -84.480084000422409, 38.954899999809832 ], [ -84.479718999651098, 38.955241999861585 ], [ -84.479362999998955, 38.955528000263506 ], [ -84.478958999767912, 38.955854000320301 ], [ -84.478500000183601, 38.956231999935746 ], [ -84.478434000061355, 38.956286999844785 ], [ -84.478014999761697, 38.956716000325024 ], [ -84.477945000339815, 38.956757000247983 ], [ -84.477907999631569, 38.956768000291468 ], [ -84.477813999920258, 38.956768000291468 ], [ -84.477783999783028, 38.956763000081409 ], [ -84.477705999965224, 38.956750999715553 ], [ -84.477588999789347, 38.956733000210775 ], [ -84.477499000275984, 38.956914999882621 ], [ -84.477211000395897, 38.957562999862745 ], [ -84.476992000112787, 38.958042999727326 ], [ -84.476920999967675, 38.958234000138511 ], [ -84.476829999731081, 38.95849899969545 ], [ -84.476683000316285, 38.959109000088965 ], [ -84.476612999996092, 38.9593219997166 ], [ -84.476565000315517, 38.959407000169762 ], [ -84.476504000216138, 38.959471000164235 ], [ -84.476450999614372, 38.959511000306094 ], [ -84.476356999903047, 38.959558000304206 ], [ -84.476268000214603, 38.959587000094238 ], [ -84.476121999726402, 38.959608999999361 ], [ -84.476027000190172, 38.959605000271146 ], [ -84.475926999732749, 38.959583999947917 ], [ -84.4757540003787, 38.959525999654922 ], [ -84.475015000411901, 38.959211000088928 ], [ -84.474687000348837, 38.959100000287414 ], [ -84.4744300004309, 38.959032000197219 ], [ -84.474382999676905, 38.959027000146904 ], [ -84.474334000171439, 38.959022000096304 ], [ -84.474232999889097, 38.959032000197219 ], [ -84.473934000138343, 38.959097000120465 ], [ -84.473748000365504, 38.959155999655245 ], [ -84.473553000371837, 38.959228999662805 ], [ -84.473376999746435, 38.959309000197116 ], [ -84.473221000110811, 38.959407000169762 ], [ -84.47320199984425, 38.959430999999853 ], [ -84.473186999775621, 38.959449000216324 ], [ -84.47312499985135, 38.959612000144638 ], [ -84.473113999980697, 38.959792000246885 ], [ -84.473132000422339, 38.959950000099504 ], [ -84.473235000354506, 38.960339999978281 ], [ -84.473385000142343, 38.960652000012153 ], [ -84.473508999990912, 38.960845999770349 ], [ -84.473907000374169, 38.961352000139847 ], [ -84.474146999675369, 38.961673000082854 ], [ -84.474262000201406, 38.961868000088899 ], [ -84.47430599968402, 38.961972000105497 ], [ -84.474320999752635, 38.962049999843146 ], [ -84.474312000430118, 38.962122000115762 ], [ -84.474309000057062, 38.962151000253449 ], [ -84.474262000201406, 38.962237999896665 ], [ -84.474129999956929, 38.962346999885035 ], [ -84.47386399981815, 38.962475000093015 ], [ -84.473826000183323, 38.962502000303765 ], [ -84.47378400035052, 38.962531999827419 ], [ -84.473731999573658, 38.962590999994411 ], [ -84.473623999618624, 38.962762000177136 ], [ -84.473522000409702, 38.962971999996221 ], [ -84.473466000333204, 38.963151999944444 ], [ -84.47342000030244, 38.963470000132226 ], [ -84.473410000256706, 38.963595999956773 ], [ -84.473416000104478, 38.963701999979293 ], [ -84.47342399960209, 38.963722999780465 ], [ -84.473452000089495, 38.963781000130162 ], [ -84.473510999640723, 38.963836999989269 ], [ -84.473617999770852, 38.963908999842829 ], [ -84.473792999673023, 38.964004999999389 ], [ -84.473969000298439, 38.964087999986262 ], [ -84.474156999721103, 38.964160000283208 ], [ -84.474353000438015, 38.964244999821688 ], [ -84.47445999966979, 38.964302000227526 ], [ -84.474528000340186, 38.964364999777167 ], [ -84.47459000026447, 38.964462000227101 ], [ -84.474616000203724, 38.964574999734047 ], [ -84.474613999655602, 38.964603000053778 ], [ -84.474612000005763, 38.964667999755548 ], [ -84.474576999845667, 38.964777999705994 ], [ -84.474302000384384, 38.965167000046605 ], [ -84.474144000200624, 38.96544900010533 ], [ -84.474120999736087, 38.965545999769496 ], [ -84.474121999561007, 38.96559599984689 ], [ -84.474145000025544, 38.96567399978548 ], [ -84.474218999645373, 38.965813000304841 ], [ -84.474328000323624, 38.965958999797898 ], [ -84.474528000340186, 38.966156000258735 ], [ -84.474638999769951, 38.966223000308368 ], [ -84.474796000128777, 38.966287999920631 ], [ -84.474934000221054, 38.966323000170718 ], [ -84.475176000070377, 38.966365000308286 ], [ -84.47529599972097, 38.966380000301463 ], [ -84.475417000094794, 38.966384999832876 ], [ -84.475663000142092, 38.966375000071288 ], [ -84.475862000333734, 38.966347999939636 ], [ -84.476406000306866, 38.966249999789191 ], [ -84.4766060003234, 38.966222000120425 ], [ -84.476794999570984, 38.966218000067052 ], [ -84.47693400038645, 38.966245999737396 ], [ -84.477023999899828, 38.96628100000823 ], [ -84.477099000242916, 38.966350000311884 ], [ -84.477130000205037, 38.966394000106007 ], [ -84.47715699996921, 38.966512000244428 ], [ -84.477146999923477, 38.966631999852126 ], [ -84.477127999656915, 38.966699000150022 ], [ -84.477091999671899, 38.966781999774341 ], [ -84.476859999868296, 38.967223000262393 ], [ -84.476770000354932, 38.967412000030251 ], [ -84.476731999821794, 38.967548000123948 ], [ -84.476721999776032, 38.967656000156232 ], [ -84.476725000149088, 38.967783999851868 ], [ -84.476777999852544, 38.967952999745066 ], [ -84.476828000081241, 38.968045000058787 ], [ -84.47699700013564, 38.968274999971229 ], [ -84.477213999870628, 38.968481999742771 ], [ -84.477404999666334, 38.968598999740834 ], [ -84.477546999956559, 38.968658999897691 ], [ -84.47763200034538, 38.968674000103547 ], [ -84.477762000041722, 38.968675999711678 ], [ -84.478071999663115, 38.968647000149737 ], [ -84.478265000006957, 38.968611000195331 ], [ -84.478518999551852, 38.968517000305667 ], [ -84.47868500013152, 38.968427999678475 ], [ -84.478979999684313, 38.968239999987162 ], [ -84.479342000082553, 38.967982000289581 ], [ -84.479577000259212, 38.967812999767119 ], [ -84.479706000130633, 38.967732999755299 ], [ -84.479913999644779, 38.967644999707765 ], [ -84.479999000033587, 38.967623000202622 ], [ -84.480025999797775, 38.967616999891945 ], [ -84.48021699959348, 38.967582000281205 ], [ -84.48024799955563, 38.96757599996706 ], [ -84.480275000218114, 38.967574999798273 ], [ -84.480400999716494, 38.96755300027138 ], [ -84.480697999817409, 38.967540000166785 ], [ -84.480907000054799, 38.967569000181925 ], [ -84.481080000307145, 38.967615999723684 ], [ -84.481293999669077, 38.967707999776707 ], [ -84.481461999898571, 38.967816999730431 ], [ -84.481585999747125, 38.967913000178676 ], [ -84.481772000418275, 38.96808500024904 ], [ -84.481834000342559, 38.96816200008022 ], [ -84.481892999893802, 38.968271000033788 ], [ -84.481976999559379, 38.96852299984166 ], [ -84.481984000130382, 38.968625999712955 ], [ -84.4819640000389, 38.968721999763233 ], [ -84.481923000031017, 38.968822999741136 ], [ -84.481852999710824, 38.96893899972482 ], [ -84.481733999885137, 38.969088999650879 ], [ -84.481589000120181, 38.969225000017026 ], [ -84.481419000240876, 38.969348999794562 ], [ -84.481329999654093, 38.969401999712133 ], [ -84.480457999617911, 38.969914999987722 ], [ -84.480323999723609, 38.970001999874256 ], [ -84.480161000415293, 38.970126999821225 ], [ -84.480060000132951, 38.970221999800962 ], [ -84.479971000444507, 38.970318999913488 ], [ -84.479871999811976, 38.970455000013182 ], [ -84.479782000298613, 38.97061600020966 ], [ -84.479728999696846, 38.97080299975719 ], [ -84.479710000328581, 38.970909000170344 ], [ -84.479713999628231, 38.971091999864576 ], [ -84.479768000054918, 38.971261000246102 ], [ -84.479792000344361, 38.971320000127328 ], [ -84.479835000002069, 38.971388000296365 ], [ -84.479942999957089, 38.971522000212488 ], [ -84.480048000437392, 38.971611999857487 ], [ -84.480157000217332, 38.971674999890126 ], [ -84.480697999817409, 38.971913000050918 ], [ -84.481087999804743, 38.972059000240897 ], [ -84.48196300021398, 38.972297999911873 ], [ -84.482104999605909, 38.972344999807781 ], [ -84.48245199993552, 38.972488000205701 ], [ -84.482778000348773, 38.972648999971206 ], [ -84.482934999809288, 38.972744000060246 ], [ -84.483129999802955, 38.972894999704259 ], [ -84.483493999851035, 38.973210999975556 ], [ -84.483657999882553, 38.973394000007353 ], [ -84.48429700029024, 38.974225000098926 ], [ -84.484617999782301, 38.97470099994171 ], [ -84.485005000294905, 38.975340000133244 ], [ -84.485247000144227, 38.975774000043103 ], [ -84.485298000197858, 38.975898000227218 ], [ -84.485313000266487, 38.975954000284226 ], [ -84.485325999786937, 38.976153000278231 ], [ -84.485329000159993, 38.976189999938235 ], [ -84.485340999855566, 38.976416999807235 ], [ -84.48533500000778, 38.976608000265493 ], [ -84.485618999689919, 38.97666799992286 ], [ -84.485653000025096, 38.976675000205447 ], [ -84.485812000033761, 38.97671899987099 ], [ -84.4860129998752, 38.976782000249123 ], [ -84.486402999862548, 38.976925000068128 ], [ -84.48667700039725, 38.977047000261713 ], [ -84.48681999961407, 38.977122000058827 ], [ -84.487080999729983, 38.977276000240636 ], [ -84.487135999981561, 38.977306999824052 ], [ -84.487448999976024, 38.977530000189631 ], [ -84.487613000007528, 38.977659000224534 ], [ -84.487824999719635, 38.977857000291884 ], [ -84.488064000094241, 38.978116999673539 ], [ -84.488148999584737, 38.97822699968863 ], [ -84.48834799977638, 38.978520000285201 ], [ -84.488442000386016, 38.978686999677656 ], [ -84.488548999617819, 38.97891099989598 ], [ -84.488653000273217, 38.979207999775518 ], [ -84.488750000357598, 38.979587999786972 ], [ -84.488791000365467, 38.979749000170912 ], [ -84.489105000184821, 38.981007999752556 ], [ -84.489210999591734, 38.981458000103636 ], [ -84.489270000041287, 38.981754999774104 ], [ -84.489299000353583, 38.982172000107802 ], [ -84.489294000330716, 38.982393999856306 ], [ -84.489260999820445, 38.982713000201208 ], [ -84.489223000185603, 38.982871999858247 ], [ -84.488981000336267, 38.983834000290095 ], [ -84.488907999643018, 38.984198000271846 ], [ -84.488854999939576, 38.984523999675879 ], [ -84.488768999725835, 38.985145999857522 ], [ -84.488558999663567, 38.987502999908045 ], [ -84.488522999678565, 38.987960000036949 ], [ -84.488510999982978, 38.988181999789532 ], [ -84.48848599986863, 38.988337000229436 ], [ -84.488315999989325, 38.990324000281532 ], [ -84.488228999950692, 38.991344999941617 ], [ -84.488167000026408, 38.991945999730326 ], [ -84.48804599965257, 38.992883000263369 ], [ -84.487996000322184, 38.993191000149707 ], [ -84.487942999720417, 38.993384000347412 ], [ -84.487915999956243, 38.993480000347411 ], [ -84.487869999925479, 38.993616999751019 ], [ -84.487519000296203, 38.994503999924703 ], [ -84.487296999640051, 38.995076000206701 ], [ -84.4871950004311, 38.99541600013152 ], [ -84.487129000308869, 38.995727000176437 ], [ -84.487110000042279, 38.995863000348031 ], [ -84.48710199964637, 38.99592299974509 ], [ -84.487075999707102, 38.996229000137781 ], [ -84.487064999836448, 38.997167000265158 ], [ -84.487060999638473, 38.998070999664279 ], [ -84.487053000140875, 38.998621999819008 ], [ -84.487052000315984, 38.999882999665822 ], [ -84.487075999707102, 39.00008099970858 ], [ -84.48711500006516, 39.000242999966098 ], [ -84.487258000180304, 39.00078999976698 ], [ -84.487289999967331, 39.001034000067776 ], [ -84.487308000409016, 39.001540000229902 ], [ -84.487311999708652, 39.001841999932211 ], [ -84.487303000386134, 39.002000999902336 ], [ -84.487294999990226, 39.002138999942467 ], [ -84.48719600025602, 39.002861000225749 ], [ -84.48717799981435, 39.003049999812113 ], [ -84.487186000210272, 39.003587000158667 ], [ -84.487284999944478, 39.00518799991282 ], [ -84.487290999792265, 39.005255999664868 ], [ -84.487310999883732, 39.005469000117998 ], [ -84.487473000265453, 39.006259000107853 ], [ -84.487561000129006, 39.006708000164785 ], [ -84.48757299982455, 39.006775999851854 ], [ -84.487578999672351, 39.007039000048444 ], [ -84.487551000083258, 39.007212999925059 ], [ -84.487469999892411, 39.007558000280248 ], [ -84.487272000424014, 39.008394000080145 ], [ -84.487224999670019, 39.008590999749281 ], [ -84.4871950004311, 39.00872400016523 ], [ -84.487146999852214, 39.00900900001507 ], [ -84.487096999623489, 39.009491000067186 ], [ -84.487060999638473, 39.010066000053016 ], [ -84.487064000011529, 39.010285000168274 ], [ -84.48708599975285, 39.010506000126263 ], [ -84.487119000263121, 39.010678000032627 ], [ -84.487171000141657, 39.010859999981299 ], [ -84.487247000309651, 39.011053999702447 ], [ -84.487474000090359, 39.011560000090562 ], [ -84.487607000159755, 39.011923999866355 ], [ -84.487637000296985, 39.01200499974378 ], [ -84.487701999696, 39.012139999798741 ], [ -84.487741000054058, 39.012219999890654 ], [ -84.487967000009874, 39.012796999784264 ], [ -84.48840899987573, 39.013864999997679 ], [ -84.488720000220368, 39.014613999837671 ], [ -84.489023999993975, 39.015415999791429 ], [ -84.489145000367799, 39.015699000220152 ], [ -84.489305000201384, 39.016010999930167 ], [ -84.490092999673649, 39.017484000110073 ], [ -84.49041099969098, 39.018105000089882 ], [ -84.491229000198814, 39.019639000274623 ], [ -84.491343999826526, 39.019856999930361 ], [ -84.491635000079654, 39.020430999964674 ], [ -84.491727000141182, 39.020672999980938 ], [ -84.491816999654546, 39.021049999662338 ], [ -84.491840000119083, 39.021199000031807 ], [ -84.491854000362778, 39.021365999918167 ], [ -84.49184500014195, 39.021669000221799 ], [ -84.49182599987536, 39.02213900007893 ], [ -84.491804999958973, 39.022609999692321 ], [ -84.491810999806773, 39.022875999887845 ], [ -84.491833000446377, 39.023125999867602 ], [ -84.491875000279165, 39.0233599998014 ], [ -84.491949999723928, 39.02368700031721 ], [ -84.492085000341461, 39.024141000335369 ], [ -84.492260000243661, 39.024721000141241 ], [ -84.492373000221562, 39.025172999694014 ], [ -84.492468999582698, 39.025666000346774 ], [ -84.492531000405293, 39.026084000180035 ], [ -84.492676000170263, 39.027216000166362 ], [ -84.492698999736476, 39.027453999903805 ], [ -84.492708999782224, 39.02787999974943 ], [ -84.49269700008665, 39.028229999821086 ], [ -84.492658999553498, 39.028675999945214 ], [ -84.492640000185247, 39.029046000228185 ], [ -84.492641999835058, 39.029360000344617 ], [ -84.492666999949421, 39.029891999878224 ], [ -84.492667999774341, 39.029922000154997 ], [ -84.492698999736476, 39.030250000303695 ], [ -84.492707999957318, 39.03034999973989 ], [ -84.492759000010935, 39.030657999794009 ], [ -84.492779999927336, 39.030786000010757 ], [ -84.492847999699393, 39.031012999917735 ], [ -84.492969999898122, 39.031319999907836 ], [ -84.493138999952535, 39.031624000075119 ], [ -84.49324500025773, 39.031780000204179 ], [ -84.493327000273496, 39.031880000266831 ], [ -84.493960999760006, 39.032661000172688 ], [ -84.494653999696027, 39.033503000074695 ], [ -84.494723000191343, 39.033588000088258 ], [ -84.494214000378307, 39.033582999720863 ], [ -84.493757000443807, 39.033607000225103 ], [ -84.493507000198548, 39.033607000225103 ], [ -84.49334099961888, 39.033597000190454 ], [ -84.493219000318476, 39.033601999859052 ], [ -84.493154999846055, 39.033620999992074 ], [ -84.493081000226212, 39.033641000053166 ], [ -84.493040000218329, 39.033652000014605 ], [ -84.492886000232531, 39.033694999910729 ], [ -84.492769000056668, 39.033699000337862 ], [ -84.492465000283062, 39.0336649998399 ], [ -84.49206400042506, 39.033581999786918 ], [ -84.491722000118301, 39.03346499974004 ], [ -84.491316000237447, 39.033239999910549 ], [ -84.490733999731162, 39.033009999654645 ], [ -84.490332999873161, 39.03287299978355 ], [ -84.490153999773014, 39.032829000140431 ], [ -84.48944699959327, 39.032584999973047 ], [ -84.489805999618483, 39.031962000268415 ], [ -84.489890000182385, 39.031559999707845 ], [ -84.490049000191036, 39.0307470003345 ], [ -84.490038000320396, 39.030086999705219 ], [ -84.490036999597152, 39.030051000292964 ], [ -84.49002999992446, 39.02961900033312 ], [ -84.490009999832978, 39.028420000011529 ], [ -84.489995999589283, 39.027514999742728 ], [ -84.489983000068804, 39.027351999815401 ], [ -84.489839999953674, 39.025620000310987 ], [ -84.489433000247885, 39.023840999675556 ], [ -84.489301999828314, 39.022856000270011 ], [ -84.489307999676114, 39.022586999730699 ], [ -84.489319000445064, 39.022232999954539 ], [ -84.489319000445064, 39.022095000034803 ], [ -84.489265999843326, 39.021683999664113 ], [ -84.489232000406446, 39.02142100018721 ], [ -84.489204999743947, 39.021219000118379 ], [ -84.48872400041833, 39.020451000268501 ], [ -84.487088000301, 39.018415000054119 ], [ -84.487000000437448, 39.018255999987808 ], [ -84.486126999678035, 39.016677999885388 ], [ -84.485244999596091, 39.015397999841746 ], [ -84.484102000296573, 39.014626999674441 ], [ -84.482298999774642, 39.013788999830567 ], [ -84.481146000429391, 39.012999000181715 ], [ -84.479665999947656, 39.01133599988804 ], [ -84.47936499964878, 39.010533000171726 ], [ -84.479296000051804, 39.010349999816995 ], [ -84.478865999881492, 39.009670000159637 ], [ -84.475452000254904, 39.006177000308973 ], [ -84.474218999645373, 39.005060000120075 ], [ -84.473333000263821, 39.00451000018564 ], [ -84.472101000377521, 39.004230999661694 ], [ -84.470936000438357, 39.004165000322644 ], [ -84.470544999727792, 39.004175999984071 ], [ -84.470383000244411, 39.004181000337276 ], [ -84.469759999730258, 39.004266000005472 ], [ -84.469378999963737, 39.004317999965664 ], [ -84.469144999612013, 39.004349999922155 ], [ -84.468623000278512, 39.004421000123003 ], [ -84.468228000268297, 39.004399000176527 ], [ -84.466161999980656, 39.004281999997318 ], [ -84.463960000148873, 39.004075999825965 ], [ -84.463042999906847, 39.003899000246768 ], [ -84.462058999717655, 39.003626000157666 ], [ -84.458347999990167, 39.001850999887324 ], [ -84.456085999883925, 39.000756999896268 ], [ -84.454414999606485, 39.000103000299674 ], [ -84.454027999992206, 38.999891999870187 ], [ -84.453119000146089, 38.999307999983024 ], [ -84.45221100012489, 38.998641000277459 ], [ -84.452083999903266, 38.998512000077675 ], [ -84.451934000115457, 38.998358999746948 ], [ -84.451457999914396, 38.997857999976297 ], [ -84.451077000147876, 38.997393999898108 ], [ -84.45061600001543, 38.996415999765112 ], [ -84.450610999992563, 38.994892999661275 ], [ -84.450699999681021, 38.994067000242204 ], [ -84.450800000138443, 38.993608999946019 ], [ -84.451009000375819, 38.993221999746645 ], [ -84.451663999778731, 38.992470999969939 ], [ -84.452946999718634, 38.991196000212916 ], [ -84.453858999937779, 38.990429000254487 ], [ -84.455326999825644, 38.989216999806601 ], [ -84.455414999689197, 38.989144999845884 ], [ -84.455679000178151, 38.988927999657108 ], [ -84.455861999577934, 38.988776999989085 ], [ -84.458122000034351, 38.986911999754547 ], [ -84.458347000165247, 38.986720999859742 ], [ -84.460260000292024, 38.985102999763718 ], [ -84.461638999593092, 38.983911999695557 ], [ -84.461848999655373, 38.98369099976027 ], [ -84.462775999943148, 38.982724999660782 ], [ -84.46440899968745, 38.980824999843861 ], [ -84.464821000314416, 38.980169999713596 ], [ -84.46488200041378, 38.980042000056102 ], [ -84.465248000111657, 38.979242999926171 ], [ -84.465515000075357, 38.978591999879178 ], [ -84.46587400010057, 38.977716000311283 ], [ -84.466377000065805, 38.975727000327744 ], [ -84.466568999686416, 38.97434299976257 ], [ -84.466566000211699, 38.973285000255252 ], [ -84.466397000157301, 38.972398000277096 ], [ -84.465740000206267, 38.971072999693149 ], [ -84.465284999921607, 38.96982799999428 ], [ -84.464683000222138, 38.968788000027899 ], [ -84.464097000416231, 38.968032000044488 ], [ -84.463642000131557, 38.967558999889029 ], [ -84.462446000230273, 38.96671299989152 ], [ -84.461194000252476, 38.966005000216917 ], [ -84.460049000404823, 38.965512000031922 ], [ -84.459332000179344, 38.965289000239508 ], [ -84.458338999769325, 38.965086999840416 ], [ -84.457866999766225, 38.965027000150279 ], [ -84.45712699997452, 38.96507999980934 ], [ -84.455765000391864, 38.965238999945377 ], [ -84.454796000271315, 38.96546099969656 ], [ -84.454346000009508, 38.965662999727691 ], [ -84.454135000122321, 38.965760999991723 ], [ -84.453838999846312, 38.965971000001211 ], [ -84.453586000126322, 38.966327999706095 ], [ -84.4533590003456, 38.966650000334532 ], [ -84.452837000113789, 38.967698000201878 ], [ -84.452400000270785, 38.968966999716521 ], [ -84.451036999964899, 38.973703000270007 ], [ -84.450706000427118, 38.974628999883315 ], [ -84.450193000416135, 38.975635000215092 ], [ -84.449547000335755, 38.976554000111385 ], [ -84.449324999679575, 38.976783000287952 ], [ -84.448543999880002, 38.977608000255096 ], [ -84.447876000058301, 38.978345999683881 ], [ -84.446008999962288, 38.980594000199574 ], [ -84.445659999982823, 38.980910000333466 ], [ -84.444588999755027, 38.981710999746369 ], [ -84.442960000208686, 38.982873999763811 ], [ -84.441861000391782, 38.983569999784656 ], [ -84.441026999990427, 38.984080000271767 ], [ -84.440368000389583, 38.984420999882872 ], [ -84.439390000048192, 38.984685000007943 ], [ -84.438378000269907, 38.984957999855723 ], [ -84.437384999859901, 38.985185000244769 ], [ -84.436362000210963, 38.985354999730276 ], [ -84.435879000337209, 38.985380999681304 ], [ -84.435191000424041, 38.985328999769699 ], [ -84.434704000352312, 38.98523800018156 ], [ -84.434191000341343, 38.985085999703173 ], [ -84.433859999905224, 38.984984999875536 ], [ -84.432658999981072, 38.984489999970911 ], [ -84.431034999559301, 38.983602000046474 ], [ -84.430854999634249, 38.983504000028169 ], [ -84.429472999960112, 38.982519000276575 ], [ -84.428611999794583, 38.981986999785605 ], [ -84.428140999616375, 38.981663999781752 ], [ -84.428053999577756, 38.981605000138572 ], [ -84.427285000372038, 38.980862999837129 ], [ -84.427070000286889, 38.980457000030349 ], [ -84.42679099972932, 38.979302000140969 ], [ -84.426794999927282, 38.978789000120564 ], [ -84.426936000392601, 38.978349999750648 ], [ -84.427190999762402, 38.977879000110029 ], [ -84.42806600017164, 38.976299000107673 ], [ -84.428319999716535, 38.975475000311363 ], [ -84.428442999740184, 38.975200000090517 ], [ -84.428487000121109, 38.975103999741656 ], [ -84.428696000358485, 38.974641000014529 ], [ -84.429149000095023, 38.97399800018723 ], [ -84.429868999795247, 38.973181000085532 ], [ -84.432547999652996, 38.970721000079848 ], [ -84.433257000380877, 38.970016999795703 ], [ -84.435091999791524, 38.968321999743004 ], [ -84.435552000099065, 38.96799900026609 ], [ -84.4362299999665, 38.967527000059796 ], [ -84.436923999727441, 38.966938999925503 ], [ -84.437810999832237, 38.966057999842718 ], [ -84.438817999587641, 38.964808999870705 ], [ -84.439927000348604, 38.963271000124728 ], [ -84.440484999667135, 38.962276000084685 ], [ -84.4409409997767, 38.96146299990604 ], [ -84.441918000293185, 38.959913000338055 ], [ -84.442326999648799, 38.959068000129825 ], [ -84.442457000243451, 38.958794999660519 ], [ -84.442617999901927, 38.958049999755133 ], [ -84.442610000404315, 38.957918000112073 ], [ -84.442576000069124, 38.957326000001061 ], [ -84.442550999954776, 38.956877999933461 ], [ -84.442624999574619, 38.95619399999903 ], [ -84.443012000087208, 38.95535999971294 ], [ -84.444069999896257, 38.954009999766477 ], [ -84.444541000074437, 38.953334000258494 ], [ -84.445373999752576, 38.952322000153814 ], [ -84.446496999858923, 38.951243000089654 ], [ -84.447400999682159, 38.950514000002379 ], [ -84.448088999595328, 38.950195999653921 ], [ -84.448692000017999, 38.950016000327004 ], [ -84.449044000370492, 38.949944000328571 ], [ -84.449411999718222, 38.949868999699305 ], [ -84.452779000387451, 38.949758999657469 ], [ -84.456270000006924, 38.949765999804974 ], [ -84.458564999725127, 38.949729000315102 ], [ -84.459009999964053, 38.949722999886177 ], [ -84.461339000017432, 38.949530000140633 ], [ -84.461754999944048, 38.949448000292357 ], [ -84.462088999854899, 38.949384000327868 ], [ -84.462530999720769, 38.949145999930977 ], [ -84.462883999898196, 38.948861999791319 ], [ -84.463217999809032, 38.948467000221711 ], [ -84.463464999681236, 38.947909999672419 ], [ -84.463553000443099, 38.947536999847927 ], [ -84.46349200034372, 38.946702999691965 ], [ -84.463438999741953, 38.946495999867402 ], [ -84.463112000402134, 38.94522599982362 ], [ -84.462057999892764, 38.942849999827295 ], [ -84.461810000195641, 38.942291000205593 ], [ -84.461641000141228, 38.941910000105075 ], [ -84.460114999628757, 38.938871999811198 ], [ -84.459404999974268, 38.937852000245549 ], [ -84.458917999902539, 38.937331999834875 ], [ -84.456172000097652, 38.934674000312143 ], [ -84.455931999898127, 38.934361999817767 ], [ -84.452821000220254, 38.930324999784112 ], [ -84.451898999955361, 38.928980999749328 ], [ -84.452300999638254, 38.928993999939209 ], [ -84.452554000256555, 38.928841000348541 ], [ -84.452797999755717, 38.928606000234097 ], [ -84.452791999907944, 38.928546999729207 ], [ -84.452811000174506, 38.92823999966209 ], [ -84.452849999634253, 38.928051000248431 ], [ -84.452967999635035, 38.927836000232894 ], [ -84.453228999750948, 38.927771000294925 ], [ -84.453469999775365, 38.927750999656993 ], [ -84.453770000249335, 38.927855000117503 ], [ -84.45403800003794, 38.927947000075214 ], [ -84.454546999850947, 38.928057999743906 ], [ -84.455294000213669, 38.927660000177205 ], [ -84.455360000335915, 38.927724000184462 ], [ -84.455393999772795, 38.927756999848953 ], [ -84.456208000082668, 38.928544999687539 ], [ -84.456348999649663, 38.928746000098627 ], [ -84.456566000282947, 38.929055000099652 ], [ -84.456803999934323, 38.929394999734903 ], [ -84.456855999812873, 38.929865000246835 ], [ -84.456894000346011, 38.929861000237743 ], [ -84.457024000042352, 38.929926999659621 ], [ -84.457100000210332, 38.929945999682928 ], [ -84.457306000074666, 38.929968999704371 ], [ -84.457511999938987, 38.929977999710744 ], [ -84.457588000106966, 38.929992999718799 ], [ -84.457641999635314, 38.9300209997254 ], [ -84.457680000168466, 38.930062999714544 ], [ -84.457695000237081, 38.93010399967995 ], [ -84.457701999909787, 38.930162000289315 ], [ -84.457695000237081, 38.930199000207523 ], [ -84.457604000000472, 38.930421000010099 ], [ -84.457542999901122, 38.930497000242482 ], [ -84.457504000441375, 38.930518000099212 ], [ -84.45748900037276, 38.930544999905912 ], [ -84.457481999801757, 38.930613000072299 ], [ -84.45753500040351, 38.93065899967516 ], [ -84.45758100043426, 38.930687000117672 ], [ -84.457625999741794, 38.930697000023457 ], [ -84.457817000435824, 38.930674000238028 ], [ -84.457855000070651, 38.930679000192036 ], [ -84.457947000132165, 38.93071699983075 ], [ -84.458029999972837, 38.930764000054559 ], [ -84.458161000392408, 38.930852999768589 ], [ -84.458320000401073, 38.930924000300507 ], [ -84.458435000028786, 38.930952999926454 ], [ -84.458511000196779, 38.930963999781497 ], [ -84.458573000121064, 38.930964999768236 ], [ -84.458763000091849, 38.93091499971537 ], [ -84.459106000223528, 38.930796999702444 ], [ -84.459174999820505, 38.930784999832241 ], [ -84.459373000187213, 38.930792999745918 ], [ -84.459732000212426, 38.930850999791936 ], [ -84.459793000311777, 38.930870000266601 ], [ -84.46006000027549, 38.930911999752972 ], [ -84.460123999849586, 38.930938000121408 ], [ -84.46015200033699, 38.930958999847576 ], [ -84.46016700040559, 38.93104500005898 ], [ -84.460174000078311, 38.931176000148099 ], [ -84.46019800036774, 38.931229999949096 ], [ -84.460242999675273, 38.931267000008958 ], [ -84.460334999736773, 38.931286999655526 ], [ -84.460502999966266, 38.931285999673321 ], [ -84.460800000067181, 38.931269999956271 ], [ -84.460877000060066, 38.931271999921115 ], [ -84.46100400028169, 38.931303000067551 ], [ -84.461655000384937, 38.931468999674429 ], [ -84.461790000104145, 38.931489999942187 ], [ -84.461922000348622, 38.931507000287525 ], [ -84.462089999679804, 38.931542000245713 ], [ -84.462180999916399, 38.931571000317788 ], [ -84.462257999909284, 38.931621999885714 ], [ -84.462431999986563, 38.93170200013423 ], [ -84.462471000344635, 38.931720999682121 ], [ -84.462874999677354, 38.931847000048997 ], [ -84.462959000241241, 38.931899000090787 ], [ -84.462990000203391, 38.931934999828655 ], [ -84.462996999876097, 38.93198499986125 ], [ -84.462791000011762, 38.932363000281036 ], [ -84.462806999905297, 38.932413000011906 ], [ -84.462859999608739, 38.932458999845004 ], [ -84.462898999966811, 38.932474000027185 ], [ -84.463158000432884, 38.932501999753136 ], [ -84.463211000136326, 38.932520999785531 ], [ -84.463233999702553, 38.932513000066749 ], [ -84.463340999832667, 38.932506000312031 ], [ -84.463379000365819, 38.932511000136905 ], [ -84.463508000237255, 38.932495999962541 ], [ -84.463570000161525, 38.932474999992635 ], [ -84.463736999667788, 38.932488000240944 ], [ -84.463913000293203, 38.93255000015612 ], [ -84.463988999562872, 38.932552000084819 ], [ -84.464347999588071, 38.932495999962541 ], [ -84.464539000282102, 38.932491000136665 ], [ -84.464760000215037, 38.932528000237511 ], [ -84.46488200041378, 38.932538999848241 ], [ -84.464966000079372, 38.932573000031972 ], [ -84.465149000377465, 38.932562999691868 ], [ -84.465248000111657, 38.932565000319059 ], [ -84.465355000241786, 38.932580999743976 ], [ -84.465392999876627, 38.932569000175597 ], [ -84.465477000440529, 38.932566000283174 ], [ -84.465530000143971, 38.932580999743976 ], [ -84.465668000236235, 38.932566000283174 ], [ -84.465790000434964, 38.932573000031972 ], [ -84.466894000274763, 38.932228999682415 ], [ -84.468074000282499, 38.931506000308424 ], [ -84.468448000376313, 38.931590999878694 ], [ -84.468544999562397, 38.931610000155082 ], [ -84.468744999578917, 38.931631999659679 ], [ -84.468799999830509, 38.931627999750241 ], [ -84.468851999709045, 38.931635000290363 ], [ -84.468891000067117, 38.931661999671874 ], [ -84.468920000379427, 38.93171999970604 ], [ -84.468939999572598, 38.931738999947868 ], [ -84.469007000418074, 38.931753000306749 ], [ -84.469077999664862, 38.931783000267771 ], [ -84.469154999657746, 38.931844000126084 ], [ -84.469204000061552, 38.9318539998687 ], [ -84.469161000403844, 38.931679999952586 ], [ -84.469131000266614, 38.931549000095522 ], [ -84.469096999931438, 38.9314120001142 ], [ -84.469080000212998, 38.931333000218906 ], [ -84.46913899976424, 38.931235999846784 ], [ -84.469153000007935, 38.931183000034075 ], [ -84.469127999893573, 38.931057999870632 ], [ -84.469128999718478, 38.930921000338515 ], [ -84.469172000274497, 38.930598000195353 ], [ -84.46924400024453, 38.930548999876379 ], [ -84.469271000008703, 38.930494000262421 ], [ -84.469187000343126, 38.930343999700867 ], [ -84.469054000273729, 38.930230000124112 ], [ -84.4687420001042, 38.930166000281432 ], [ -84.468703999571048, 38.930158000297027 ], [ -84.468689000400744, 38.930098999685413 ], [ -84.468696999898356, 38.930031999724974 ], [ -84.468742999929106, 38.929817000123236 ], [ -84.468727000035571, 38.929716999761389 ], [ -84.468773000066335, 38.929479999738504 ], [ -84.468810999701176, 38.929377000271906 ], [ -84.468871999800527, 38.929243000321357 ], [ -84.469070000167264, 38.929009000155354 ], [ -84.469284000427507, 38.928788000143889 ], [ -84.469414000123848, 38.928674000162893 ], [ -84.469459000329678, 38.928651999740836 ], [ -84.469551000391192, 38.928564000081032 ], [ -84.469589000026019, 38.928478999678624 ], [ -84.469589000026019, 38.928447999695628 ], [ -84.469565999561496, 38.928384000341573 ], [ -84.469597000421942, 38.928271999760682 ], [ -84.469597000421942, 38.928236000260199 ], [ -84.469604000094634, 38.928186999707222 ], [ -84.469589000026019, 38.928119000010419 ], [ -84.469597000421942, 38.928096000087905 ], [ -84.469597000421942, 38.927933999693458 ], [ -84.469619999988154, 38.927876000057623 ], [ -84.469635000056769, 38.927686999674094 ], [ -84.469635000056769, 38.927593000009452 ], [ -84.469650000125398, 38.92748899986367 ], [ -84.469642999554381, 38.927160999964038 ], [ -84.469649000300478, 38.927006999871494 ], [ -84.469651999775209, 38.926900000132242 ], [ -84.469665000194013, 38.926670000113717 ], [ -84.469681000087533, 38.926573999703066 ], [ -84.469666000018904, 38.926445000300752 ], [ -84.469628000384091, 38.926295000261931 ], [ -84.469582000353327, 38.926174000088032 ], [ -84.469490000291813, 38.925958999974455 ], [ -84.469481999895891, 38.925674999904828 ], [ -84.469520000429057, 38.925580999670743 ], [ -84.46955899988879, 38.92541500026163 ], [ -84.469573999957404, 38.925380000075577 ], [ -84.469597000421942, 38.925280999815321 ], [ -84.469614999965302, 38.92525199996706 ], [ -84.469737000164031, 38.925307000151214 ], [ -84.46979700043849, 38.925333999844781 ], [ -84.47012799997627, 38.92553799976001 ], [ -84.470260000220748, 38.925629999927274 ], [ -84.470312000099312, 38.925673999843511 ], [ -84.470278999589013, 38.925095999784645 ], [ -84.47023900030436, 38.924710999949596 ], [ -84.470230999908438, 38.924587000338441 ], [ -84.470240999954171, 38.924512000141583 ], [ -84.470282999786974, 38.924426999775996 ], [ -84.470383000244411, 38.924297999963962 ], [ -84.4705380000551, 38.924132999732443 ], [ -84.470738000071648, 38.923909000345787 ], [ -84.47093300006533, 38.923712999952883 ], [ -84.471103999769539, 38.923576000212513 ], [ -84.471173000264827, 38.923529000118187 ], [ -84.47133899994617, 38.923439000207551 ], [ -84.471526000442239, 38.92335199976614 ], [ -84.4720369999051, 38.923097999883204 ], [ -84.472175999822255, 38.923039999787889 ], [ -84.47227200008173, 38.923009000223615 ], [ -84.472561999611642, 38.922954999755383 ], [ -84.473185000125795, 38.922872999923484 ], [ -84.47335800037817, 38.922842999688598 ], [ -84.473497000295325, 38.922826000062393 ], [ -84.473518000211726, 38.922822999757919 ], [ -84.473677000220391, 38.922816999847477 ], [ -84.473832000031095, 38.922840000083731 ], [ -84.473992999689571, 38.922906999848237 ], [ -84.474140999827583, 38.922988000240551 ], [ -84.474278999919846, 38.923086000108363 ], [ -84.474426000232938, 38.923232000259404 ], [ -84.474500999677687, 38.923362000007067 ], [ -84.47463600029522, 38.92366000011021 ], [ -84.474670999557006, 38.92370100028208 ], [ -84.47472800035672, 38.923747000173925 ], [ -84.474766999816467, 38.923763000190135 ], [ -84.474808999649255, 38.923769000020528 ], [ -84.474880999619288, 38.923756999660348 ], [ -84.474955999962361, 38.923743999908446 ], [ -84.475043000000994, 38.92372899997671 ], [ -84.47512500001676, 38.923723000142928 ], [ -84.475294000071159, 38.923733000331573 ], [ -84.475416000269888, 38.923757999748688 ], [ -84.475515000004094, 38.923794000123841 ], [ -84.475869999831332, 38.92401400023369 ], [ -84.476127999574189, 38.924163000120757 ], [ -84.476325000116006, 38.924253999893139 ], [ -84.476515999911726, 38.924323999961182 ], [ -84.476767999806782, 38.924401999895785 ], [ -84.47704999983911, 38.924502000062759 ], [ -84.47752199984221, 38.924695000147231 ], [ -84.477681999675781, 38.924750000064329 ], [ -84.478927999805776, 38.925093000275027 ], [ -84.479045999806559, 38.925137999894396 ], [ -84.480361000431827, 38.92577300025421 ], [ -84.48052899976301, 38.925829000093543 ], [ -84.480767000312696, 38.925890000180253 ], [ -84.481013000359994, 38.925939000223309 ], [ -84.481155999576814, 38.925958999974455 ], [ -84.481333000027135, 38.925953999687785 ], [ -84.481468999571263, 38.92593600005052 ], [ -84.481827999596462, 38.925869999710784 ], [ -84.482200999865356, 38.925790999932836 ], [ -84.482421999798305, 38.925725000157058 ], [ -84.482585000004917, 38.925661999805506 ], [ -84.482831000052229, 38.925543000076054 ], [ -84.483600999981164, 38.925245000194721 ], [ -84.483948000310775, 38.925104999710406 ], [ -84.484479999690038, 38.924906000308702 ], [ -84.485475999574774, 38.924511000063873 ], [ -84.486595000381485, 38.924083999839702 ], [ -84.48696000025447, 38.923899000181954 ], [ -84.487191000233153, 38.923812000304572 ], [ -84.487314000256802, 38.923780000290712 ], [ -84.487609999634486, 38.923725999710463 ], [ -84.487883000344283, 38.923678000324934 ], [ -84.488192999965676, 38.92359399974967 ], [ -84.488427000317401, 38.923511999957462 ], [ -84.48933899963825, 38.923145999661124 ], [ -84.489572999989974, 38.923060999755563 ], [ -84.48987500011377, 38.922963999952749 ], [ -84.490142999902375, 38.922893999940598 ], [ -84.49022200044341, 38.922881000030614 ], [ -84.491154999680646, 38.922787000287791 ], [ -84.491338999803673, 38.92278000027224 ], [ -84.491431999690079, 38.922782999879594 ], [ -84.491681000110432, 38.922819000050637 ], [ -84.491917000111982, 38.922864999815502 ], [ -84.491977000386413, 38.922890000237373 ], [ -84.49203500011275, 38.922932999656375 ], [ -84.492070000272847, 38.922994000136484 ], [ -84.492071999922672, 38.923029000101863 ], [ -84.492075000295728, 38.923085000010545 ], [ -84.492111000280744, 38.923222000000145 ], [ -84.49219099974836, 38.923448999737367 ], [ -84.492271000114286, 38.923608000318389 ], [ -84.492622999568496, 38.924248000103759 ], [ -84.492736000444722, 38.924484000057092 ], [ -84.492954999829507, 38.924898999803347 ], [ -84.493103999792424, 38.925153000227056 ], [ -84.493276000219879, 38.925396999788745 ], [ -84.493968000331023, 38.926319000121701 ], [ -84.494230000271827, 38.926631999704625 ], [ -84.494801999834038, 38.927222000303097 ], [ -84.495220000308791, 38.927636000072262 ], [ -84.496562999624871, 38.928990999895575 ], [ -84.497062000290455, 38.929506999940322 ], [ -84.497280999675255, 38.929717999765707 ], [ -84.49745599957744, 38.929899000314741 ], [ -84.497868000204406, 38.930274999978899 ], [ -84.497684000081378, 38.93039500015098 ] ] ] ] } },
{ "type": "Feature", "properties": { "mdshnocar": 4.44 }, "geometry": { "type": "MultiPolygon", "coordinates": [ [ [ [ -84.585823000090116, 38.993688000249804 ], [ -84.585760000340926, 38.993776000051348 ], [ -84.585691999670559, 38.99387500030813 ], [ -84.585640999616928, 38.993941000169698 ], [ -84.585452000369344, 38.994204999698553 ], [ -84.585321999774692, 38.994388999718687 ], [ -84.584992000061803, 38.994806000334798 ], [ -84.584931999787358, 38.994878000122057 ], [ -84.58474400036468, 38.995085000324323 ], [ -84.58471500005237, 38.995118999827469 ], [ -84.584442000240898, 38.995379999822575 ], [ -84.584299000125782, 38.995549999957056 ], [ -84.583864999757495, 38.995994999792288 ], [ -84.583674999786709, 38.996205999973967 ], [ -84.583175000194501, 38.996802999951875 ], [ -84.583048999797811, 38.996967999994084 ], [ -84.58284200010857, 38.997273000307402 ], [ -84.582709999864093, 38.997410000047751 ], [ -84.582592999688231, 38.997627000061897 ], [ -84.582396000044753, 38.99810600026295 ], [ -84.582279999693796, 38.998423000149131 ], [ -84.582078000027423, 38.998926000258422 ], [ -84.582033999646484, 38.999096000251633 ], [ -84.581996000011657, 38.999245999824325 ], [ -84.581954000178854, 38.999484000159988 ], [ -84.581924999866544, 38.999684000051801 ], [ -84.581899999752181, 38.9999010000734 ], [ -84.581883000033741, 39.000197000146137 ], [ -84.581867000140235, 39.000456000153925 ], [ -84.581851000246687, 39.000668999700522 ], [ -84.581850000421795, 39.000965000050876 ], [ -84.581850000421795, 39.001153000120922 ], [ -84.581850000421795, 39.001357000344818 ], [ -84.581856000269582, 39.001560000291661 ], [ -84.581846000223834, 39.002462999737496 ], [ -84.58183299980503, 39.003164999904307 ], [ -84.581826999957258, 39.00376700018947 ], [ -84.581801999842895, 39.004459999662238 ], [ -84.581776999728547, 39.005044999943777 ], [ -84.581378000418681, 39.004674000062643 ], [ -84.581366999649717, 39.004901000044065 ], [ -84.581380000068521, 39.005021000213532 ], [ -84.58177099988076, 39.005606999675962 ], [ -84.581755999812145, 39.005952999811981 ], [ -84.581749999964359, 39.006369999990653 ], [ -84.581725999674916, 39.006666000222765 ], [ -84.581677000169421, 39.006976000071823 ], [ -84.581620000268018, 39.007191999758057 ], [ -84.58155199959765, 39.007408000180838 ], [ -84.581428999573987, 39.00774600028145 ], [ -84.581252000021991, 39.008227999865682 ], [ -84.581035000287002, 39.008822000164784 ], [ -84.581017999670252, 39.008866999677451 ], [ -84.5809010003927, 39.00918199965281 ], [ -84.580718999919512, 39.009686000325217 ], [ -84.580348000198754, 39.01069899986269 ], [ -84.580220999977143, 39.01101899992522 ], [ -84.5801470003573, 39.011189999729332 ], [ -84.579974999929846, 39.011526000111722 ], [ -84.579690000422801, 39.012118000158942 ], [ -84.579450000223304, 39.012619999690806 ], [ -84.579302000085278, 39.012866000126571 ], [ -84.579102999893664, 39.013177999771877 ], [ -84.578804999967829, 39.013612000125924 ], [ -84.578266999842498, 39.014328000031711 ], [ -84.577397000354438, 39.015363000120402 ], [ -84.57689900041207, 39.015903999860356 ], [ -84.576831999566593, 39.015830000160911 ], [ -84.576213999973618, 39.01524099966003 ], [ -84.575742999795452, 39.014752999901653 ], [ -84.574534000373674, 39.013625000146938 ], [ -84.573838000064583, 39.012980000089456 ], [ -84.573416000290194, 39.012589999749366 ], [ -84.573077000356477, 39.012266000268987 ], [ -84.573034999625364, 39.012225999911351 ], [ -84.572877000339943, 39.012075999939249 ], [ -84.572339000214598, 39.011558999845079 ], [ -84.572083000121566, 39.01132499994393 ], [ -84.571894999800591, 39.011180000013418 ], [ -84.571842999922026, 39.01114299979578 ], [ -84.571649999578185, 39.011031999724807 ], [ -84.5711640002297, 39.01077400030173 ], [ -84.571000000198168, 39.010684000184142 ], [ -84.570411000019206, 39.010362999739591 ], [ -84.570148000253468, 39.010227999782806 ], [ -84.570070000435663, 39.010184000004948 ], [ -84.569990999894628, 39.010140999767223 ], [ -84.569444000446779, 39.009850000068745 ], [ -84.569403000438896, 39.009827000144654 ], [ -84.568973000268571, 39.009604000310858 ], [ -84.567757000275805, 39.008943000247541 ], [ -84.567563999931963, 39.008839999694061 ], [ -84.567372000311337, 39.00873600010123 ], [ -84.567052999570791, 39.008585000118202 ], [ -84.566959999684386, 39.008552999983351 ], [ -84.566626999598441, 39.008440000154756 ], [ -84.566299000433702, 39.008347999975619 ], [ -84.565752000087514, 39.00819199979297 ], [ -84.565203999916434, 39.008037000259669 ], [ -84.564793000012713, 39.007923000007843 ], [ -84.564725000240642, 39.007905999844319 ], [ -84.564601000392074, 39.00787400010028 ], [ -84.564345000299042, 39.007771999685353 ], [ -84.564260999735154, 39.00773200027632 ], [ -84.564148999582144, 39.007678999733095 ], [ -84.563920999976517, 39.00754699974857 ], [ -84.562843999900906, 39.006970000303824 ], [ -84.562524000233779, 39.00679500021463 ], [ -84.562258000094999, 39.006637000165149 ], [ -84.561956999796109, 39.006395999900299 ], [ -84.561699999878172, 39.006201000345037 ], [ -84.561608999641578, 39.006131999783008 ], [ -84.561541999694427, 39.006097999987148 ], [ -84.561497000386908, 39.006090999821808 ], [ -84.561510999732292, 39.00594699995716 ], [ -84.561484999793009, 39.005145999766405 ], [ -84.561488000166065, 39.00499000020092 ], [ -84.561498000211799, 39.004920999853773 ], [ -84.561545999892388, 39.004805000180795 ], [ -84.561595000296194, 39.004738000337184 ], [ -84.561637000128982, 39.004701000240097 ], [ -84.562504999967203, 39.004129999928885 ], [ -84.562652000280295, 39.004021000027834 ], [ -84.562701999610695, 39.003978999886606 ], [ -84.562730999923005, 39.003942999745753 ], [ -84.562773999580727, 39.003838000277327 ], [ -84.562772999755808, 39.003724000239274 ], [ -84.562677000394658, 39.003076000243887 ], [ -84.562432000172279, 39.001489000011944 ], [ -84.562233999805557, 39.00022100011666 ], [ -84.562128000398658, 38.999440999700994 ], [ -84.562119000177816, 38.999332999975344 ], [ -84.562121999652575, 38.999228999670009 ], [ -84.562129000223564, 38.998850999823574 ], [ -84.56215299961471, 38.998608999833117 ], [ -84.562248000049266, 38.997906000099611 ], [ -84.562319000194378, 38.997324000073561 ], [ -84.562934000312609, 38.997315000240711 ], [ -84.56310900021478, 38.997280999698219 ], [ -84.563243000109082, 38.997234000297162 ], [ -84.56337500035356, 38.997164000314335 ], [ -84.56370699971626, 38.99696100032169 ], [ -84.563782000059334, 38.99691799972571 ], [ -84.563878000318823, 38.996877999764891 ], [ -84.564069000114529, 38.99683999999057 ], [ -84.56419899981087, 38.99683999999057 ], [ -84.564332999705172, 38.996865000156703 ], [ -84.564439999835287, 38.996893000276458 ], [ -84.564543999592345, 38.996945000070525 ], [ -84.564642000399971, 38.997027000097717 ], [ -84.564751000179925, 38.997136000301815 ], [ -84.565228000205877, 38.997659999996117 ], [ -84.565290000130176, 38.997711000181454 ], [ -84.565345000381768, 38.997746000260044 ], [ -84.565448000313907, 38.997795999943349 ], [ -84.565547999873033, 38.99782099977174 ], [ -84.565655000003161, 38.997828999798713 ], [ -84.565608999972397, 38.997564999826558 ], [ -84.565558999743672, 38.99736800017083 ], [ -84.56548799959856, 38.997115999687679 ], [ -84.565439999917984, 38.996964000281068 ], [ -84.565392000237409, 38.996754000021802 ], [ -84.565372999970833, 38.996713000210939 ], [ -84.565363999750005, 38.996618000166322 ], [ -84.565381000366756, 38.996531000167884 ], [ -84.565330000313139, 38.996392999662142 ], [ -84.565266999665639, 38.996295999661562 ], [ -84.565259999992932, 38.996255000283504 ], [ -84.565198000068662, 38.99612800015219 ], [ -84.565187000198009, 38.996108999717109 ], [ -84.565146000190126, 38.996050000244374 ], [ -84.565022000341557, 38.995912000196903 ], [ -84.564963999716923, 38.995804999742099 ], [ -84.564921999884135, 38.995731999730481 ], [ -84.564823999974848, 38.995621999685532 ], [ -84.564757999852603, 38.995518999983517 ], [ -84.564725000240642, 38.995425999981386 ], [ -84.564690999905451, 38.995266999897346 ], [ -84.564680999859718, 38.995133000234155 ], [ -84.564690999905451, 38.995095000220957 ], [ -84.564729000438604, 38.994997000055989 ], [ -84.564741999959082, 38.99498599966568 ], [ -84.564774999571043, 38.994868999978117 ], [ -84.564837000393638, 38.994739000098434 ], [ -84.564968999739804, 38.994629999693004 ], [ -84.56511299967984, 38.994533999856614 ], [ -84.565208999939316, 38.994481999687238 ], [ -84.56528699975712, 38.994424000043999 ], [ -84.565340000358887, 38.994340000211579 ], [ -84.565417000351772, 38.99419900024381 ], [ -84.565485999948734, 38.994020000102878 ], [ -84.565507999690055, 38.993928999818621 ], [ -84.565516999910884, 38.993890999857108 ], [ -84.565613999995264, 38.993734000112099 ], [ -84.565641999584358, 38.993647000058949 ], [ -84.565701000033911, 38.993577000018796 ], [ -84.565737000018913, 38.9935469996812 ], [ -84.565839999951081, 38.993492999879237 ], [ -84.565896000027564, 38.993421000079216 ], [ -84.565943999708153, 38.993382999844933 ], [ -84.565986000439267, 38.993342999980449 ], [ -84.566046999640321, 38.993309000322249 ], [ -84.566117999785419, 38.993284000296235 ], [ -84.566141000249957, 38.993266000299919 ], [ -84.56616800001413, 38.993209000165102 ], [ -84.566178999884784, 38.993129000216889 ], [ -84.566195999603224, 38.993107000250184 ], [ -84.566203999999146, 38.993118000234368 ], [ -84.566337999893449, 38.993159000033486 ], [ -84.566414000061442, 38.993170000009641 ], [ -84.566543999757769, 38.993177000057017 ], [ -84.566626999598441, 38.993174999744326 ], [ -84.566665999956513, 38.993152999791917 ], [ -84.566840999858684, 38.993170000009641 ], [ -84.566879000391836, 38.99318400010371 ], [ -84.566910000353985, 38.993184999910859 ], [ -84.567122999890998, 38.993152999791917 ], [ -84.567276000051862, 38.993143000319073 ], [ -84.567359999717468, 38.993158000226018 ], [ -84.567393000227725, 38.993161000346625 ], [ -84.567450999954062, 38.993165000274594 ], [ -84.567533999794733, 38.993166999889354 ], [ -84.567589000046326, 38.993167999696745 ], [ -84.567626999681153, 38.993177000057017 ], [ -84.567727000138589, 38.993176000249754 ], [ -84.567758999925644, 38.993176000249754 ], [ -84.567794999910646, 38.993176000249754 ], [ -84.567833000443798, 38.993163999768953 ], [ -84.567886000147226, 38.993159999840984 ], [ -84.567941000398818, 38.993161000346625 ], [ -84.568054000376733, 38.993163999768953 ], [ -84.568291000203189, 38.993187000223259 ], [ -84.568427999572222, 38.993172000322467 ], [ -84.56845100003676, 38.99318099998402 ], [ -84.568466000105374, 38.993172000322467 ], [ -84.568503999740216, 38.993177999864265 ], [ -84.568671999969709, 38.993225999671154 ], [ -84.568726000396367, 38.993235999830482 ], [ -84.569015999926279, 38.993282999792285 ], [ -84.569091000269353, 38.993307000013296 ], [ -84.569257999775616, 38.993318999771652 ], [ -84.56933599959342, 38.993317000161177 ], [ -84.569472999860778, 38.993332999836241 ], [ -84.569693999793714, 38.993314999852444 ], [ -84.569831999885977, 38.993317999966443 ], [ -84.57019099991119, 38.993297999669558 ], [ -84.570334999851227, 38.9932740001437 ], [ -84.57031300010992, 38.993256000144832 ], [ -84.570319999782598, 38.993238000141446 ], [ -84.570426999912726, 38.993203999734604 ], [ -84.570534000042841, 38.993202000120888 ], [ -84.570641000172969, 38.993221999746645 ], [ -84.570792999610617, 38.993188999837407 ], [ -84.571251000268347, 38.993162999961555 ], [ -84.571615000316413, 38.993161000346625 ], [ -84.57173199959395, 38.993155000105233 ], [ -84.571799000439427, 38.993159000033486 ], [ -84.572006000128653, 38.993165000274594 ], [ -84.572227000061602, 38.993147000248008 ], [ -84.572340000039503, 38.99313099983268 ], [ -84.572417999857308, 38.993123999780742 ], [ -84.572509999918807, 38.993108000058371 ], [ -84.572562999622264, 38.993090999825768 ], [ -84.572590000284748, 38.993069999656015 ], [ -84.572579000414109, 38.993054999730425 ], [ -84.572593999584399, 38.993024000060338 ], [ -84.572607999828108, 38.992998000123862 ], [ -84.572639999615149, 38.992902999979329 ], [ -84.572723000354145, 38.99283799965999 ], [ -84.572906999578848, 38.992732999769906 ], [ -84.573007000036284, 38.992680999673546 ], [ -84.573082000379344, 38.992646999697321 ], [ -84.573364000411644, 38.992494999768162 ], [ -84.573585000344593, 38.992401000163021 ], [ -84.573631000375343, 38.992391999704068 ], [ -84.573761000071684, 38.992390999885714 ], [ -84.573822000171049, 38.992368999689596 ], [ -84.573868000201813, 38.992360999743575 ], [ -84.573890999768025, 38.992371000025067 ], [ -84.574050999601596, 38.992328999950274 ], [ -84.574264999861839, 38.992289000188279 ], [ -84.574387000060582, 38.992282000053073 ], [ -84.57442499969541, 38.992274000097161 ], [ -84.574509000259312, 38.992235000124658 ], [ -84.574623000062132, 38.992196999951773 ], [ -84.574813999857838, 38.992102000128398 ], [ -84.574866999561294, 38.9920940001522 ], [ -84.575058000255311, 38.992075000030397 ], [ -84.575271999617243, 38.992098000140416 ], [ -84.575386000318375, 38.992072999686563 ], [ -84.575469999983966, 38.992087999820299 ], [ -84.575553999649543, 38.992094999974697 ], [ -84.575610999550946, 38.992105000293826 ], [ -84.575638000213445, 38.99211000010375 ], [ -84.575638000213445, 38.9921770000363 ], [ -84.57565300028206, 38.992200000113115 ], [ -84.575690999916887, 38.992227999984102 ], [ -84.575730000274959, 38.992282999872913 ], [ -84.575760000412188, 38.992301999938867 ], [ -84.575789999651093, 38.992337999719027 ], [ -84.575820999613242, 38.992405999952041 ], [ -84.575866999643978, 38.99246099970258 ], [ -84.575912999674728, 38.992498999733712 ], [ -84.575972999949215, 38.992535999928194 ], [ -84.576347000043029, 38.992687999769295 ], [ -84.576500000203893, 38.992731000142875 ], [ -84.576706000068228, 38.992798999998286 ], [ -84.576728999634454, 38.992795000049632 ], [ -84.576752000098978, 38.992776999928992 ], [ -84.57680499980242, 38.992773999792057 ], [ -84.576835999764569, 38.992783000202436 ], [ -84.576949999567375, 38.992798999998286 ], [ -84.577034000131277, 38.992832999901488 ], [ -84.577205999660407, 38.992887000206998 ], [ -84.577262999561825, 38.992913999995224 ], [ -84.577331000232206, 38.99298300018301 ], [ -84.577384999760568, 38.993052000303472 ], [ -84.57741999992065, 38.993119000042448 ], [ -84.577476999822053, 38.993206999853314 ], [ -84.577522999852818, 38.993245000182107 ], [ -84.577697999755003, 38.993409000338154 ], [ -84.577805999710023, 38.993523000239776 ], [ -84.577903999619338, 38.993639000257339 ], [ -84.577980999612222, 38.993703999841053 ], [ -84.57804900028259, 38.993755000084811 ], [ -84.578055999955282, 38.993772999956754 ], [ -84.578117999879581, 38.993814999872811 ], [ -84.578101999986032, 38.993759999778177 ], [ -84.57828500028414, 38.99386800032979 ], [ -84.578452999615322, 38.993942999762552 ], [ -84.57868199994418, 38.993997999714956 ], [ -84.578780999678386, 38.993982000190229 ], [ -84.5788729997399, 38.99399200024272 ], [ -84.57891799994573, 38.994010999849813 ], [ -84.578948999907865, 38.994034999823945 ], [ -84.579071000106609, 38.994064000160016 ], [ -84.579162000343203, 38.994071000118957 ], [ -84.579276999970929, 38.99409500007274 ], [ -84.579323000001679, 38.994113999652178 ], [ -84.57938999994883, 38.994125999971892 ], [ -84.579543999934629, 38.994159999935775 ], [ -84.579696000270587, 38.994180999782088 ], [ -84.579734999730334, 38.994194999676154 ], [ -84.579819000294236, 38.994210000058324 ], [ -84.579863999601756, 38.994243000189655 ], [ -84.579871999997692, 38.994270000158757 ], [ -84.579979000127821, 38.994294999836455 ], [ -84.580040000227172, 38.994300999981249 ], [ -84.580283999726333, 38.994354999864825 ], [ -84.580405999925077, 38.994371000003412 ], [ -84.580506000382485, 38.994374000072654 ], [ -84.580565999758633, 38.994378999722286 ], [ -84.580897000194739, 38.994335999651888 ], [ -84.580955999745981, 38.99432400006598 ], [ -84.581191999747531, 38.994239000322622 ], [ -84.581222999709667, 38.994216000210265 ], [ -84.581252999846896, 38.994186000143543 ], [ -84.581267999915511, 38.994149999907016 ], [ -84.581307000273569, 38.99411999981227 ], [ -84.581337000410798, 38.994079999666205 ], [ -84.581383000441548, 38.994043000278943 ], [ -84.581428999573987, 38.994009000258892 ], [ -84.581611999872095, 38.993910000189508 ], [ -84.581679999644166, 38.993866000036633 ], [ -84.581799000368164, 38.993765000169383 ], [ -84.581810000238818, 38.993755999883895 ], [ -84.582154000195402, 38.993552000087455 ], [ -84.582298000135438, 38.993478000043282 ], [ -84.582328000272682, 38.993453000076975 ], [ -84.582375000128351, 38.993434000320015 ], [ -84.582451000296317, 38.993385999955997 ], [ -84.582657000160651, 38.993268999717799 ], [ -84.582725999757614, 38.993238999947792 ], [ -84.582839999560434, 38.993245999988339 ], [ -84.582909000055722, 38.993238000141446 ], [ -84.583167999623498, 38.993266000299919 ], [ -84.58332800035538, 38.993328000112712 ], [ -84.583519000151085, 38.993377000320507 ], [ -84.583657000243363, 38.993384000347412 ], [ -84.58391499998622, 38.993417000165778 ], [ -84.584175000277213, 38.993403999921803 ], [ -84.584434999669895, 38.99340499972584 ], [ -84.584524000256664, 38.993421999883019 ], [ -84.584607999922255, 38.993432999818239 ], [ -84.584633000036604, 38.993435999927236 ], [ -84.584740000166732, 38.993428999905476 ], [ -84.584869000038168, 38.993441000341342 ], [ -84.585052000336262, 38.993489999772649 ], [ -84.585365000330711, 38.99354100017068 ], [ -84.585479000133518, 38.993552999889353 ], [ -84.585870999770677, 38.993620999653167 ], [ -84.585823000090116, 38.993688000249804 ] ] ] ] } },
{ "type": "Feature", "properties": { "mdshnocar": 1.261 }, "geometry": { "type": "MultiPolygon", "coordinates": [ [ [ [ -84.587025999664093, 39.031934000074344 ], [ -84.586394999652327, 39.032721999704577 ], [ -84.585885999839306, 39.033361000078465 ], [ -84.585388999721843, 39.03401300001812 ], [ -84.585059000008954, 39.034476999915974 ], [ -84.584609999572081, 39.035176999976031 ], [ -84.584447000263779, 39.035456999733206 ], [ -84.584304999973554, 39.0356999998493 ], [ -84.584068000147099, 39.036141999994285 ], [ -84.583823999749612, 39.03663600008602 ], [ -84.583555999961021, 39.037244000127629 ], [ -84.583454999678679, 39.037491999771682 ], [ -84.583155999927925, 39.038317000195754 ], [ -84.583042999950024, 39.038642000170711 ], [ -84.582924000124336, 39.038982000004417 ], [ -84.582713000237135, 39.039586999849121 ], [ -84.582309999831011, 39.040740999669559 ], [ -84.581908000148104, 39.041895999993372 ], [ -84.581799000368164, 39.042203000148724 ], [ -84.581655000428128, 39.042280000280641 ], [ -84.581452999863444, 39.042391000132881 ], [ -84.581365999824797, 39.042446000089349 ], [ -84.581066000249137, 39.042638999851526 ], [ -84.580829000422682, 39.042789999670148 ], [ -84.580175999771313, 39.043249999956181 ], [ -84.580010000089956, 39.043366999848431 ], [ -84.579949999815483, 39.04340900031707 ], [ -84.579899999586772, 39.043443000312685 ], [ -84.579451000048209, 39.043760999807773 ], [ -84.578487999775419, 39.044438999941342 ], [ -84.577902999794418, 39.044853999653739 ], [ -84.577318999638308, 39.045270000185134 ], [ -84.575853000298594, 39.046305000049266 ], [ -84.575264999944537, 39.04671999996188 ], [ -84.575107999585711, 39.046830999814382 ], [ -84.574968999668528, 39.046940000002607 ], [ -84.574904000269512, 39.046854000258499 ], [ -84.574839999797121, 39.046766999964703 ], [ -84.574758999606246, 39.046658999956094 ], [ -84.574693000382325, 39.04657099967195 ], [ -84.574195000439957, 39.045918000036934 ], [ -84.574036000431292, 39.045708999781333 ], [ -84.573944000369792, 39.045583000309854 ], [ -84.573408999719177, 39.044855999900328 ], [ -84.572700999714513, 39.043885999950163 ], [ -84.572427999903056, 39.043573999773407 ], [ -84.572397999765826, 39.043549999863778 ], [ -84.572279999765044, 39.043451000063037 ], [ -84.572082000296632, 39.043325000052533 ], [ -84.571880999556868, 39.043215999867684 ], [ -84.571687000286445, 39.043142000152052 ], [ -84.571497000315617, 39.043087999839166 ], [ -84.571375999941807, 39.04306299996459 ], [ -84.57128899990316, 39.043045000077356 ], [ -84.571081000389029, 39.043017999889003 ], [ -84.569925999597316, 39.042911000229843 ], [ -84.569728000128904, 39.042883999990273 ], [ -84.569506000371049, 39.042841000104303 ], [ -84.56930299998146, 39.042777000128169 ], [ -84.569170999736997, 39.042734999981498 ], [ -84.569005999880545, 39.042666999990125 ], [ -84.568875000359284, 39.042595000009989 ], [ -84.568754999810366, 39.042519000028832 ], [ -84.568501000265471, 39.042318999871455 ], [ -84.568271000111707, 39.042114000081881 ], [ -84.567025999806617, 39.040933999903189 ], [ -84.566599000009361, 39.040540000225043 ], [ -84.566050999838268, 39.0399890001 ], [ -84.564601000392074, 39.038597999933152 ], [ -84.564124000366093, 39.03815800023667 ], [ -84.563854999854286, 39.037889000017771 ], [ -84.563490999806206, 39.037546000175261 ], [ -84.562811000288946, 39.036902999719146 ], [ -84.562387999791341, 39.03648700015799 ], [ -84.562275999638345, 39.036357000010895 ], [ -84.562254999721944, 39.036331999847874 ], [ -84.5620830001928, 39.036163999834521 ], [ -84.562010000397876, 39.036095999798668 ], [ -84.561903000267748, 39.035973000326877 ], [ -84.561793999589497, 39.035823999698565 ], [ -84.561745999908922, 39.035739000281183 ], [ -84.561719000144748, 39.035756999936481 ], [ -84.561668999916037, 39.035791000125698 ], [ -84.561391000081684, 39.035981000225284 ], [ -84.561039999554083, 39.036221000245149 ], [ -84.560489999733178, 39.036611000021722 ], [ -84.55986600029243, 39.036038000085746 ], [ -84.559584000260102, 39.035770000072333 ], [ -84.558754999881629, 39.035018999842713 ], [ -84.558118999847011, 39.034447000177117 ], [ -84.557861999929045, 39.034214999812747 ], [ -84.557523999820248, 39.033907999838078 ], [ -84.55655200022494, 39.033042999828361 ], [ -84.556373000124808, 39.032879000145137 ], [ -84.55576899987723, 39.032328000289915 ], [ -84.55478999971092, 39.031451000213714 ], [ -84.554738999657289, 39.031403999791003 ], [ -84.554161000247291, 39.030868999858384 ], [ -84.553536999908218, 39.030303999961006 ], [ -84.553367999853833, 39.03016099983514 ], [ -84.553204999647207, 39.030055000228586 ], [ -84.553047000361758, 39.029980999987679 ], [ -84.552891999652758, 39.029939999896285 ], [ -84.552106999655209, 39.029835999932267 ], [ -84.551925000080331, 39.029818000164489 ], [ -84.551747999629995, 39.029812000240867 ], [ -84.551593999644211, 39.029821000126098 ], [ -84.551426000313057, 39.029843999827563 ], [ -84.551308000312275, 39.029868000205887 ], [ -84.550246000305279, 39.030163999782232 ], [ -84.550082000273747, 39.030201999798329 ], [ -84.549898000150748, 39.030234999887597 ], [ -84.549724000073468, 39.030255000209074 ], [ -84.549530999729626, 39.030262000076021 ], [ -84.549360000025388, 39.030256000190143 ], [ -84.549165000031721, 39.03023399990628 ], [ -84.548985999931588, 39.030199999834757 ], [ -84.548796999785708, 39.030151000010726 ], [ -84.548621999883508, 39.030091000336633 ], [ -84.548431000087803, 39.030011000226722 ], [ -84.5480589996438, 39.029830999997188 ], [ -84.547810000121771, 39.0296860003319 ], [ -84.547648999564984, 39.029581000003539 ], [ -84.547471000188068, 39.029440999788278 ], [ -84.547128000056389, 39.02912000005233 ], [ -84.546790999772512, 39.028779000218542 ], [ -84.546522999983893, 39.028567000190378 ], [ -84.546322999967359, 39.028437000128541 ], [ -84.546101000209504, 39.028316999912903 ], [ -84.545987000406683, 39.028268000179175 ], [ -84.545660999993444, 39.028163999848452 ], [ -84.545461999801816, 39.028115000008647 ], [ -84.545445000083376, 39.028110999963246 ], [ -84.545291000097606, 39.02808200032527 ], [ -84.545107999799498, 39.028066000134885 ], [ -84.544896999912282, 39.02806300009879 ], [ -84.544699000443899, 39.02806300009879 ], [ -84.544521000168672, 39.028089999721281 ], [ -84.544511000122924, 39.027989999878955 ], [ -84.544506000100043, 39.027935999849454 ], [ -84.544492999681253, 39.027877999720097 ], [ -84.544429000107158, 39.027545000330548 ], [ -84.545133999738766, 39.027203999876889 ], [ -84.545687999757618, 39.026972000160718 ], [ -84.545974999812813, 39.026862999871739 ], [ -84.546240000126673, 39.026771999962719 ], [ -84.546409000181086, 39.026722999855821 ], [ -84.546902999925493, 39.026600000121405 ], [ -84.547135999553987, 39.026549999861849 ], [ -84.547589000188836, 39.026479000241984 ], [ -84.547826999840211, 39.026454000073805 ], [ -84.548079999560201, 39.026434000072456 ], [ -84.548520999601166, 39.026417000171577 ], [ -84.549000000175283, 39.026420000277533 ], [ -84.549258999743046, 39.026430999967104 ], [ -84.549818999609712, 39.026469999931216 ], [ -84.550697000391992, 39.026556000062321 ], [ -84.552592999902004, 39.026725999948788 ], [ -84.552869999911437, 39.026743999806101 ], [ -84.553444999846718, 39.026759000265216 ], [ -84.553786000328572, 39.02675400011254 ], [ -84.554055999767002, 39.026738999652352 ], [ -84.554160000422385, 39.02673500022695 ], [ -84.554659000189673, 39.026677999841631 ], [ -84.555027000435686, 39.026619000043276 ], [ -84.555475000149357, 39.026530999921377 ], [ -84.556050999909516, 39.026403999710922 ], [ -84.557615999881762, 39.026031000130985 ], [ -84.558063999595419, 39.025921999786718 ], [ -84.558805999935259, 39.025758000328544 ], [ -84.559236000105571, 39.025681999684672 ], [ -84.559868999767161, 39.025599000026737 ], [ -84.560272999998205, 39.025569000008709 ], [ -84.56079299968188, 39.025570000056071 ], [ -84.561211000156632, 39.025591999698044 ], [ -84.561272000255997, 39.025595999885951 ], [ -84.561418999670778, 39.025606999703747 ], [ -84.561792999764592, 39.02565499984027 ], [ -84.561856000412092, 39.025669999832658 ], [ -84.56227399998852, 39.025692000141341 ], [ -84.564220999552177, 39.025875999917531 ], [ -84.564567999881817, 39.025915000187787 ], [ -84.565607000322572, 39.026013000092107 ], [ -84.56612199998338, 39.026070000315791 ], [ -84.56698599962364, 39.026142999727057 ], [ -84.569426999830029, 39.026387999838569 ], [ -84.571051000251799, 39.026542000291563 ], [ -84.571453999759612, 39.026588999760307 ], [ -84.572247000153084, 39.026700999867963 ], [ -84.572607999828108, 39.026766999810953 ], [ -84.573246000410876, 39.026903000323827 ], [ -84.573737999607161, 39.027027000255558 ], [ -84.573985000377661, 39.027099000048558 ], [ -84.574443999962, 39.027232999875132 ], [ -84.574859999888588, 39.027372000254822 ], [ -84.575439000021817, 39.027584999698895 ], [ -84.575741000145598, 39.027710999864013 ], [ -84.576287999593475, 39.027954000096457 ], [ -84.576877999597357, 39.028255000058991 ], [ -84.577439000187226, 39.028556000135346 ], [ -84.579567000399152, 39.029724999895734 ], [ -84.579706000316335, 39.029814000215467 ], [ -84.579820999944062, 39.029906999669286 ], [ -84.57992800007419, 39.029945999809058 ], [ -84.580041999877011, 39.030006000304027 ], [ -84.58008299988488, 39.030027999961071 ], [ -84.580532000321767, 39.030265999999706 ], [ -84.581170000006225, 39.030563999956058 ], [ -84.581574000237268, 39.030734999946731 ], [ -84.581735999720664, 39.030813999961822 ], [ -84.581852999896526, 39.030858000161601 ], [ -84.582420000334182, 39.031067999659392 ], [ -84.58310800024735, 39.031282999761508 ], [ -84.583294000020203, 39.03133400012792 ], [ -84.584463000157285, 39.031599000331028 ], [ -84.584997999909589, 39.031697999991373 ], [ -84.585684999997852, 39.031800000088452 ], [ -84.586129000411859, 39.031845000330748 ], [ -84.586460999774573, 39.03187799965287 ], [ -84.586690000103431, 39.031901000080545 ], [ -84.586846999563946, 39.031916000143056 ], [ -84.587025999664093, 39.031934000074344 ] ] ] ] } },
{ "type": "Feature", "properties": { "mdshnocar": 0.0 }, "geometry": { "type": "MultiPolygon", "coordinates": [ [ [ [ -84.542612000239856, 39.071683999881714 ], [ -84.542602000194094, 39.07176599970991 ], [ -84.542596000346322, 39.071812999781073 ], [ -84.542567999858917, 39.071930999866396 ], [ -84.542525000201209, 39.072050999928109 ], [ -84.542458000254058, 39.072183000109 ], [ -84.542361999994597, 39.072332000058836 ], [ -84.542339000428385, 39.07236000028108 ], [ -84.542254999864483, 39.072462000249573 ], [ -84.542125999993033, 39.0725949997409 ], [ -84.541987000075864, 39.072724000067247 ], [ -84.541802000127944, 39.072929000273767 ], [ -84.541679999929215, 39.073130000296096 ], [ -84.541643000119279, 39.073232999919171 ], [ -84.541305000010482, 39.072980999938871 ], [ -84.541236000413491, 39.072929000273767 ], [ -84.540744000318924, 39.07256099983185 ], [ -84.540438999822072, 39.07266499966611 ], [ -84.539736999665195, 39.072904999878936 ], [ -84.539020000338027, 39.072984000159806 ], [ -84.538385999953221, 39.073052000251323 ], [ -84.538220000271863, 39.073079000115641 ], [ -84.538062000088118, 39.07310399982579 ], [ -84.537806999819992, 39.073100000235407 ], [ -84.537693999842091, 39.073100000235407 ], [ -84.537101000363464, 39.073169000286136 ], [ -84.536943000179733, 39.073212999909295 ], [ -84.536800000064588, 39.073292999914671 ], [ -84.53674399998809, 39.073338000226478 ], [ -84.53667899969075, 39.073414999887646 ], [ -84.536606999720746, 39.073467999958865 ], [ -84.536631999835109, 39.073664000218429 ], [ -84.536647999728615, 39.07372900016297 ], [ -84.536665000345366, 39.073796000171853 ], [ -84.536702000155302, 39.073878000335625 ], [ -84.53672800009457, 39.073966000065163 ], [ -84.536783000346162, 39.074085000095522 ], [ -84.536780999798026, 39.07452699994564 ], [ -84.536768000277533, 39.074816999712695 ], [ -84.536758000231799, 39.07517599986322 ], [ -84.536749000010971, 39.07523100009017 ], [ -84.536738999965237, 39.075287999658812 ], [ -84.536708000003088, 39.075349000039331 ], [ -84.536657999774363, 39.075404000131392 ], [ -84.536619000314616, 39.07543399990994 ], [ -84.536627999637147, 39.075525999941696 ], [ -84.536606999720746, 39.07564400009494 ], [ -84.536560999689996, 39.075739999991278 ], [ -84.536471000176633, 39.075836999790191 ], [ -84.536416999749946, 39.075880999841949 ], [ -84.53633499973418, 39.075932000089473 ], [ -84.53622599995424, 39.075971999956984 ], [ -84.536071000143536, 39.076005000283942 ], [ -84.535865000279202, 39.076026000230357 ], [ -84.535774000042622, 39.076045000110085 ], [ -84.535664000437762, 39.07608599994326 ], [ -84.535619000231932, 39.076105999836201 ], [ -84.535569999828127, 39.076134999984745 ], [ -84.535467999720879, 39.076220000303309 ], [ -84.535435999933824, 39.076251999789612 ], [ -84.535405999796581, 39.076297000306631 ], [ -84.535395999750847, 39.076319000192491 ], [ -84.535363000138886, 39.076391999986598 ], [ -84.535339999674349, 39.076471999874876 ], [ -84.535338000024538, 39.076520000322141 ], [ -84.535339999674349, 39.07660700022155 ], [ -84.535348999895177, 39.076676000329996 ], [ -84.535486999987441, 39.077298999689361 ], [ -84.535613000384146, 39.077898999736846 ], [ -84.535650000194067, 39.07800100006736 ], [ -84.535552000284781, 39.078026000125831 ], [ -84.535363000138886, 39.078062000194571 ], [ -84.535152000251685, 39.078118000264865 ], [ -84.534388000170523, 39.078287000207688 ], [ -84.53363900015799, 39.078425999857316 ], [ -84.532756000251155, 39.078550000010964 ], [ -84.532552999861565, 39.078557999968375 ], [ -84.532378999784299, 39.078558999962979 ], [ -84.532138999584774, 39.078530000113389 ], [ -84.531507999573023, 39.078401999937363 ], [ -84.531351000112494, 39.078387999980279 ], [ -84.530703000382303, 39.078403999930984 ], [ -84.530667000397287, 39.078404999927763 ], [ -84.530575000335787, 39.078396999953014 ], [ -84.530101999609442, 39.078332000124227 ], [ -84.529642000200212, 39.078254000250674 ], [ -84.529503000283057, 39.078224000276336 ], [ -84.52940399965054, 39.078190000290043 ], [ -84.529176000044899, 39.078093000238994 ], [ -84.529046000348558, 39.078018000108102 ], [ -84.528709999889585, 39.077780999867841 ], [ -84.528062999984286, 39.077316999911496 ], [ -84.52735099978166, 39.076891999717773 ], [ -84.527060000426857, 39.076706000265133 ], [ -84.526934000030153, 39.076616999746207 ], [ -84.52683399957273, 39.076557999810461 ], [ -84.526754999930006, 39.076528999835773 ], [ -84.52662799970841, 39.076425000117133 ], [ -84.526484999593279, 39.076324000324099 ], [ -84.52640699977546, 39.076277999797377 ], [ -84.526349999874057, 39.076244000268076 ], [ -84.526332000330711, 39.076237000075814 ], [ -84.526205999934021, 39.076186000048679 ], [ -84.52561799957995, 39.075983000300184 ], [ -84.526083999735278, 39.075984999664996 ], [ -84.526236999896156, 39.075972999988302 ], [ -84.526476000270748, 39.075932000089473 ], [ -84.526604000317263, 39.075896999663755 ], [ -84.526622999685515, 39.075891000166877 ], [ -84.526709999724176, 39.075862999950878 ], [ -84.526886000349577, 39.075783000069528 ], [ -84.526987999558514, 39.075717999924848 ], [ -84.527046000183162, 39.075670999664879 ], [ -84.527160999810874, 39.075566000039416 ], [ -84.52727299996387, 39.075442000220697 ], [ -84.527282000184698, 39.07542999975422 ], [ -84.527364000200464, 39.075317000143528 ], [ -84.527616999920468, 39.074954999875935 ], [ -84.527748000340026, 39.074768000150776 ], [ -84.528040000418073, 39.074359000117312 ], [ -84.528213999597028, 39.074112000261962 ], [ -84.528503000200345, 39.073711999786298 ], [ -84.528687000323373, 39.073455999854104 ], [ -84.528735000003934, 39.073372999829289 ], [ -84.528762999593013, 39.073307000185231 ], [ -84.527440000368443, 39.073383999880186 ], [ -84.526693000005736, 39.072986999683216 ], [ -84.526431000064917, 39.072846999704687 ], [ -84.526308999866174, 39.072782000342592 ], [ -84.525137000254333, 39.072007999667903 ], [ -84.525347000316629, 39.07199000018376 ], [ -84.525645000242434, 39.071939999965281 ], [ -84.525718000037386, 39.071928999689263 ], [ -84.525764000068136, 39.071918000108994 ], [ -84.525836000038154, 39.071899999904467 ], [ -84.526121000443524, 39.071827999737877 ], [ -84.526556999563297, 39.071694000103989 ], [ -84.526769999998621, 39.07159999977182 ], [ -84.526829000448174, 39.071566000080878 ], [ -84.526976999687861, 39.071450999671377 ], [ -84.527026000091652, 39.071402999960512 ], [ -84.527118999978086, 39.071279999898557 ], [ -84.527185000100317, 39.071161000020183 ], [ -84.527473999805324, 39.070462000270446 ], [ -84.527113999955205, 39.070255999759738 ], [ -84.526180999819658, 39.069720999735004 ], [ -84.525798000403327, 39.069501000223319 ], [ -84.524744999718848, 39.068898000211185 ], [ -84.5245780002126, 39.068809999741617 ], [ -84.524410999808012, 39.068985999873576 ], [ -84.524095000338818, 39.06915299981096 ], [ -84.522581000420232, 39.06927700021879 ], [ -84.522415999665469, 39.069283999706627 ], [ -84.521285999886416, 39.06772500009 ], [ -84.521023000120692, 39.067170000081475 ], [ -84.520849000043413, 39.066861000021518 ], [ -84.521122999679818, 39.06594300026142 ], [ -84.521228999985013, 39.065633000232197 ], [ -84.521350000358851, 39.065346000237938 ], [ -84.521449999917962, 39.065151000079176 ], [ -84.521642000436884, 39.064843999928627 ], [ -84.521767000110358, 39.064678999943624 ], [ -84.521840999730216, 39.064580999960135 ], [ -84.522080999929713, 39.064310999729052 ], [ -84.522145000402148, 39.064253000164605 ], [ -84.522264000227821, 39.064141000293674 ], [ -84.522443000327982, 39.063991999791384 ], [ -84.522533999666251, 39.063917000018712 ], [ -84.52301999991306, 39.063560000203829 ], [ -84.525200000003537, 39.062056999974665 ], [ -84.525265000300863, 39.062012000142673 ], [ -84.525497000104437, 39.061861000264471 ], [ -84.525616999755059, 39.061783000320922 ], [ -84.52579000000739, 39.061686000038456 ], [ -84.525914999680879, 39.061615999687092 ], [ -84.526229000398544, 39.061461000106959 ], [ -84.526251000139865, 39.061450000290328 ], [ -84.526610000165064, 39.061301999927565 ], [ -84.526657999845639, 39.06128500004511 ], [ -84.526739000036486, 39.061257000311855 ], [ -84.526980999885822, 39.061173999891473 ], [ -84.527385999941771, 39.061063000260788 ], [ -84.527637000011936, 39.061005999666293 ], [ -84.527863999792658, 39.060965000140186 ], [ -84.528172999589145, 39.060917999820596 ], [ -84.528467000215329, 39.060886999904291 ], [ -84.528736999653773, 39.060868999676643 ], [ -84.529546999765671, 39.060849000348334 ], [ -84.530479999901218, 39.060829000316879 ], [ -84.530652000328672, 39.060820999744678 ], [ -84.530926999789969, 39.060808000033575 ], [ -84.531150000271055, 39.060792999827413 ], [ -84.531293000386171, 39.060783999702196 ], [ -84.53151500014404, 39.060761999856261 ], [ -84.53196799988055, 39.060716999896364 ], [ -84.532519000424685, 39.060642999682997 ], [ -84.533027000412801, 39.06055699988427 ], [ -84.533583000081506, 39.060444999729796 ], [ -84.533980999566438, 39.060353000267149 ], [ -84.534495000300652, 39.060218000216977 ], [ -84.536323999863527, 39.059694999796818 ], [ -84.536708000003088, 39.059588999855656 ], [ -84.538467999968987, 39.059076999846994 ], [ -84.538858999781226, 39.059590000119059 ], [ -84.539052000125068, 39.059871999896558 ], [ -84.539345999852955, 39.060333000095191 ], [ -84.539375000165265, 39.060378000299792 ], [ -84.539535999823755, 39.060642999682997 ], [ -84.53978699989392, 39.061057000200407 ], [ -84.540047000184913, 39.061447000276623 ], [ -84.539744000236212, 39.061991000211307 ], [ -84.539672000266194, 39.062092000289127 ], [ -84.539523000303276, 39.062276000142369 ], [ -84.539447999960203, 39.062344000088117 ], [ -84.539374000340359, 39.062413000191732 ], [ -84.539271000408192, 39.062503000013258 ], [ -84.539071000391658, 39.06262600002556 ], [ -84.538958000413743, 39.062685999970803 ], [ -84.538786999811208, 39.062777999880829 ], [ -84.538626999977652, 39.062857999856732 ], [ -84.538216999898808, 39.063061999908101 ], [ -84.538197999632231, 39.063116000294855 ], [ -84.538200000180368, 39.063576000029073 ], [ -84.538191999784459, 39.063699999772005 ], [ -84.538181999738725, 39.063867999863803 ], [ -84.538180999913791, 39.064152999889821 ], [ -84.538122000362577, 39.065129999686533 ], [ -84.538105999570732, 39.065566000145957 ], [ -84.538088999852292, 39.065632000054421 ], [ -84.538135999707961, 39.065747000180735 ], [ -84.538201999830193, 39.065958000070829 ], [ -84.53827299997532, 39.066150000278867 ], [ -84.538309999785227, 39.066236999710796 ], [ -84.538437000006837, 39.066482000292702 ], [ -84.538510999626695, 39.066597999895812 ], [ -84.538845000435842, 39.067100000285684 ], [ -84.539765999977519, 39.068480999930813 ], [ -84.540015000397858, 39.068846999762215 ], [ -84.54049700044672, 39.0695039998947 ], [ -84.54056000019591, 39.069609000170743 ], [ -84.540648999884354, 39.069773999790705 ], [ -84.540827999984501, 39.070182999894911 ], [ -84.540894999931652, 39.070286000331961 ], [ -84.54093400028971, 39.070325999912676 ], [ -84.540975000297593, 39.070367000278914 ], [ -84.541065999635876, 39.070430000250838 ], [ -84.541177999788871, 39.070489999839744 ], [ -84.541325999926883, 39.070551000183166 ], [ -84.541550000232874, 39.070621000043516 ], [ -84.5418489999836, 39.070726000052595 ], [ -84.542156999955168, 39.070862999743241 ], [ -84.542248000191776, 39.070940000012556 ], [ -84.542443000185457, 39.07115099972237 ], [ -84.542526999851034, 39.071291999675907 ], [ -84.542583999752452, 39.071431999949517 ], [ -84.542607000216975, 39.071547999786574 ], [ -84.542612000239856, 39.071683999881714 ] ] ] ] } },
{ "type": "Feature", "properties": { "mdshnocar": 5.438 }, "geometry": { "type": "MultiPolygon", "coordinates": [ [ [ [ -84.519735999982828, 39.070561999976533 ], [ -84.519690999776969, 39.070744999964511 ], [ -84.519560000255723, 39.071177000214739 ], [ -84.519169000443469, 39.072479000229997 ], [ -84.519058999940299, 39.072883999701098 ], [ -84.518976999924547, 39.073302999908947 ], [ -84.518950999985265, 39.073625999869058 ], [ -84.518952999635076, 39.073846999834196 ], [ -84.518969000426921, 39.074049000089921 ], [ -84.519002000038896, 39.074247000242039 ], [ -84.519022000130377, 39.074368999960541 ], [ -84.519074000008899, 39.074575000321246 ], [ -84.519139000306225, 39.074782000128721 ], [ -84.519295999766769, 39.075191999844932 ], [ -84.519639999723353, 39.075966999800443 ], [ -84.519431000384287, 39.07600400025315 ], [ -84.519382999805401, 39.076011999801892 ], [ -84.519166999895333, 39.076048000200757 ], [ -84.518939000289691, 39.076089000032134 ], [ -84.518643999838602, 39.076133999955779 ], [ -84.518504999921433, 39.075532000167051 ], [ -84.518431000301575, 39.07520899986504 ], [ -84.518318000323674, 39.074782000128721 ], [ -84.51778400039629, 39.074962000195427 ], [ -84.517740000015365, 39.074977000180255 ], [ -84.517616000166797, 39.075020000026115 ], [ -84.517589000402623, 39.075027999686419 ], [ -84.517482000272494, 39.075055000189444 ], [ -84.516012999661413, 39.07528200011015 ], [ -84.514904999623681, 39.075461000257675 ], [ -84.514434000343812, 39.075536999657039 ], [ -84.514276000160052, 39.075561999891185 ], [ -84.514117000151401, 39.075586000079753 ], [ -84.513794000111218, 39.075634999771054 ], [ -84.513457999652232, 39.075689000302319 ], [ -84.513313999712196, 39.075709000307782 ], [ -84.512885000265101, 39.075770000324368 ], [ -84.512426999607385, 39.075846000088262 ], [ -84.511972000221036, 39.075918999674379 ], [ -84.511496000019974, 39.07599499997518 ], [ -84.511019999818913, 39.07607200022403 ], [ -84.510690999930944, 39.076115000100017 ], [ -84.51066300034185, 39.076181999935592 ], [ -84.510680999885196, 39.076303999795556 ], [ -84.510788999840216, 39.076725999982351 ], [ -84.510907999665903, 39.077187000296249 ], [ -84.510936000153308, 39.077228000163231 ], [ -84.510974999613083, 39.077278000121808 ], [ -84.510992000229805, 39.077323999996608 ], [ -84.510327999707783, 39.077424999752949 ], [ -84.510270999806366, 39.077433999848516 ], [ -84.510184999592639, 39.077447999994888 ], [ -84.509344000416917, 39.074200999756073 ], [ -84.509298000386167, 39.073987999980417 ], [ -84.509278000294671, 39.073836999916949 ], [ -84.509269999898748, 39.07378500018519 ], [ -84.509217000195292, 39.073395999997196 ], [ -84.509173999639287, 39.073233999989242 ], [ -84.509131999806499, 39.073071000234393 ], [ -84.508987000041543, 39.072504000152698 ], [ -84.50858199998558, 39.070999999865322 ], [ -84.508392999839685, 39.070350999900676 ], [ -84.50828300023484, 39.06997300019713 ], [ -84.508026000316889, 39.069069000175851 ], [ -84.507957999646507, 39.068824000204074 ], [ -84.507842000193875, 39.068388999781426 ], [ -84.507629999583457, 39.067587999887799 ], [ -84.507302000418704, 39.066306999664938 ], [ -84.507247000167112, 39.066112000068472 ], [ -84.507151999732571, 39.065775000225585 ], [ -84.507027999884016, 39.0654009997561 ], [ -84.506930999799621, 39.065148000222742 ], [ -84.506832000065415, 39.06488900004787 ], [ -84.506779000361973, 39.064766999983604 ], [ -84.506507000375407, 39.064141000293674 ], [ -84.506297000313126, 39.063709000223028 ], [ -84.505990999991369, 39.063145000201366 ], [ -84.505861000295027, 39.062927000155483 ], [ -84.505782999578912, 39.062796000319224 ], [ -84.505727000400739, 39.062701999994083 ], [ -84.505411999858154, 39.062209999886278 ], [ -84.504357000422175, 39.06067300015588 ], [ -84.503281000171484, 39.059060000126344 ], [ -84.5033170001565, 39.059042000130432 ], [ -84.503872999825205, 39.058774000191107 ], [ -84.50443400041506, 39.058504000072112 ], [ -84.504571999609013, 39.058467000210499 ], [ -84.504699999655529, 39.05846200020882 ], [ -84.504759000105068, 39.058464999651811 ], [ -84.50511499975724, 39.058524000064679 ], [ -84.505262000070331, 39.058527000202588 ], [ -84.505406000010368, 39.058509999651953 ], [ -84.505687000217776, 39.058430000329437 ], [ -84.506286000442472, 39.058216000109269 ], [ -84.506339999970848, 39.058211999675244 ], [ -84.50640899956781, 39.058228000014893 ], [ -84.506498000154579, 39.058313000276414 ], [ -84.506818999646626, 39.058734000341985 ], [ -84.507505999734889, 39.059588999855656 ], [ -84.507715999797185, 39.059879000317004 ], [ -84.508095999738771, 39.060345999893698 ], [ -84.509002999935049, 39.061518999872703 ], [ -84.509643000167657, 39.061161000245356 ], [ -84.510090999881314, 39.061666000244102 ], [ -84.510230999623388, 39.061818000073742 ], [ -84.510492999564207, 39.061665000010066 ], [ -84.510599999694335, 39.061598000342833 ], [ -84.510638000227488, 39.061586999850022 ], [ -84.510664999991661, 39.06157100027157 ], [ -84.511150000413565, 39.061521999883354 ], [ -84.512361000383464, 39.062286000302635 ], [ -84.512928999747714, 39.062957999873547 ], [ -84.513102, 39.063126000336133 ], [ -84.51332299993301, 39.063276000087512 ], [ -84.513409999971657, 39.063319000087638 ], [ -84.513574999828094, 39.063380999863284 ], [ -84.513816999677431, 39.063452000068281 ], [ -84.514013000394343, 39.063486000180454 ], [ -84.514203000365129, 39.063503999740853 ], [ -84.514385999764912, 39.06350499994879 ], [ -84.514622999591381, 39.063483000253264 ], [ -84.514815000110318, 39.063442000073181 ], [ -84.515004000256198, 39.063386999726212 ], [ -84.515321000448608, 39.063256000046039 ], [ -84.515821000040816, 39.063034999699241 ], [ -84.515942000414626, 39.062989999793174 ], [ -84.516068999737939, 39.062963999772364 ], [ -84.516293999868822, 39.062944999858416 ], [ -84.516687000229211, 39.062956000139621 ], [ -84.516668999787555, 39.063194000160607 ], [ -84.516633999627444, 39.063364999993901 ], [ -84.516590000144831, 39.063516999652997 ], [ -84.516498999908237, 39.063749000043522 ], [ -84.516473999793888, 39.063819999878405 ], [ -84.51624100016538, 39.064435000273434 ], [ -84.516155999776558, 39.064460999752413 ], [ -84.515748000245878, 39.06462699974157 ], [ -84.515605999955639, 39.064692999830484 ], [ -84.515266000197016, 39.064871000143107 ], [ -84.515020000149747, 39.064983999740306 ], [ -84.514840000224666, 39.065051999867478 ], [ -84.514532000253098, 39.065159000160676 ], [ -84.513831999746046, 39.065397999910346 ], [ -84.513632999554432, 39.065462999795663 ], [ -84.513511000253999, 39.065492000132934 ], [ -84.512877999694084, 39.065578999678422 ], [ -84.513820999875392, 39.066606999977338 ], [ -84.513963000165617, 39.066557000130032 ], [ -84.514232999604047, 39.066445999896096 ], [ -84.514317999992855, 39.066409000011831 ], [ -84.514625000139517, 39.066281000168331 ], [ -84.514688999713613, 39.066341999964664 ], [ -84.515020000149747, 39.066737999716096 ], [ -84.515427999680412, 39.067199999873019 ], [ -84.515534999810541, 39.067301000170303 ], [ -84.515595999909905, 39.067355000104193 ], [ -84.516150999753691, 39.068047000327638 ], [ -84.516264999556498, 39.068200999952325 ], [ -84.516505999580929, 39.068492000046803 ], [ -84.517319999890788, 39.069520999890209 ], [ -84.516535999718158, 39.0699080002803 ], [ -84.516736999559598, 39.070115999942999 ], [ -84.517066000345892, 39.070509999923871 ], [ -84.517127000445257, 39.070613999990904 ], [ -84.517118000224428, 39.070649000247236 ], [ -84.51709300011008, 39.070676000333471 ], [ -84.517620000364758, 39.070880000108829 ], [ -84.518103000238511, 39.070895000263896 ], [ -84.518588999586996, 39.070844999967058 ], [ -84.519034999650856, 39.070625999881436 ], [ -84.519510999851917, 39.070546000339938 ], [ -84.519763999571893, 39.070502999860189 ], [ -84.519735999982828, 39.070561999976533 ] ] ] ] } },
{ "type": "Feature", "properties": { "mdshnocar": 15.751 }, "geometry": { "type": "MultiPolygon", "coordinates": [ [ [ [ -84.57689900041207, 39.015903999860356 ], [ -84.576747000076097, 39.016013999779794 ], [ -84.576643000319038, 39.016132999760082 ], [ -84.575568999718158, 39.017271999710012 ], [ -84.575255999723723, 39.017633999778681 ], [ -84.574684000161497, 39.018333999841154 ], [ -84.574247000318508, 39.018868999728433 ], [ -84.574028000035383, 39.019148999882091 ], [ -84.573862000354012, 39.019361999675148 ], [ -84.573660999614262, 39.019619999872575 ], [ -84.573586999994404, 39.019714000305676 ], [ -84.573349000343043, 39.020060999953515 ], [ -84.573237000190048, 39.020250000342593 ], [ -84.573146999778359, 39.02043300020469 ], [ -84.57299199996767, 39.020837000069001 ], [ -84.572488000177515, 39.022385000201773 ], [ -84.57231499992514, 39.022960000035461 ], [ -84.572176999832877, 39.023334999925964 ], [ -84.572067000228031, 39.023546000216257 ], [ -84.571913000242247, 39.023751000136627 ], [ -84.571427999820344, 39.024281999947497 ], [ -84.57127300000964, 39.024473999709507 ], [ -84.570436000133554, 39.025338999912719 ], [ -84.569625000196751, 39.026182999888704 ], [ -84.569426999830029, 39.026387999838569 ], [ -84.56698599962364, 39.026142999727057 ], [ -84.56612199998338, 39.026070000315791 ], [ -84.565607000322572, 39.026013000092107 ], [ -84.564567999881817, 39.025915000187787 ], [ -84.564220999552177, 39.025875999917531 ], [ -84.56227399998852, 39.025692000141341 ], [ -84.561856000412092, 39.025669999832658 ], [ -84.561792999764592, 39.02565499984027 ], [ -84.561418999670778, 39.025606999703747 ], [ -84.561272000255997, 39.025595999885951 ], [ -84.561211000156632, 39.025591999698044 ], [ -84.56079299968188, 39.025570000056071 ], [ -84.560272999998205, 39.025569000008709 ], [ -84.559868999767161, 39.025599000026737 ], [ -84.559236000105571, 39.025681999684672 ], [ -84.558805999935259, 39.025758000328544 ], [ -84.558063999595419, 39.025921999786718 ], [ -84.557615999881762, 39.026031000130985 ], [ -84.556050999909516, 39.026403999710922 ], [ -84.555475000149357, 39.026530999921377 ], [ -84.555027000435686, 39.026619000043276 ], [ -84.554659000189673, 39.026677999841631 ], [ -84.554160000422385, 39.02673500022695 ], [ -84.554055999767002, 39.026738999652352 ], [ -84.553786000328572, 39.02675400011254 ], [ -84.553444999846718, 39.026759000265216 ], [ -84.552869999911437, 39.026743999806101 ], [ -84.552592999902004, 39.026725999948788 ], [ -84.550697000391992, 39.026556000062321 ], [ -84.549818999609712, 39.026469999931216 ], [ -84.549258999743046, 39.026430999967104 ], [ -84.549000000175283, 39.026420000277533 ], [ -84.548520999601166, 39.026417000171577 ], [ -84.548079999560201, 39.026434000072456 ], [ -84.547826999840211, 39.026454000073805 ], [ -84.547589000188836, 39.026479000241984 ], [ -84.547135999553987, 39.026549999861849 ], [ -84.546902999925493, 39.026600000121405 ], [ -84.546409000181086, 39.026722999855821 ], [ -84.546240000126673, 39.026771999962719 ], [ -84.545974999812813, 39.026862999871739 ], [ -84.545687999757618, 39.026972000160718 ], [ -84.545133999738766, 39.027203999876889 ], [ -84.544429000107158, 39.027545000330548 ], [ -84.544492999681253, 39.027877999720097 ], [ -84.544506000100043, 39.027935999849454 ], [ -84.544511000122924, 39.027989999878955 ], [ -84.544477999612639, 39.027988999865826 ], [ -84.544382000251488, 39.028020000265172 ], [ -84.54430799973332, 39.02804299985484 ], [ -84.544292999664705, 39.028057000026187 ], [ -84.544116000112723, 39.028100999848796 ], [ -84.543916000096161, 39.028158999795153 ], [ -84.54377299998103, 39.028219999723468 ], [ -84.543542999827267, 39.028321999955025 ], [ -84.542270999757989, 39.029015000278818 ], [ -84.54210099987867, 39.02918699982628 ], [ -84.541858000204428, 39.029319999887257 ], [ -84.5418489999836, 39.029246000272494 ], [ -84.541823000044346, 39.028957000337016 ], [ -84.541807000150811, 39.028788000235302 ], [ -84.541704000218644, 39.028833000301866 ], [ -84.541366000109846, 39.028965000331794 ], [ -84.541065999635876, 39.02907100017741 ], [ -84.540696999564929, 39.029184999833937 ], [ -84.540083000169929, 39.029332999811601 ], [ -84.539827000076897, 39.029383000196098 ], [ -84.539319999913687, 39.029452999697959 ], [ -84.539253999791441, 39.029457999659719 ], [ -84.538853999758359, 39.029490000104538 ], [ -84.538621000129851, 39.029498000038984 ], [ -84.538478000014734, 39.029499000030704 ], [ -84.538195000157515, 39.029500000022473 ], [ -84.537975000049485, 39.029494000071843 ], [ -84.537391999718309, 39.029449999720747 ], [ -84.536878999707312, 39.029375000248578 ], [ -84.536586999629264, 39.029320999881548 ], [ -84.53617700044876, 39.029224999669857 ], [ -84.535671000110455, 39.029076000166199 ], [ -84.535383000230368, 39.028977000322342 ], [ -84.535317000108137, 39.02895400033875 ], [ -84.534939999641253, 39.028812000274364 ], [ -84.53434799998756, 39.028588000290675 ], [ -84.534162000214735, 39.028515999920877 ], [ -84.534098999567206, 39.028490999775286 ], [ -84.533983999939494, 39.02844600018885 ], [ -84.534057999559337, 39.028165999869685 ], [ -84.534172000260469, 39.027730000185123 ], [ -84.534214000093257, 39.027543000291807 ], [ -84.534220999765964, 39.027512999703077 ], [ -84.534286999888181, 39.027319999798365 ], [ -84.534310000352733, 39.027217000190426 ], [ -84.534434000201273, 39.026584000293418 ], [ -84.534472999661034, 39.026178999734022 ], [ -84.534517999866878, 39.025669999832658 ], [ -84.534522999889745, 39.025619000264335 ], [ -84.534733999776932, 39.025629000032097 ], [ -84.534818000340849, 39.025633000217901 ], [ -84.535003000288768, 39.0256640002548 ], [ -84.53541900021537, 39.025759999719973 ], [ -84.53586299973108, 39.025853999666047 ], [ -84.536087999861977, 39.025884000261009 ], [ -84.536323999863527, 39.025890999862959 ], [ -84.536425999970774, 39.025889999820194 ], [ -84.536687000086687, 39.025864000098395 ], [ -84.536914999692328, 39.025821000322821 ], [ -84.5371380001734, 39.025758999675347 ], [ -84.537323000121319, 39.025687999958819 ], [ -84.537535999658346, 39.02558900025479 ], [ -84.538159999997418, 39.025268999825975 ], [ -84.538298000089668, 39.025185000328271 ], [ -84.538337000447726, 39.025160999755549 ], [ -84.538502000304177, 39.025034999930149 ], [ -84.538765000069887, 39.02480799966682 ], [ -84.539208999585597, 39.024389999965038 ], [ -84.539426000218896, 39.024203000308361 ], [ -84.539705999703074, 39.024004000022217 ], [ -84.540008999651761, 39.023783999748254 ], [ -84.540417999905671, 39.0234579997583 ], [ -84.540643000036567, 39.023301000025349 ], [ -84.540749000341805, 39.023243999662604 ], [ -84.541176000139046, 39.02304999988354 ], [ -84.54141200014061, 39.022921000228592 ], [ -84.541627000225759, 39.022776000346241 ], [ -84.541752999724139, 39.022670000133445 ], [ -84.541876999572693, 39.022542999965388 ], [ -84.54210400025174, 39.022262999992506 ], [ -84.542191000290373, 39.022120000348728 ], [ -84.542222000252508, 39.02205499965369 ], [ -84.542252000389738, 39.021991999792668 ], [ -84.542357999796636, 39.021635000217827 ], [ -84.542555000338453, 39.021081000313103 ], [ -84.542602000194094, 39.020915999979913 ], [ -84.542736000088397, 39.020142999708014 ], [ -84.542762000027679, 39.020059999828277 ], [ -84.542804999685387, 39.019975000296064 ], [ -84.542880000028461, 39.019858000058527 ], [ -84.543004999701907, 39.019723000080702 ], [ -84.54315700003788, 39.019587999845122 ], [ -84.543644999934514, 39.019233000270312 ], [ -84.544143999701802, 39.01888600004856 ], [ -84.544305000258603, 39.018798000071556 ], [ -84.544495000229389, 39.018713999864495 ], [ -84.545378999961159, 39.018351999741434 ], [ -84.545640999901977, 39.018238000063164 ], [ -84.545943000025758, 39.018117999982834 ], [ -84.546522000158987, 39.017871999670128 ], [ -84.546824000282768, 39.017712999778709 ], [ -84.548204000307067, 39.016908000240278 ], [ -84.549255000443409, 39.016292999893061 ], [ -84.551062000264977, 39.015254000079523 ], [ -84.551248000037802, 39.015121000077457 ], [ -84.551335999901355, 39.015039000082709 ], [ -84.551439999658442, 39.014927000344798 ], [ -84.551547999613462, 39.014772000215544 ], [ -84.551812999927336, 39.014338000000514 ], [ -84.552766000154378, 39.012744999775144 ], [ -84.552912999569159, 39.012480000087876 ], [ -84.55313600005023, 39.011978000260299 ], [ -84.553632000342773, 39.010708000087128 ], [ -84.554076999683389, 39.009588999702039 ], [ -84.554260999806388, 39.009149999788001 ], [ -84.554387000203093, 39.00890699984069 ], [ -84.554485999937299, 39.008717999847448 ], [ -84.554538999640755, 39.008639000269355 ], [ -84.554576000348987, 39.008585000118202 ], [ -84.554670000060312, 39.00847600010119 ], [ -84.554817000373404, 39.008339999741949 ], [ -84.554868000427035, 39.008298000070894 ], [ -84.555159999606772, 39.008117000106232 ], [ -84.555267999561792, 39.008061999959679 ], [ -84.555352999950614, 39.008018000230457 ], [ -84.555665999945077, 39.007886999779906 ], [ -84.555777000273153, 39.007849000333835 ], [ -84.556565999570353, 39.007581999847829 ], [ -84.556768000135008, 39.007498999883516 ], [ -84.556874000440231, 39.007447000167467 ], [ -84.557107999893645, 39.007305000184303 ], [ -84.55754899993461, 39.006977999994376 ], [ -84.557740999555236, 39.006846000097852 ], [ -84.557820000096257, 39.00680099999753 ], [ -84.558032999633284, 39.006706999850635 ], [ -84.558322000236601, 39.006602000296382 ], [ -84.558643999553553, 39.006491000079563 ], [ -84.558862999836677, 39.006423999738622 ], [ -84.559246999976224, 39.006320000083875 ], [ -84.559641999986439, 39.006218000220272 ], [ -84.559794000322398, 39.006181999822658 ], [ -84.560001000011653, 39.006135999675784 ], [ -84.560122000385462, 39.006112999940164 ], [ -84.560407999717413, 39.006077999812128 ], [ -84.560873999872726, 39.006071999967958 ], [ -84.561447999983088, 39.006083000030948 ], [ -84.561497000386908, 39.006090999821808 ], [ -84.561541999694427, 39.006097999987148 ], [ -84.561608999641578, 39.006131999783008 ], [ -84.561699999878172, 39.006201000345037 ], [ -84.561956999796109, 39.006395999900299 ], [ -84.562258000094999, 39.006637000165149 ], [ -84.562524000233779, 39.00679500021463 ], [ -84.562843999900906, 39.006970000303824 ], [ -84.563920999976517, 39.00754699974857 ], [ -84.564148999582144, 39.007678999733095 ], [ -84.564260999735154, 39.00773200027632 ], [ -84.564345000299042, 39.007771999685353 ], [ -84.564601000392074, 39.00787400010028 ], [ -84.564725000240642, 39.007905999844319 ], [ -84.564793000012713, 39.007923000007843 ], [ -84.565203999916434, 39.008037000259669 ], [ -84.565752000087514, 39.00819199979297 ], [ -84.566299000433702, 39.008347999975619 ], [ -84.566626999598441, 39.008440000154756 ], [ -84.566959999684386, 39.008552999983351 ], [ -84.567052999570791, 39.008585000118202 ], [ -84.567372000311337, 39.00873600010123 ], [ -84.567563999931963, 39.008839999694061 ], [ -84.567757000275805, 39.008943000247541 ], [ -84.568973000268571, 39.009604000310858 ], [ -84.569403000438896, 39.009827000144654 ], [ -84.569444000446779, 39.009850000068745 ], [ -84.569990999894628, 39.010140999767223 ], [ -84.570070000435663, 39.010184000004948 ], [ -84.570148000253468, 39.010227999782806 ], [ -84.570411000019206, 39.010362999739591 ], [ -84.571000000198168, 39.010684000184142 ], [ -84.5711640002297, 39.01077400030173 ], [ -84.571649999578185, 39.011031999724807 ], [ -84.571842999922026, 39.01114299979578 ], [ -84.571894999800591, 39.011180000013418 ], [ -84.572083000121566, 39.01132499994393 ], [ -84.572339000214598, 39.011558999845079 ], [ -84.572877000339943, 39.012075999939249 ], [ -84.573034999625364, 39.012225999911351 ], [ -84.573077000356477, 39.012266000268987 ], [ -84.573416000290194, 39.012589999749366 ], [ -84.573838000064583, 39.012980000089456 ], [ -84.574534000373674, 39.013625000146938 ], [ -84.575742999795452, 39.014752999901653 ], [ -84.576213999973618, 39.01524099966003 ], [ -84.576831999566593, 39.015830000160911 ], [ -84.57689900041207, 39.015903999860356 ] ] ] ] } },
{ "type": "Feature", "properties": { "mdshnocar": 3.862 }, "geometry": { "type": "MultiPolygon", "coordinates": [ [ [ [ -84.622785999747038, 39.069657999827641 ], [ -84.622745999564074, 39.069188000094371 ], [ -84.622717000150061, 39.068844000062853 ], [ -84.622550999570393, 39.066876000333316 ], [ -84.622473999577494, 39.066452999664669 ], [ -84.622394999934784, 39.065880999946032 ], [ -84.622348999904034, 39.065703000087822 ], [ -84.62232200013986, 39.065641000259063 ], [ -84.622257999667426, 39.065532000338102 ], [ -84.622036999734505, 39.065267999960056 ], [ -84.621963999939553, 39.065156999791611 ], [ -84.621912000061016, 39.065039000238016 ], [ -84.621885000296842, 39.064898999837936 ], [ -84.621883999573626, 39.064652999847389 ], [ -84.621916000258977, 39.064306000141251 ], [ -84.621941000373326, 39.063833999935618 ], [ -84.621946000396207, 39.063502000022417 ], [ -84.621932000152512, 39.063250999686062 ], [ -84.62191299988595, 39.063123999909521 ], [ -84.621816999626475, 39.062793999883255 ], [ -84.621722999915121, 39.062551999720647 ], [ -84.621583999997966, 39.062285000077438 ], [ -84.621444000255863, 39.062083999860064 ], [ -84.621334999577613, 39.061960000068623 ], [ -84.620947999963334, 39.061588000085173 ], [ -84.620713999611596, 39.061391000230032 ], [ -84.620486999830874, 39.061230000110186 ], [ -84.620367000180295, 39.061161999788958 ], [ -84.62025699967711, 39.061106000213833 ], [ -84.62009699984354, 39.061040000258956 ], [ -84.62003499991927, 39.061017000249628 ], [ -84.619803000115652, 39.06093900007113 ], [ -84.619456999610932, 39.060837999738872 ], [ -84.618496999711212, 39.060586999696163 ], [ -84.618269000105585, 39.060550000228581 ], [ -84.617996000294099, 39.060536999770036 ], [ -84.61756199992584, 39.060584000343319 ], [ -84.617300999809927, 39.060589000194717 ], [ -84.616920000043422, 39.060580000043451 ], [ -84.616805000415695, 39.060592000244881 ], [ -84.616659999752414, 39.060625000090667 ], [ -84.616320999818711, 39.060747000337813 ], [ -84.616223999734316, 39.060753999973961 ], [ -84.616135999870778, 39.060752000177665 ], [ -84.616103000258818, 39.060747999887319 ], [ -84.61599899960342, 39.060712000054082 ], [ -84.61593800040238, 39.060681000047325 ], [ -84.615654999646836, 39.060483999753934 ], [ -84.615494999813279, 39.060392999896649 ], [ -84.615406000124807, 39.060350999761965 ], [ -84.615206999933179, 39.060273999798966 ], [ -84.613734000022461, 39.059782000208685 ], [ -84.613451999990161, 39.059656000034387 ], [ -84.613065000375869, 39.059424999712093 ], [ -84.612781999620339, 39.059239999832997 ], [ -84.612420000120395, 39.059014000205188 ], [ -84.612210000058099, 39.058873999714834 ], [ -84.612087000034464, 39.058769000211228 ], [ -84.611671000107862, 39.058390000285435 ], [ -84.611600999787669, 39.058300999687624 ], [ -84.611403000319257, 39.057988999707909 ], [ -84.611301000212009, 39.057867999865678 ], [ -84.611231999716736, 39.057819999986116 ], [ -84.611182000386322, 39.057797999914115 ], [ -84.611128999784569, 39.057785000344026 ], [ -84.611072999708057, 39.057782999766012 ], [ -84.611014000156828, 39.057789000104684 ], [ -84.610963000103212, 39.057806000131357 ], [ -84.610910000399755, 39.057835000126353 ], [ -84.610874000414739, 39.057874999787252 ], [ -84.61067400039822, 39.058214999826411 ], [ -84.610587000359558, 39.058325000165546 ], [ -84.610363000053582, 39.058530999921217 ], [ -84.610330000441621, 39.05857099988539 ], [ -84.610287999710522, 39.058640999768116 ], [ -84.610209999892703, 39.058807000189127 ], [ -84.610163000037033, 39.058963000287875 ], [ -84.610131000249979, 39.059161000211979 ], [ -84.61012399967899, 39.059372000256275 ], [ -84.610131000249979, 39.059508999663109 ], [ -84.610153999816205, 39.060022000283993 ], [ -84.610131000249979, 39.060169999842429 ], [ -84.610026999594609, 39.060481999949936 ], [ -84.609959999647458, 39.060589000194717 ], [ -84.609916999989736, 39.060632999987547 ], [ -84.609875999981867, 39.060659999719995 ], [ -84.609783999920367, 39.060698000075213 ], [ -84.609142000037949, 39.060868999676643 ], [ -84.608870000051368, 39.060956000036903 ], [ -84.608603999912589, 39.061045000078018 ], [ -84.608030999627147, 39.061219999800343 ], [ -84.607773999709195, 39.06127199972196 ], [ -84.607453000217149, 39.061307999967134 ], [ -84.607249000002653, 39.061315000245195 ], [ -84.607075999750279, 39.061312000225747 ], [ -84.606889000152549, 39.061294000106457 ], [ -84.606714000250349, 39.061263999897442 ], [ -84.606140999964907, 39.061187999775946 ], [ -84.605391000127469, 39.061074000137722 ], [ -84.603543000298018, 39.060820999744678 ], [ -84.602986999731002, 39.060749000134294 ], [ -84.602918999958959, 39.060747000337813 ], [ -84.602651999995246, 39.060736999959602 ], [ -84.602506000405398, 39.060741999800108 ], [ -84.602347000396719, 39.060747999887319 ], [ -84.601467999789534, 39.060812999869107 ], [ -84.60085500021944, 39.060848000102773 ], [ -84.600471999904784, 39.060848000102773 ], [ -84.600230999880367, 39.060838999984568 ], [ -84.599803000258191, 39.060812000320524 ], [ -84.599151000330039, 39.060750999930676 ], [ -84.598982000275626, 39.060744000294221 ], [ -84.598737000053234, 39.060738000206726 ], [ -84.598097999645574, 39.060758000263966 ], [ -84.597830999681875, 39.060780999660196 ], [ -84.597541999976883, 39.060829000316879 ], [ -84.597329000439842, 39.060888000149305 ], [ -84.597269000165397, 39.060912999992496 ], [ -84.597033000163833, 39.061028000133717 ], [ -84.596536999871304, 39.061342999955443 ], [ -84.595454999772812, 39.06204200003382 ], [ -84.594975000272115, 39.062360000188903 ], [ -84.594618999721646, 39.06262100031848 ], [ -84.594565000193285, 39.062661000057979 ], [ -84.594407999834445, 39.062767000269403 ], [ -84.594267000267465, 39.062863000244548 ], [ -84.594008999626283, 39.063018999751435 ], [ -84.593812999807696, 39.063112999654486 ], [ -84.593518000254932, 39.06325000017204 ], [ -84.59313199956722, 39.063400999869344 ], [ -84.593042999878776, 39.063267000278785 ], [ -84.591580000013778, 39.061389999992144 ], [ -84.590339999731569, 39.059785999856217 ], [ -84.589005999738021, 39.058062000325251 ], [ -84.588790999652872, 39.057785000344026 ], [ -84.588425999779872, 39.057310000296937 ], [ -84.588188000128511, 39.056987999911883 ], [ -84.587471999727939, 39.055908000103713 ], [ -84.587436999567842, 39.055838000301833 ], [ -84.587387000237442, 39.055739000284227 ], [ -84.587328999612794, 39.055625000218804 ], [ -84.587258000365992, 39.055614999812661 ], [ -84.587138999641994, 39.055599999898341 ], [ -84.58679700023356, 39.05557900015252 ], [ -84.585531000012068, 39.055464999828807 ], [ -84.584638000059485, 39.055418000033391 ], [ -84.584207999889188, 39.055408000295508 ], [ -84.583729000213367, 39.05539900018141 ], [ -84.583379000408996, 39.055392000014365 ], [ -84.58309499982856, 39.055377999678214 ], [ -84.58277900035938, 39.055349999695174 ], [ -84.582412999763164, 39.055300000245857 ], [ -84.582139000126787, 39.055246000159109 ], [ -84.581785000124469, 39.055156000155286 ], [ -84.581378000418681, 39.05502899976873 ], [ -84.581246999999109, 39.054971999883506 ], [ -84.580943000225489, 39.054852999717802 ], [ -84.580662999843028, 39.054713000045737 ], [ -84.580344000000792, 39.054529000014789 ], [ -84.580164000075726, 39.054409999800157 ], [ -84.580077000037107, 39.054353000112826 ], [ -84.579764999867564, 39.054102999680381 ], [ -84.579446999850248, 39.053824000220402 ], [ -84.579343000093175, 39.053717999836614 ], [ -84.579226999742232, 39.05361999998518 ], [ -84.579172000388951, 39.05357400000797 ], [ -84.578834000280139, 39.053256999699343 ], [ -84.578107999833833, 39.052595999681095 ], [ -84.577768000075196, 39.052286000341326 ], [ -84.577542000119394, 39.052081999848888 ], [ -84.577426999593357, 39.051977000011988 ], [ -84.577229000124944, 39.051818000101392 ], [ -84.576966000359221, 39.051582999836867 ], [ -84.576824999893901, 39.051471000097621 ], [ -84.576655999839502, 39.051330000316604 ], [ -84.576592000265407, 39.051260000162443 ], [ -84.576469000241758, 39.051085999857328 ], [ -84.576408000142393, 39.050924999958944 ], [ -84.576383999852936, 39.05072299980138 ], [ -84.57641300016526, 39.050424000054754 ], [ -84.576418000188127, 39.050380999875088 ], [ -84.576439999929434, 39.05009199987029 ], [ -84.576439000104529, 39.049864000159353 ], [ -84.576448000325371, 39.049482999761679 ], [ -84.576432000431822, 39.04931899986596 ], [ -84.57641099961711, 39.049160999963583 ], [ -84.576357000088763, 39.048997000017827 ], [ -84.5762399999129, 39.048705999793611 ], [ -84.576189999684175, 39.048620999827925 ], [ -84.576116000064346, 39.04849499996962 ], [ -84.575894000306491, 39.048169999973055 ], [ -84.575807000267844, 39.048043000278525 ], [ -84.575654999931871, 39.047834000031486 ], [ -84.575455999740257, 39.04756100003582 ], [ -84.575285999860938, 39.047346999666885 ], [ -84.574968999668528, 39.046940000002607 ], [ -84.575107999585711, 39.046830999814382 ], [ -84.575264999944537, 39.04671999996188 ], [ -84.575853000298594, 39.046305000049266 ], [ -84.577318999638308, 39.045270000185134 ], [ -84.577902999794418, 39.044853999653739 ], [ -84.578487999775419, 39.044438999941342 ], [ -84.579451000048209, 39.043760999807773 ], [ -84.579899999586772, 39.043443000312685 ], [ -84.579949999815483, 39.04340900031707 ], [ -84.580010000089956, 39.043366999848431 ], [ -84.580175999771313, 39.043249999956181 ], [ -84.580829000422682, 39.042789999670148 ], [ -84.581066000249137, 39.042638999851526 ], [ -84.581365999824797, 39.042446000089349 ], [ -84.581452999863444, 39.042391000132881 ], [ -84.581655000428128, 39.042280000280641 ], [ -84.581799000368164, 39.042203000148724 ], [ -84.581864999592085, 39.042167999743839 ], [ -84.582144999974574, 39.042014999664232 ], [ -84.582510999672465, 39.04184399975771 ], [ -84.5828720002458, 39.041692000191027 ], [ -84.583247999989425, 39.041548000263191 ], [ -84.583634999603731, 39.041415000190206 ], [ -84.5848580001675, 39.041016999693298 ], [ -84.586413999918889, 39.040515000146549 ], [ -84.587161000281625, 39.040259999677851 ], [ -84.588305000304373, 39.039847999725673 ], [ -84.588800999698606, 39.039658000255841 ], [ -84.589798000306587, 39.039257000068623 ], [ -84.590913999841931, 39.038778000160967 ], [ -84.5911509996684, 39.038684999821442 ], [ -84.591773000357634, 39.038387999785463 ], [ -84.592237999789745, 39.038184000320278 ], [ -84.592628999601985, 39.037998999919786 ], [ -84.593038999680815, 39.037819999674632 ], [ -84.593846000317981, 39.037454000186521 ], [ -84.595265999626932, 39.036823000342622 ], [ -84.596188999716745, 39.036420000326764 ], [ -84.59779600042009, 39.035743999798242 ], [ -84.599388000156495, 39.035044999685766 ], [ -84.599522999875703, 39.034984000065684 ], [ -84.599599999868602, 39.034968000042234 ], [ -84.599620999785003, 39.034947999658918 ], [ -84.599788000189577, 39.034863999801452 ], [ -84.599963000091762, 39.034769000058269 ], [ -84.600455000186358, 39.034569000291725 ], [ -84.600880000333788, 39.034375000193648 ], [ -84.601902999982713, 39.033908999767455 ], [ -84.604766999788396, 39.032611000013809 ], [ -84.605967999712561, 39.032039999654046 ], [ -84.607197000124117, 39.031333000162107 ], [ -84.608254000108218, 39.030578000325839 ], [ -84.608823000195713, 39.030095000269981 ], [ -84.609439000138849, 39.029508999947424 ], [ -84.612950999674737, 39.025869000314032 ], [ -84.612993000405851, 39.025825999843676 ], [ -84.615596000095621, 39.023209999718226 ], [ -84.615626000232837, 39.023180000082107 ], [ -84.616745000141236, 39.022050999963277 ], [ -84.616884999883311, 39.021936999967828 ], [ -84.616973999571783, 39.021863999702795 ], [ -84.617070999656164, 39.021782999951469 ], [ -84.617095999770513, 39.021990000294672 ], [ -84.617142999626168, 39.022379000345126 ], [ -84.617161000067853, 39.022524999736284 ], [ -84.617177999786279, 39.022666999868292 ], [ -84.617382999825693, 39.02434299973212 ], [ -84.617658000185301, 39.02659299989179 ], [ -84.617667000406144, 39.026667000190493 ], [ -84.61767300025393, 39.026713000242822 ], [ -84.617867000422677, 39.028299999767036 ], [ -84.618039999776727, 39.029715999998281 ], [ -84.618146000081936, 39.030585000160805 ], [ -84.61815799977748, 39.030685999795779 ], [ -84.618258000234931, 39.031506000312348 ], [ -84.618448000205717, 39.033058000346301 ], [ -84.618463000274332, 39.033181999946947 ], [ -84.618480999817692, 39.033330999865846 ], [ -84.618496999711212, 39.03346499974004 ], [ -84.618584999574765, 39.034181000260794 ], [ -84.618691999704879, 39.035056000126453 ], [ -84.618808000055836, 39.036012999809877 ], [ -84.619022000316093, 39.037761000106499 ], [ -84.619126000073152, 39.038612999969622 ], [ -84.619197000218264, 39.039199000159364 ], [ -84.6193260000897, 39.040252000263905 ], [ -84.619331000112552, 39.040293999793548 ], [ -84.61937200012045, 39.040630999850009 ], [ -84.619372999945355, 39.040642999952844 ], [ -84.619475000052603, 39.041474000195784 ], [ -84.619692999612511, 39.043263000108844 ], [ -84.620071999729177, 39.046358999996023 ], [ -84.620076999752058, 39.046401999833662 ], [ -84.620137000026517, 39.046893999860458 ], [ -84.620138999676328, 39.046910999719316 ], [ -84.620157000117999, 39.047052999693712 ], [ -84.620326000172398, 39.048434999825204 ], [ -84.620475999960235, 39.049665999978501 ], [ -84.620537999884505, 39.050163999883146 ], [ -84.620594999785908, 39.050629000145761 ], [ -84.620614000052498, 39.050785999864168 ], [ -84.62062099972519, 39.050844999716993 ], [ -84.620677999626579, 39.051309999681692 ], [ -84.620722999832438, 39.051680999724596 ], [ -84.620756000342695, 39.051953000166918 ], [ -84.620792000327711, 39.052246000304862 ], [ -84.620825999764605, 39.052520999661837 ], [ -84.621199000033499, 39.05556299991013 ], [ -84.621590999670659, 39.058772000338728 ], [ -84.621927000129645, 39.061518999872703 ], [ -84.621984000031048, 39.061988999752479 ], [ -84.621989000053929, 39.062034000296606 ], [ -84.621994000076796, 39.062076000127604 ], [ -84.621999999924569, 39.062125999661262 ], [ -84.622019000191131, 39.062276999670239 ], [ -84.622041999757357, 39.062467999902559 ], [ -84.622316000292059, 39.064711999971458 ], [ -84.622331000360688, 39.064830000071673 ], [ -84.622364999797554, 39.065107999799984 ], [ -84.622921000364556, 39.069641999986111 ], [ -84.622785999747038, 39.069657999827641 ] ] ] ] } },
{ "type": "Feature", "properties": { "mdshnocar": 5.63 }, "geometry": { "type": "MultiPolygon", "coordinates": [ [ [ [ -84.619133999570749, 39.067405000083646 ], [ -84.619117999677243, 39.067581000231776 ], [ -84.618973999737193, 39.067661000344273 ], [ -84.618659000092933, 39.067619999801018 ], [ -84.617837000285448, 39.067581000231776 ], [ -84.615914000112923, 39.067501000028663 ], [ -84.614151999598889, 39.067532999981317 ], [ -84.613159000087194, 39.067645000050042 ], [ -84.612357000371205, 39.067661000344273 ], [ -84.611444000327154, 39.067516999658068 ], [ -84.608817000347941, 39.067501000028663 ], [ -84.607966000228132, 39.067501000028663 ], [ -84.6055490003112, 39.067608000096811 ], [ -84.603212999686832, 39.067651000247963 ], [ -84.602899999692369, 39.06767300003947 ], [ -84.598967000207011, 39.067950999730357 ], [ -84.594796999996888, 39.068737999909885 ], [ -84.594530000033188, 39.068795999973844 ], [ -84.593781000020641, 39.068959999968904 ], [ -84.592838999664252, 39.069293000143062 ], [ -84.590841999871898, 39.069760000214089 ], [ -84.589955999592007, 39.070114999828682 ], [ -84.588870000193907, 39.070552000291244 ], [ -84.587455999834404, 39.070990000242141 ], [ -84.585216000367808, 39.072151000172362 ], [ -84.581385999916293, 39.074137999663485 ], [ -84.578501000194208, 39.075274999822405 ], [ -84.575511999816754, 39.076163000092798 ], [ -84.573924000278311, 39.076412999817883 ], [ -84.572986000119883, 39.076288000066036 ], [ -84.572684999820993, 39.076141000158252 ], [ -84.572658999881725, 39.076136000013683 ], [ -84.572557999599397, 39.076100999689153 ], [ -84.572469999735844, 39.076052000321447 ], [ -84.572362999605716, 39.075963999706381 ], [ -84.572307000427543, 39.075912000147213 ], [ -84.572284999787911, 39.075880999841949 ], [ -84.572241000305311, 39.075833999690545 ], [ -84.572069999702762, 39.075621999998582 ], [ -84.571946999679113, 39.075481000327763 ], [ -84.571833999701212, 39.075373000300289 ], [ -84.571630000385028, 39.075217000201306 ], [ -84.571546999646017, 39.075164000048957 ], [ -84.571486000444992, 39.075125999809941 ], [ -84.571350000002539, 39.07505400014518 ], [ -84.570913000159535, 39.074889999665935 ], [ -84.570600999989992, 39.074751000024364 ], [ -84.5701719996446, 39.074532000204215 ], [ -84.56972899995381, 39.074314999813929 ], [ -84.569015999926279, 39.073999999994662 ], [ -84.56881799955957, 39.073923000274448 ], [ -84.568574999885314, 39.073837999978515 ], [ -84.568410000028891, 39.073792999985486 ], [ -84.568147000263153, 39.073746999900976 ], [ -84.567980999683485, 39.073734999843658 ], [ -84.567250000112608, 39.073724999910588 ], [ -84.566978999950962, 39.073710999722955 ], [ -84.566690000245941, 39.073664000218429 ], [ -84.566730000428919, 39.073582999871178 ], [ -84.56675100034532, 39.073543000044197 ], [ -84.566650999887884, 39.073517999792159 ], [ -84.565499000367538, 39.073101999681946 ], [ -84.565427000397506, 39.0730800001879 ], [ -84.565376000343903, 39.073063999727374 ], [ -84.565307999673507, 39.073034999711517 ], [ -84.565147000015045, 39.072982000012566 ], [ -84.565060999801304, 39.072939999696501 ], [ -84.565044999907769, 39.072931999799501 ], [ -84.564895999944852, 39.072859999988381 ], [ -84.564593999821071, 39.072797000093388 ], [ -84.564536999919667, 39.072784999874521 ], [ -84.564368999690188, 39.072740999984553 ], [ -84.564238999993847, 39.07268399975338 ], [ -84.564116999795104, 39.072645000192679 ], [ -84.564029999756457, 39.072608000070964 ], [ -84.563980000426056, 39.072587999884021 ], [ -84.563858000227327, 39.072523000283319 ], [ -84.563787000082215, 39.072500999911405 ], [ -84.563684999974967, 39.07245900000644 ], [ -84.563659999860619, 39.072448999892565 ], [ -84.563606000332243, 39.072427000194949 ], [ -84.563521999768341, 39.072420999705628 ], [ -84.563407999965534, 39.072379999835277 ], [ -84.563377999828305, 39.07236900032526 ], [ -84.563293000337808, 39.072361999748594 ], [ -84.563186000207693, 39.072404999793051 ], [ -84.563088000298393, 39.072417000076541 ], [ -84.563018999803091, 39.072437999695929 ], [ -84.562942999635112, 39.072477000068389 ], [ -84.562896999604362, 39.072480000310755 ], [ -84.562843000076001, 39.072474999906774 ], [ -84.562793999672195, 39.072463000330565 ], [ -84.562735000120966, 39.072431999904914 ], [ -84.562705999808657, 39.072409000120246 ], [ -84.562652000280295, 39.072389999958936 ], [ -84.562617000120198, 39.072370999792504 ], [ -84.562598999678528, 39.072360999666166 ], [ -84.562484999875721, 39.072341000106583 ], [ -84.562329000240112, 39.07233699977553 ], [ -84.562287000407323, 39.072332000058836 ], [ -84.562232999980651, 39.0723129998768 ], [ -84.56219500034581, 39.072284000249745 ], [ -84.562171999881272, 39.072276000278436 ], [ -84.562064999751158, 39.072260000332982 ], [ -84.561897000419975, 39.0721850002789 ], [ -84.561858999886823, 39.072156999987222 ], [ -84.561730000015388, 39.072104000326256 ], [ -84.561682000334812, 39.07207700008891 ], [ -84.561616000212581, 39.072031999670365 ], [ -84.561523000326162, 39.071968999733642 ], [ -84.561402999777243, 39.071906999829544 ], [ -84.561324999959439, 39.071871000107713 ], [ -84.561226000225247, 39.071855000070499 ], [ -84.56117199979856, 39.071835999760026 ], [ -84.56112599976781, 39.071808000027254 ], [ -84.56110999987429, 39.071789999794674 ], [ -84.561088999957889, 39.07174900025516 ], [ -84.561048999774911, 39.071731000007539 ], [ -84.560997999721295, 39.071714999938528 ], [ -84.560918000253679, 39.071678000026644 ], [ -84.560843999735511, 39.071649000138663 ], [ -84.560709000016303, 39.07159999977182 ], [ -84.560642000069151, 39.071577999809541 ], [ -84.560525999718195, 39.071502999728146 ], [ -84.560108000141767, 39.071362000196117 ], [ -84.559873999790028, 39.071283000191819 ], [ -84.559693999864976, 39.071223999980766 ], [ -84.559730999674898, 39.071113000112078 ], [ -84.559775999880742, 39.070977999716007 ], [ -84.559753000314529, 39.070901000185529 ], [ -84.55976800038313, 39.070824999977866 ], [ -84.559791999774262, 39.070775999736348 ], [ -84.559845000376029, 39.070731999988645 ], [ -84.559883000010871, 39.070714000179066 ], [ -84.559937000437529, 39.070661000131807 ], [ -84.55997500007237, 39.07059500004371 ], [ -84.559966999676448, 39.07058099993256 ], [ -84.559966999676448, 39.070553999809974 ], [ -84.560006000034505, 39.070482999774121 ], [ -84.560066000308979, 39.070448000132856 ], [ -84.560242000036069, 39.070398000216777 ], [ -84.560349000166184, 39.070359000090242 ], [ -84.560394000372028, 39.070355999757716 ], [ -84.560440000402778, 39.070369999913495 ], [ -84.560469999641697, 39.070371000024188 ], [ -84.560524000068355, 39.070354000233422 ], [ -84.560592999665346, 39.070350999900676 ], [ -84.560607999733946, 39.070337999852235 ], [ -84.560631000198484, 39.070352000011582 ], [ -84.56069999979546, 39.070353000122488 ], [ -84.560738000328598, 39.070344999932281 ], [ -84.560844999560416, 39.070337999852235 ], [ -84.561042000102219, 39.070305999776458 ], [ -84.561088000132969, 39.070288999970032 ], [ -84.561180000194483, 39.07021899978033 ], [ -84.561259999662113, 39.070169999815526 ], [ -84.561401000127432, 39.069552000199721 ], [ -84.561370999990203, 39.069471000014858 ], [ -84.561369000340378, 39.069445999715157 ], [ -84.561379000386125, 39.069417000304924 ], [ -84.561370999990203, 39.069399000159969 ], [ -84.561345999875826, 39.069329999910401 ], [ -84.561340000028054, 39.069294000268968 ], [ -84.561293999997304, 39.069261999719792 ], [ -84.561287000324612, 39.069234999790062 ], [ -84.561294999822223, 39.069207999850008 ], [ -84.561287000324612, 39.06916299969442 ], [ -84.561302000393241, 39.069145000182132 ], [ -84.561302000393241, 39.069118000207595 ], [ -84.561271000431077, 39.069048999683375 ], [ -84.561263999860088, 39.068963999793915 ], [ -84.561263999860088, 39.06892099974521 ], [ -84.561256000362462, 39.068883000329095 ], [ -84.561257000187382, 39.068769999999127 ], [ -84.561263999860088, 39.068739000043649 ], [ -84.561248999791474, 39.068635000003489 ], [ -84.56120299976071, 39.068403999768492 ], [ -84.56120299976071, 39.068341000080437 ], [ -84.561187999692095, 39.068287000203419 ], [ -84.561186999867175, 39.068254999895139 ], [ -84.561196000088017, 39.068223999713467 ], [ -84.561186999867175, 39.068174000314123 ], [ -84.561195000263098, 39.068092999942756 ], [ -84.56121799982931, 39.067949000137887 ], [ -84.561226000225247, 39.067886000043707 ], [ -84.561248999791474, 39.067797000257627 ], [ -84.561263000035169, 39.06773500017578 ], [ -84.561272000255997, 39.067657999897044 ], [ -84.561263999860088, 39.067603000045104 ], [ -84.561278999928675, 39.067504999936354 ], [ -84.561263999860088, 39.067494999817988 ], [ -84.561256000362462, 39.067472999971002 ], [ -84.561263999860088, 39.067449999965135 ], [ -84.561256000362462, 39.067425000344514 ], [ -84.561249999616379, 39.067408999996779 ], [ -84.561241000293862, 39.067378000141012 ], [ -84.561248999791474, 39.067360000173466 ], [ -84.561241000293862, 39.067342000201386 ], [ -84.56121899965423, 39.067328000142432 ], [ -84.561211999981523, 39.067114999849224 ], [ -84.561179000369577, 39.066986999891064 ], [ -84.561117000445293, 39.066836000192282 ], [ -84.561082000285197, 39.066667000026257 ], [ -84.561059999645565, 39.066493000022746 ], [ -84.561088999957889, 39.066401000072005 ], [ -84.561119000095132, 39.066344000300148 ], [ -84.561180000194483, 39.066258999943017 ], [ -84.561272000255997, 39.066098999936742 ], [ -84.561294999822223, 39.066017999973973 ], [ -84.561287000324612, 39.065951000253158 ], [ -84.561324999959439, 39.065870000120618 ], [ -84.561365000142416, 39.065754000018629 ], [ -84.561386000058803, 39.065633000232197 ], [ -84.561386000058803, 39.065538000018208 ], [ -84.561386000058803, 39.065484000089185 ], [ -84.561425000416875, 39.065435000324541 ], [ -84.561447000158182, 39.065368000050363 ], [ -84.561463000051702, 39.065342000207906 ], [ -84.561478000120331, 39.065278999879283 ], [ -84.561508000257533, 39.065229999972338 ], [ -84.561545999892388, 39.065221999898895 ], [ -84.561615000387661, 39.065191999964121 ], [ -84.561629999557965, 39.065174000136615 ], [ -84.561637999953888, 39.065147000038095 ], [ -84.561675999588715, 39.065111999843282 ], [ -84.561659999695195, 39.065088999765592 ], [ -84.561661000418425, 39.065062000331999 ], [ -84.561653000022503, 39.065043999773856 ], [ -84.561775000221246, 39.06479899978077 ], [ -84.56169200038056, 39.064755999984598 ], [ -84.561658999870289, 39.064569999932203 ], [ -84.561581000052485, 39.064436999965402 ], [ -84.561488999990971, 39.064282999800945 ], [ -84.561321999586397, 39.064186999664315 ], [ -84.561335999830092, 39.064168000079533 ], [ -84.561654999672328, 39.063879000001194 ], [ -84.561741999710961, 39.063770999656157 ], [ -84.56197400041286, 39.06342999965873 ], [ -84.562048000032703, 39.063340999834281 ], [ -84.562135000071351, 39.063263000130945 ], [ -84.562219999561847, 39.063208999856634 ], [ -84.562766000083116, 39.06293400027301 ], [ -84.562884000083869, 39.062860999810482 ], [ -84.562961000076783, 39.062809999882049 ], [ -84.563100999818872, 39.062704999954462 ], [ -84.563339000368572, 39.062501000266501 ], [ -84.563422000209229, 39.06243999994097 ], [ -84.563510000072782, 39.062394000129494 ], [ -84.563719000310144, 39.062326999759051 ], [ -84.563817000219444, 39.062314000325301 ], [ -84.563996000319577, 39.062317999829403 ], [ -84.564202000183911, 39.062344000088117 ], [ -84.565188000022914, 39.062441999689504 ], [ -84.565393000062329, 39.062476999813093 ], [ -84.565475999903001, 39.062482000227952 ], [ -84.565540000375421, 39.062554000163473 ], [ -84.565711999904565, 39.062681000267965 ], [ -84.566017000401388, 39.062846000040516 ], [ -84.566420999734135, 39.063043000020528 ], [ -84.566790999629973, 39.063207000129829 ], [ -84.567065000164675, 39.063333000244256 ], [ -84.567641999749782, 39.063648999752239 ], [ -84.56779400008574, 39.063743000211375 ], [ -84.567987000429582, 39.063883000114132 ], [ -84.568061000049426, 39.063946000293626 ], [ -84.568097999859333, 39.063973999657904 ], [ -84.56812100032387, 39.063991999791384 ], [ -84.568194999943728, 39.06405000026772 ], [ -84.568493999694468, 39.064239999690507 ], [ -84.568825999955479, 39.064450999900302 ], [ -84.569096000292234, 39.064622000176193 ], [ -84.569178000308, 39.064676000067131 ], [ -84.569451000119457, 39.064857999782816 ], [ -84.56960400028035, 39.064960000131094 ], [ -84.569924999772397, 39.065190999780086 ], [ -84.570385999904843, 39.065535999659943 ], [ -84.570551999586201, 39.0656669999914 ], [ -84.570677999982905, 39.065779999709299 ], [ -84.570805000204501, 39.065878000120627 ], [ -84.57095800036538, 39.065967000233904 ], [ -84.571094999734427, 39.066035000111668 ], [ -84.571135999742296, 39.066049999901473 ], [ -84.571250000443413, 39.066093999778083 ], [ -84.571442999888959, 39.066167999857491 ], [ -84.571489999744628, 39.066186000128951 ], [ -84.571605000270665, 39.066224999771471 ], [ -84.57204799996147, 39.066374999912597 ], [ -84.572618999698761, 39.066569000012912 ], [ -84.573063999937673, 39.066703000310149 ], [ -84.573176999915603, 39.066755999842258 ], [ -84.573247000235796, 39.066802000298722 ], [ -84.573315999832758, 39.066867000286138 ], [ -84.573551000009402, 39.067136999807786 ], [ -84.573727999561413, 39.067302000324432 ], [ -84.57403499970809, 39.067530000226107 ], [ -84.574259000014067, 39.067683000132618 ], [ -84.574438000114199, 39.067783999738758 ], [ -84.57467900013863, 39.067878999719774 ], [ -84.575187999951652, 39.068050000060808 ], [ -84.575491999725273, 39.068149000252468 ], [ -84.575673000373541, 39.068242000158087 ], [ -84.57579600039719, 39.068324999940351 ], [ -84.576060999812753, 39.068589000044149 ], [ -84.576121999912118, 39.068638999846918 ], [ -84.576174999615574, 39.068684000336589 ], [ -84.576399999746457, 39.06880099994104 ], [ -84.576516000097428, 39.068830999736839 ], [ -84.576531999990934, 39.068835999701555 ], [ -84.576682999603676, 39.068845000195118 ], [ -84.576805999627339, 39.068828000036788 ], [ -84.576976000404954, 39.068783999772116 ], [ -84.577399000004249, 39.06864999993828 ], [ -84.577539999571258, 39.068602999853034 ], [ -84.577900000319673, 39.068484000343055 ], [ -84.578287999758885, 39.068356000077657 ], [ -84.578502999844048, 39.068293999789383 ], [ -84.578625999867683, 39.068274999915147 ], [ -84.578748000066412, 39.068282000199758 ], [ -84.5788729997399, 39.068308999796642 ], [ -84.578958000128708, 39.068337000220119 ], [ -84.579096000220972, 39.068413000317157 ], [ -84.579329999674385, 39.068560999720695 ], [ -84.579441000002461, 39.068632000295118 ], [ -84.579492000056106, 39.06866600000469 ], [ -84.579591999615204, 39.068734000072062 ], [ -84.579652999714568, 39.06877499996822 ], [ -84.579855000279252, 39.068904999736603 ], [ -84.580083999709785, 39.069052000071473 ], [ -84.580316000411699, 39.06919099977911 ], [ -84.580610000139572, 39.069000999733774 ], [ -84.581134000021208, 39.068678000226434 ], [ -84.581263999717564, 39.068599000007573 ], [ -84.581769000230921, 39.068274999915147 ], [ -84.582259999602286, 39.067960000336782 ], [ -84.583037000102237, 39.067420999734814 ], [ -84.583420000416893, 39.067155999988344 ], [ -84.583839999643146, 39.066896000046597 ], [ -84.584192999820559, 39.066691999915406 ], [ -84.584452000286646, 39.066570000177414 ], [ -84.584485999723512, 39.066555999965345 ], [ -84.584571000112334, 39.066516999808222 ], [ -84.585438999950554, 39.066204999868077 ], [ -84.585674000127199, 39.066130999827514 ], [ -84.585925000197378, 39.06606700003146 ], [ -84.586392000177597, 39.065995000191485 ], [ -84.586868000378658, 39.065932999921763 ], [ -84.58708299956551, 39.065903999765666 ], [ -84.587299000373889, 39.0658479997672 ], [ -84.587515000283958, 39.0657820000607 ], [ -84.587839000149046, 39.065664000156893 ], [ -84.588048000386436, 39.065587999889821 ], [ -84.589831999743453, 39.064830000071673 ], [ -84.590536000448466, 39.064528000190016 ], [ -84.591914999749548, 39.063938000074664 ], [ -84.592508000126472, 39.063669999887907 ], [ -84.593047999901643, 39.063436000214992 ], [ -84.59313199956722, 39.063400999869344 ], [ -84.593518000254932, 39.06325000017204 ], [ -84.593812999807696, 39.063112999654486 ], [ -84.594008999626283, 39.063018999751435 ], [ -84.594267000267465, 39.062863000244548 ], [ -84.594407999834445, 39.062767000269403 ], [ -84.594565000193285, 39.062661000057979 ], [ -84.594618999721646, 39.06262100031848 ], [ -84.594975000272115, 39.062360000188903 ], [ -84.595454999772812, 39.06204200003382 ], [ -84.596536999871304, 39.061342999955443 ], [ -84.597033000163833, 39.061028000133717 ], [ -84.597269000165397, 39.060912999992496 ], [ -84.597329000439842, 39.060888000149305 ], [ -84.597541999976883, 39.060829000316879 ], [ -84.597830999681875, 39.060780999660196 ], [ -84.598097999645574, 39.060758000263966 ], [ -84.598737000053234, 39.060738000206726 ], [ -84.598982000275626, 39.060744000294221 ], [ -84.599151000330039, 39.060750999930676 ], [ -84.599803000258191, 39.060812000320524 ], [ -84.600230999880367, 39.060838999984568 ], [ -84.600471999904784, 39.060848000102773 ], [ -84.60085500021944, 39.060848000102773 ], [ -84.601467999789534, 39.060812999869107 ], [ -84.602347000396719, 39.060747999887319 ], [ -84.602506000405398, 39.060741999800108 ], [ -84.602651999995246, 39.060736999959602 ], [ -84.602918999958959, 39.060747000337813 ], [ -84.602986999731002, 39.060749000134294 ], [ -84.603543000298018, 39.060820999744678 ], [ -84.605391000127469, 39.061074000137722 ], [ -84.606140999964907, 39.061187999775946 ], [ -84.606714000250349, 39.061263999897442 ], [ -84.606889000152549, 39.061294000106457 ], [ -84.607075999750279, 39.061312000225747 ], [ -84.607249000002653, 39.061315000245195 ], [ -84.607453000217149, 39.061307999967134 ], [ -84.607773999709195, 39.06127199972196 ], [ -84.608030999627147, 39.061219999800343 ], [ -84.608603999912589, 39.061045000078018 ], [ -84.608870000051368, 39.060956000036903 ], [ -84.609142000037949, 39.060868999676643 ], [ -84.609783999920367, 39.060698000075213 ], [ -84.609875999981867, 39.060659999719995 ], [ -84.609916999989736, 39.060632999987547 ], [ -84.609959999647458, 39.060589000194717 ], [ -84.610026999594609, 39.060481999949936 ], [ -84.610131000249979, 39.060169999842429 ], [ -84.610153999816205, 39.060022000283993 ], [ -84.610131000249979, 39.059508999663109 ], [ -84.61012399967899, 39.059372000256275 ], [ -84.610131000249979, 39.059161000211979 ], [ -84.610163000037033, 39.058963000287875 ], [ -84.610209999892703, 39.058807000189127 ], [ -84.610287999710522, 39.058640999768116 ], [ -84.610330000441621, 39.05857099988539 ], [ -84.610363000053582, 39.058530999921217 ], [ -84.610587000359558, 39.058325000165546 ], [ -84.61067400039822, 39.058214999826411 ], [ -84.610874000414739, 39.057874999787252 ], [ -84.610910000399755, 39.057835000126353 ], [ -84.610963000103212, 39.057806000131357 ], [ -84.611014000156828, 39.057789000104684 ], [ -84.611072999708057, 39.057782999766012 ], [ -84.611128999784569, 39.057785000344026 ], [ -84.611182000386322, 39.057797999914115 ], [ -84.611231999716736, 39.057819999986116 ], [ -84.611301000212009, 39.057867999865678 ], [ -84.611403000319257, 39.057988999707909 ], [ -84.611600999787669, 39.058300999687624 ], [ -84.611671000107862, 39.058390000285435 ], [ -84.612087000034464, 39.058769000211228 ], [ -84.612210000058099, 39.058873999714834 ], [ -84.612420000120395, 39.059014000205188 ], [ -84.612781999620339, 39.059239999832997 ], [ -84.613065000375869, 39.059424999712093 ], [ -84.613451999990161, 39.059656000034387 ], [ -84.613734000022461, 39.059782000208685 ], [ -84.615206999933179, 39.060273999798966 ], [ -84.615406000124807, 39.060350999761965 ], [ -84.615494999813279, 39.060392999896649 ], [ -84.615654999646836, 39.060483999753934 ], [ -84.61593800040238, 39.060681000047325 ], [ -84.61599899960342, 39.060712000054082 ], [ -84.616103000258818, 39.060747999887319 ], [ -84.616135999870778, 39.060752000177665 ], [ -84.616110999756415, 39.060798999910283 ], [ -84.61607999979428, 39.060837000190631 ], [ -84.615899999869228, 39.06097299999859 ], [ -84.615859999686265, 39.061068000078272 ], [ -84.615837000120038, 39.061101999943553 ], [ -84.615700999677614, 39.061156999978188 ], [ -84.615601999943408, 39.061175000132415 ], [ -84.615485999592437, 39.06121600023404 ], [ -84.615453999805382, 39.061240999961093 ], [ -84.615427000041208, 39.061335999680153 ], [ -84.615422999843247, 39.061391000230032 ], [ -84.615400000277035, 39.0614520000669 ], [ -84.615333000329883, 39.06154100018027 ], [ -84.615011000114592, 39.061789000319649 ], [ -84.614917000403267, 39.06184699981592 ], [ -84.614784000333884, 39.061888999758125 ], [ -84.614620000302352, 39.061957000076639 ], [ -84.614432999806297, 39.06201699989294 ], [ -84.614324999851249, 39.062039000045317 ], [ -84.61422100009419, 39.062040999805156 ], [ -84.613902000251954, 39.0621079997495 ], [ -84.61381199984028, 39.0621130001905 ], [ -84.613419000378187, 39.062166999908122 ], [ -84.613340999662071, 39.062169999891239 ], [ -84.613231000057212, 39.062162999697954 ], [ -84.612940999628989, 39.0621079997495 ], [ -84.612779000145593, 39.062101000247594 ], [ -84.61259500002258, 39.062073000140494 ], [ -84.61242299959514, 39.062033000067835 ], [ -84.612333999906667, 39.06200499993377 ], [ -84.612307000142494, 39.061984000000272 ], [ -84.612282999853051, 39.061976999788548 ], [ -84.612162000377538, 39.061970999805787 ], [ -84.611984000102296, 39.061985999761674 ], [ -84.611512999924116, 39.062184999804835 ], [ -84.611989999950083, 39.062233999732889 ], [ -84.612322000211108, 39.062295000236368 ], [ -84.612776999597457, 39.062417999913606 ], [ -84.61308499956904, 39.062577999893143 ], [ -84.613349999882914, 39.062709000133921 ], [ -84.614032999773215, 39.062665000239932 ], [ -84.615078999886663, 39.062627999768829 ], [ -84.615521999577453, 39.062640000319618 ], [ -84.615767999624751, 39.062677000086921 ], [ -84.616109000106604, 39.062777999880829 ], [ -84.616413999705131, 39.062875000057929 ], [ -84.616747999615981, 39.062870999887835 ], [ -84.617084999899859, 39.062848999994777 ], [ -84.617442000275233, 39.062972000101702 ], [ -84.617859999851675, 39.063267999792622 ], [ -84.618278000326399, 39.063685999688218 ], [ -84.618562000008538, 39.064165999682437 ], [ -84.61869699972776, 39.064645999900307 ], [ -84.61870900032163, 39.064916999735559 ], [ -84.6186790001844, 39.06514299999678 ], [ -84.618957999843659, 39.065658999967489 ], [ -84.619069999996654, 39.0663480002734 ], [ -84.619133999570749, 39.066972000300332 ], [ -84.619133999570749, 39.067405000083646 ] ] ] ] } },
{ "type": "Feature", "properties": { "mdshnocar": 1.161 }, "geometry": { "type": "MultiPolygon", "coordinates": [ [ [ [ -84.593047999901643, 39.063436000214992 ], [ -84.592508000126472, 39.063669999887907 ], [ -84.591914999749548, 39.063938000074664 ], [ -84.590536000448466, 39.064528000190016 ], [ -84.589831999743453, 39.064830000071673 ], [ -84.588048000386436, 39.065587999889821 ], [ -84.587839000149046, 39.065664000156893 ], [ -84.587515000283958, 39.0657820000607 ], [ -84.587299000373889, 39.0658479997672 ], [ -84.58708299956551, 39.065903999765666 ], [ -84.586868000378658, 39.065932999921763 ], [ -84.586392000177597, 39.065995000191485 ], [ -84.585925000197378, 39.06606700003146 ], [ -84.585674000127199, 39.066130999827514 ], [ -84.585438999950554, 39.066204999868077 ], [ -84.584571000112334, 39.066516999808222 ], [ -84.584485999723512, 39.066555999965345 ], [ -84.584452000286646, 39.066570000177414 ], [ -84.584192999820559, 39.066691999915406 ], [ -84.583839999643146, 39.066896000046597 ], [ -84.583420000416893, 39.067155999988344 ], [ -84.583037000102237, 39.067420999734814 ], [ -84.582259999602286, 39.067960000336782 ], [ -84.581769000230921, 39.068274999915147 ], [ -84.581263999717564, 39.068599000007573 ], [ -84.581134000021208, 39.068678000226434 ], [ -84.580610000139572, 39.069000999733774 ], [ -84.580316000411699, 39.06919099977911 ], [ -84.580083999709785, 39.069052000071473 ], [ -84.579855000279252, 39.068904999736603 ], [ -84.579652999714568, 39.06877499996822 ], [ -84.579591999615204, 39.068734000072062 ], [ -84.579492000056106, 39.06866600000469 ], [ -84.579441000002461, 39.068632000295118 ], [ -84.579329999674385, 39.068560999720695 ], [ -84.579096000220972, 39.068413000317157 ], [ -84.578958000128708, 39.068337000220119 ], [ -84.5788729997399, 39.068308999796642 ], [ -84.578748000066412, 39.068282000199758 ], [ -84.578625999867683, 39.068274999915147 ], [ -84.578502999844048, 39.068293999789383 ], [ -84.578287999758885, 39.068356000077657 ], [ -84.577900000319673, 39.068484000343055 ], [ -84.577539999571258, 39.068602999853034 ], [ -84.577399000004249, 39.06864999993828 ], [ -84.576976000404954, 39.068783999772116 ], [ -84.576805999627339, 39.068828000036788 ], [ -84.576682999603676, 39.068845000195118 ], [ -84.576531999990934, 39.068835999701555 ], [ -84.576516000097428, 39.068830999736839 ], [ -84.576399999746457, 39.06880099994104 ], [ -84.576174999615574, 39.068684000336589 ], [ -84.576121999912118, 39.068638999846918 ], [ -84.576060999812753, 39.068589000044149 ], [ -84.57579600039719, 39.068324999940351 ], [ -84.575673000373541, 39.068242000158087 ], [ -84.575491999725273, 39.068149000252468 ], [ -84.575187999951652, 39.068050000060808 ], [ -84.57467900013863, 39.067878999719774 ], [ -84.574438000114199, 39.067783999738758 ], [ -84.574259000014067, 39.067683000132618 ], [ -84.57403499970809, 39.067530000226107 ], [ -84.573727999561413, 39.067302000324432 ], [ -84.573551000009402, 39.067136999807786 ], [ -84.573315999832758, 39.066867000286138 ], [ -84.573247000235796, 39.066802000298722 ], [ -84.573176999915603, 39.066755999842258 ], [ -84.573063999937673, 39.066703000310149 ], [ -84.572618999698761, 39.066569000012912 ], [ -84.57204799996147, 39.066374999912597 ], [ -84.571605000270665, 39.066224999771471 ], [ -84.571489999744628, 39.066186000128951 ], [ -84.571442999888959, 39.066167999857491 ], [ -84.571250000443413, 39.066093999778083 ], [ -84.571135999742296, 39.066049999901473 ], [ -84.571094999734427, 39.066035000111668 ], [ -84.57095800036538, 39.065967000233904 ], [ -84.570805000204501, 39.065878000120627 ], [ -84.570677999982905, 39.065779999709299 ], [ -84.570551999586201, 39.0656669999914 ], [ -84.570385999904843, 39.065535999659943 ], [ -84.569924999772397, 39.065190999780086 ], [ -84.56960400028035, 39.064960000131094 ], [ -84.569451000119457, 39.064857999782816 ], [ -84.569178000308, 39.064676000067131 ], [ -84.569096000292234, 39.064622000176193 ], [ -84.568825999955479, 39.064450999900302 ], [ -84.568493999694468, 39.064239999690507 ], [ -84.568194999943728, 39.06405000026772 ], [ -84.56812100032387, 39.063991999791384 ], [ -84.568097999859333, 39.063973999657904 ], [ -84.568061000049426, 39.063946000293626 ], [ -84.567987000429582, 39.063883000114132 ], [ -84.56779400008574, 39.063743000211375 ], [ -84.567641999749782, 39.063648999752239 ], [ -84.567065000164675, 39.063333000244256 ], [ -84.566790999629973, 39.063207000129829 ], [ -84.566420999734135, 39.063043000020528 ], [ -84.566017000401388, 39.062846000040516 ], [ -84.565711999904565, 39.062681000267965 ], [ -84.565540000375421, 39.062554000163473 ], [ -84.565475999903001, 39.062482000227952 ], [ -84.565393000062329, 39.062476999813093 ], [ -84.565188000022914, 39.062441999689504 ], [ -84.564202000183911, 39.062344000088117 ], [ -84.563996000319577, 39.062317999829403 ], [ -84.563817000219444, 39.062314000325301 ], [ -84.563719000310144, 39.062326999759051 ], [ -84.563510000072782, 39.062394000129494 ], [ -84.563422000209229, 39.06243999994097 ], [ -84.563339000368572, 39.062501000266501 ], [ -84.563100999818872, 39.062704999954462 ], [ -84.562961000076783, 39.062809999882049 ], [ -84.562884000083869, 39.062860999810482 ], [ -84.562766000083116, 39.06293400027301 ], [ -84.562219999561847, 39.063208999856634 ], [ -84.562135000071351, 39.063263000130945 ], [ -84.562048000032703, 39.063340999834281 ], [ -84.56197400041286, 39.06342999965873 ], [ -84.561741999710961, 39.063770999656157 ], [ -84.561654999672328, 39.063879000001194 ], [ -84.561335999830092, 39.064168000079533 ], [ -84.561321999586397, 39.064186999664315 ], [ -84.561307000416093, 39.064207000139476 ], [ -84.561278999928675, 39.064246000177924 ], [ -84.561262000210263, 39.064300999855639 ], [ -84.56126800005805, 39.064406999697013 ], [ -84.561141999661345, 39.064435000273434 ], [ -84.561000000269416, 39.064438999657369 ], [ -84.560767999567531, 39.064406999697013 ], [ -84.559907000300299, 39.064314000318511 ], [ -84.559057000005424, 39.064201000346294 ], [ -84.558728999942375, 39.064179000170164 ], [ -84.558681000261799, 39.064176999773387 ], [ -84.558661999995223, 39.064074999688664 ], [ -84.558445000260235, 39.062891000038377 ], [ -84.558297000122238, 39.062089000302706 ], [ -84.558126000418, 39.061152999710792 ], [ -84.55811399982413, 39.061086999799848 ], [ -84.558070000341516, 39.060846999857191 ], [ -84.557729999684582, 39.058952000082058 ], [ -84.557697999897528, 39.058706000294592 ], [ -84.557688999676685, 39.058472000211758 ], [ -84.557700000445649, 39.05829599967425 ], [ -84.557744999753197, 39.058027999693572 ], [ -84.557836999814697, 39.057731000064948 ], [ -84.557939999746864, 39.057509000266506 ], [ -84.558026999785497, 39.057355000335612 ], [ -84.558165999702666, 39.057155999932036 ], [ -84.558367000442431, 39.056922999896486 ], [ -84.558579000154538, 39.056724999974485 ], [ -84.558768000300432, 39.056575999864428 ], [ -84.558950999700215, 39.056450999857255 ], [ -84.559113000081936, 39.056355999843333 ], [ -84.559241000128452, 39.056289000020989 ], [ -84.559299999679681, 39.056258999777988 ], [ -84.559318999946257, 39.056251000083051 ], [ -84.559371999649699, 39.056227000295316 ], [ -84.559420000228585, 39.056204000113205 ], [ -84.559474999581852, 39.05617899999779 ], [ -84.559646000184401, 39.056113000320153 ], [ -84.559970000049489, 39.056010999745823 ], [ -84.560271000348379, 39.055944000293714 ], [ -84.560601000061268, 39.055895999803809 ], [ -84.560933000322279, 39.055877000080443 ], [ -84.560975999979988, 39.055877000080443 ], [ -84.561272000255997, 39.055882000265164 ], [ -84.5615190001282, 39.055904000236502 ], [ -84.561766000000404, 39.055939000113433 ], [ -84.562033999789023, 39.055993999984565 ], [ -84.562238000003518, 39.0560440003376 ], [ -84.563163999568047, 39.056312000175346 ], [ -84.563428000057002, 39.056377999666985 ], [ -84.563684000150047, 39.056430999975078 ], [ -84.563920999976517, 39.056468999816111 ], [ -84.564141000084533, 39.056489999994831 ], [ -84.564409999698057, 39.056498999969882 ], [ -84.564722999692506, 39.056491000302131 ], [ -84.565018000143596, 39.05645999983723 ], [ -84.565321000092297, 39.056407999859431 ], [ -84.565547999873033, 39.056353999922415 ], [ -84.565591000429052, 39.05634100008642 ], [ -84.565793000095411, 39.05627899970888 ], [ -84.566080000150578, 39.056171000293837 ], [ -84.566315000327236, 39.056061999702614 ], [ -84.566507999772753, 39.055957999820059 ], [ -84.566707999789301, 39.055829999861665 ], [ -84.566862999599991, 39.055719000200391 ], [ -84.567003000240405, 39.055607000044816 ], [ -84.567287999747435, 39.055324000348705 ], [ -84.567346000372083, 39.055250000063594 ], [ -84.567470000220638, 39.055094000132407 ], [ -84.56769500035152, 39.054755999680545 ], [ -84.567821999674834, 39.054548999738074 ], [ -84.56862799958877, 39.053233999945093 ], [ -84.568690000411365, 39.053134000107498 ], [ -84.568649000403482, 39.053075999732194 ], [ -84.568624000289134, 39.053020000022258 ], [ -84.568596999626621, 39.052960000233895 ], [ -84.5684679997552, 39.052534999866801 ], [ -84.568409000203957, 39.052301000261956 ], [ -84.568136000392499, 39.051276999668076 ], [ -84.568035000110143, 39.050807000337663 ], [ -84.568302000073857, 39.050729000042281 ], [ -84.569163000239385, 39.050447000026516 ], [ -84.569795999900961, 39.050198000115614 ], [ -84.570390000102805, 39.049930000096325 ], [ -84.571074999642917, 39.049592999750615 ], [ -84.5718260002036, 39.049148999912397 ], [ -84.572251000351045, 39.048878999965929 ], [ -84.57259799978236, 39.048625000107648 ], [ -84.572735999874638, 39.048524000300176 ], [ -84.573139000280761, 39.048228999918202 ], [ -84.573203999679777, 39.048182999917891 ], [ -84.574813000032933, 39.047043999910166 ], [ -84.574968999668528, 39.046940000002607 ], [ -84.575285999860938, 39.047346999666885 ], [ -84.575455999740257, 39.04756100003582 ], [ -84.575654999931871, 39.047834000031486 ], [ -84.575807000267844, 39.048043000278525 ], [ -84.575894000306491, 39.048169999973055 ], [ -84.576116000064346, 39.04849499996962 ], [ -84.576189999684175, 39.048620999827925 ], [ -84.5762399999129, 39.048705999793611 ], [ -84.576357000088763, 39.048997000017827 ], [ -84.57641099961711, 39.049160999963583 ], [ -84.576432000431822, 39.04931899986596 ], [ -84.576448000325371, 39.049482999761679 ], [ -84.576439000104529, 39.049864000159353 ], [ -84.576439999929434, 39.05009199987029 ], [ -84.576418000188127, 39.050380999875088 ], [ -84.57641300016526, 39.050424000054754 ], [ -84.576383999852936, 39.05072299980138 ], [ -84.576408000142393, 39.050924999958944 ], [ -84.576469000241758, 39.051085999857328 ], [ -84.576592000265407, 39.051260000162443 ], [ -84.576655999839502, 39.051330000316604 ], [ -84.576824999893901, 39.051471000097621 ], [ -84.576966000359221, 39.051582999836867 ], [ -84.577229000124944, 39.051818000101392 ], [ -84.577426999593357, 39.051977000011988 ], [ -84.577542000119394, 39.052081999848888 ], [ -84.577768000075196, 39.052286000341326 ], [ -84.578107999833833, 39.052595999681095 ], [ -84.578834000280139, 39.053256999699343 ], [ -84.579172000388951, 39.05357400000797 ], [ -84.579226999742232, 39.05361999998518 ], [ -84.579343000093175, 39.053717999836614 ], [ -84.579446999850248, 39.053824000220402 ], [ -84.579764999867564, 39.054102999680381 ], [ -84.580077000037107, 39.054353000112826 ], [ -84.580164000075726, 39.054409999800157 ], [ -84.580344000000792, 39.054529000014789 ], [ -84.580662999843028, 39.054713000045737 ], [ -84.580943000225489, 39.054852999717802 ], [ -84.581246999999109, 39.054971999883506 ], [ -84.581378000418681, 39.05502899976873 ], [ -84.581785000124469, 39.055156000155286 ], [ -84.582139000126787, 39.055246000159109 ], [ -84.582412999763164, 39.055300000245857 ], [ -84.58277900035938, 39.055349999695174 ], [ -84.58309499982856, 39.055377999678214 ], [ -84.583379000408996, 39.055392000014365 ], [ -84.583729000213367, 39.05539900018141 ], [ -84.584207999889188, 39.055408000295508 ], [ -84.584638000059485, 39.055418000033391 ], [ -84.585531000012068, 39.055464999828807 ], [ -84.58679700023356, 39.05557900015252 ], [ -84.587138999641994, 39.055599999898341 ], [ -84.587258000365992, 39.055614999812661 ], [ -84.587328999612794, 39.055625000218804 ], [ -84.587387000237442, 39.055739000284227 ], [ -84.587436999567842, 39.055838000301833 ], [ -84.587471999727939, 39.055908000103713 ], [ -84.588188000128511, 39.056987999911883 ], [ -84.588425999779872, 39.057310000296937 ], [ -84.588790999652872, 39.057785000344026 ], [ -84.589005999738021, 39.058062000325251 ], [ -84.590339999731569, 39.059785999856217 ], [ -84.591580000013778, 39.061389999992144 ], [ -84.593042999878776, 39.063267000278785 ], [ -84.59313199956722, 39.063400999869344 ], [ -84.593047999901643, 39.063436000214992 ] ] ] ] } },
{ "type": "Feature", "properties": { "mdshnocar": 2.246 }, "geometry": { "type": "MultiPolygon", "coordinates": [ [ [ [ -84.609132999817106, 38.957165999952743 ], [ -84.608251999560096, 38.957125000266466 ], [ -84.607907999603498, 38.957074000180533 ], [ -84.606737999641496, 38.956746999826002 ], [ -84.605870999628166, 38.956412000241471 ], [ -84.605320999807262, 38.956072999844196 ], [ -84.604513000243486, 38.955402999704674 ], [ -84.604186000005342, 38.955269000034335 ], [ -84.603401000007793, 38.955050999768574 ], [ -84.602855000384849, 38.954861999857449 ], [ -84.601962000432266, 38.954489999946034 ], [ -84.600845000173678, 38.953680999912308 ], [ -84.600558000118511, 38.953366000211076 ], [ -84.600030000038913, 38.952521999856749 ], [ -84.599531000271639, 38.952069000314886 ], [ -84.599413000270857, 38.951962999655549 ], [ -84.598776000411291, 38.951565999810818 ], [ -84.598418000211026, 38.951343000136845 ], [ -84.596206000333495, 38.949964000296639 ], [ -84.595459999795693, 38.949616000186289 ], [ -84.594836000354931, 38.949400999876495 ], [ -84.594531999683014, 38.949295999845681 ], [ -84.593767999601852, 38.949156999758529 ], [ -84.593468999851126, 38.949160000346303 ], [ -84.593259999613736, 38.949161999806599 ], [ -84.592242999812598, 38.948721000079111 ], [ -84.590735999566689, 38.947969000137249 ], [ -84.590035999957948, 38.947618999810935 ], [ -84.5899189997821, 38.947561000204757 ], [ -84.589286000120509, 38.947245000095364 ], [ -84.588414999909233, 38.946734000079438 ], [ -84.586617000308507, 38.945678000003312 ], [ -84.586568999729622, 38.945649999890456 ], [ -84.586394999652327, 38.945547999934618 ], [ -84.585385000422207, 38.94495200003977 ], [ -84.585171000161964, 38.94479699965995 ], [ -84.584833000053152, 38.9445389998358 ], [ -84.584632000211698, 38.944384999747882 ], [ -84.584541999800024, 38.944325999793413 ], [ -84.584065999598963, 38.944027999877022 ], [ -84.583658000068255, 38.943785999740697 ], [ -84.583283999974441, 38.943559000109239 ], [ -84.582990000246568, 38.943379999810354 ], [ -84.582858000002091, 38.943300999971889 ], [ -84.582341999618052, 38.942997000338288 ], [ -84.581905999599968, 38.942740000072561 ], [ -84.581831000155219, 38.942698999726545 ], [ -84.581812999713549, 38.942684000309704 ], [ -84.581410000205736, 38.942368000120233 ], [ -84.581277999961245, 38.942283000191544 ], [ -84.581194000295653, 38.942240999753459 ], [ -84.581156999587435, 38.942223000057162 ], [ -84.5809509997231, 38.942158000029018 ], [ -84.580837999745199, 38.942121999891064 ], [ -84.580689999607202, 38.942073999678612 ], [ -84.580636999903746, 38.942101999806468 ], [ -84.580273999680585, 38.942138999783822 ], [ -84.580112000197204, 38.942146999814113 ], [ -84.579677999828931, 38.942121000061633 ], [ -84.579528999866014, 38.942099000317356 ], [ -84.579401999644404, 38.942052999750153 ], [ -84.579226999742232, 38.941936999767023 ], [ -84.579005999809269, 38.941709999805049 ], [ -84.578880000310903, 38.941564999793648 ], [ -84.578785999701253, 38.941441000300429 ], [ -84.578631999715469, 38.941209000237919 ], [ -84.577829000174575, 38.939907999944587 ], [ -84.577661999769987, 38.939658000108302 ], [ -84.57751899965487, 38.939497000135624 ], [ -84.577362000194341, 38.939366999912586 ], [ -84.576542000036682, 38.938858000158959 ], [ -84.575720000229225, 38.938335999673818 ], [ -84.575584999611692, 38.938266000157178 ], [ -84.575475000006819, 38.938223000250154 ], [ -84.575315000173262, 38.938177999848314 ], [ -84.574874999957203, 38.938097000031163 ], [ -84.574398999756141, 38.938010000098679 ], [ -84.574115000074016, 38.937958000345112 ], [ -84.573607000085914, 38.937845000319079 ], [ -84.573248999885607, 38.93775299992371 ], [ -84.57290900012697, 38.937649999893949 ], [ -84.572644999638015, 38.93754800030721 ], [ -84.572447000169632, 38.937457000120467 ], [ -84.571719999898392, 38.937097999803498 ], [ -84.57152699955455, 38.936981000197001 ], [ -84.571400000231264, 38.936862999795203 ], [ -84.571168000427662, 38.936505999782078 ], [ -84.571108000153217, 38.936411999925959 ], [ -84.570812999702099, 38.935994999924169 ], [ -84.570484999639049, 38.935535000125931 ], [ -84.570457000049956, 38.935491000037452 ], [ -84.569958000282682, 38.934729000178592 ], [ -84.569765999763732, 38.934473999866491 ], [ -84.569671000227501, 38.934380000112021 ], [ -84.569461999990125, 38.934219999975866 ], [ -84.569073999652602, 38.933988000045666 ], [ -84.568727000221287, 38.933853999722146 ], [ -84.56777599964407, 38.933533000258883 ], [ -84.56739599970247, 38.933421000121633 ], [ -84.567153999853133, 38.933361000175061 ], [ -84.566859000300354, 38.933287000124409 ], [ -84.565818000209759, 38.932865000116365 ], [ -84.564864000157826, 38.932573000031972 ], [ -84.564659000118397, 38.932522999715047 ], [ -84.564238999993847, 38.932455999947919 ], [ -84.563977000053015, 38.932387000184221 ], [ -84.563727999632675, 38.932343000239008 ], [ -84.560806999925575, 38.932131999836862 ], [ -84.560365000059704, 38.932107999847382 ], [ -84.560016000080239, 38.932104999935468 ], [ -84.560006999859425, 38.931945000257244 ], [ -84.560010000232467, 38.931839000254193 ], [ -84.560042000019521, 38.931676000045911 ], [ -84.560064999585734, 38.931616000020675 ], [ -84.56021100007392, 38.931318999777169 ], [ -84.560494999756045, 38.930892000000675 ], [ -84.56069999979546, 38.930645999790435 ], [ -84.561186999867175, 38.930093999690563 ], [ -84.561271000431077, 38.930028999725245 ], [ -84.561216000179485, 38.929952999690244 ], [ -84.561041000277314, 38.929712999744012 ], [ -84.56098500020083, 38.929621999985912 ], [ -84.56091900007857, 38.929513999990952 ], [ -84.560881000443743, 38.929452000217182 ], [ -84.560777999613265, 38.929285000072333 ], [ -84.560606000084135, 38.929093999922678 ], [ -84.560497000304196, 38.929014000226729 ], [ -84.560411999915374, 38.928966000226048 ], [ -84.560288000066819, 38.928913000114832 ], [ -84.559903999927258, 38.928798000317393 ], [ -84.559718999979324, 38.928734999899682 ], [ -84.559283999786146, 38.92855799995732 ], [ -84.558450000283116, 38.928240999687233 ], [ -84.557974999906946, 38.928079000322718 ], [ -84.557270000275352, 38.927859000239657 ], [ -84.557019000205187, 38.927786000070903 ], [ -84.556826999686251, 38.927747000227541 ], [ -84.556280000238388, 38.927669999810888 ], [ -84.55600200040405, 38.927602000317293 ], [ -84.554619999831601, 38.927149000177621 ], [ -84.553567999870367, 38.926816999922899 ], [ -84.551809999554294, 38.926282000276224 ], [ -84.551347999596928, 38.926141999741816 ], [ -84.550839999608812, 38.925984000004917 ], [ -84.550653999835987, 38.92593499999289 ], [ -84.550485999606479, 38.925909999945212 ], [ -84.550321999574962, 38.925914000177038 ], [ -84.550197999726393, 38.925931999819881 ], [ -84.549991000037153, 38.925990999704339 ], [ -84.54954099977536, 38.926140999687085 ], [ -84.548453999654015, 38.926517999752953 ], [ -84.547680000425444, 38.926808000214315 ], [ -84.547049000413679, 38.927028000062649 ], [ -84.546370999647934, 38.927185000229734 ], [ -84.54542900018987, 38.927386000301411 ], [ -84.544773000063756, 38.927502000327038 ], [ -84.544614000055077, 38.927522999672753 ], [ -84.544434999954944, 38.927535000094807 ], [ -84.544135000379285, 38.927578000192725 ], [ -84.542173999673622, 38.927750999656993 ], [ -84.541670999708373, 38.927722000119587 ], [ -84.541397000071996, 38.927686999674094 ], [ -84.540135000048451, 38.927426999717646 ], [ -84.539690999634445, 38.927345000162681 ], [ -84.53924899976856, 38.927273000202568 ], [ -84.538791000009169, 38.927208999788419 ], [ -84.538359000189047, 38.927170999668057 ], [ -84.538007999661446, 38.927130000103915 ], [ -84.536889999577966, 38.926926999918386 ], [ -84.536488999719964, 38.926872000291382 ], [ -84.53615700035725, 38.92684699987506 ], [ -84.535052999619168, 38.926810000304961 ], [ -84.533895000251022, 38.926768999833278 ], [ -84.533645999830696, 38.926760000118605 ], [ -84.533395999585437, 38.926751999750074 ], [ -84.533301000049178, 38.926748000264304 ], [ -84.533208999987679, 38.926745000125742 ], [ -84.532716999893097, 38.926738999848162 ], [ -84.532424999815049, 38.926743000033255 ], [ -84.532132999736987, 38.926758000026545 ], [ -84.531350000287574, 38.926774000062537 ], [ -84.531191000278923, 38.926783999821112 ], [ -84.530607000122828, 38.926842999695793 ], [ -84.529386000107166, 38.927000000272315 ], [ -84.528961999784656, 38.927036999743322 ], [ -84.528489999781542, 38.927061000050919 ], [ -84.52818699983284, 38.927066000259607 ], [ -84.528117000410958, 38.9270670003013 ], [ -84.528007999732708, 38.927068999685794 ], [ -84.527787999624678, 38.927062000092683 ], [ -84.527407999683078, 38.927032000231492 ], [ -84.52591899987884, 38.926839000215196 ], [ -84.525622999602831, 38.926783999821112 ], [ -84.525385999776361, 38.926719999664655 ], [ -84.525112000139984, 38.926622999972579 ], [ -84.524825999909723, 38.926497000109691 ], [ -84.52446600005959, 38.926347000180826 ], [ -84.524324999594299, 38.926301999930665 ], [ -84.524157000263116, 38.926257999705065 ], [ -84.523877999705547, 38.926201000150492 ], [ -84.523553999840445, 38.926148000069936 ], [ -84.522968999859444, 38.926054999819627 ], [ -84.52243400010714, 38.925958999974455 ], [ -84.522145000402148, 38.925887000005339 ], [ -84.521917999723101, 38.925811999785083 ], [ -84.521747000018877, 38.925731999882039 ], [ -84.5216149997744, 38.925648000341042 ], [ -84.521476999682136, 38.925536000332372 ], [ -84.520691999684587, 38.924783999788403 ], [ -84.52038700008606, 38.9244649999685 ], [ -84.519659999814834, 38.923663999770021 ], [ -84.51934599999548, 38.923299999748529 ], [ -84.519222000146911, 38.923138000282769 ], [ -84.51885399990087, 38.922631000276219 ], [ -84.518575000241626, 38.922292999889805 ], [ -84.518379000423053, 38.922061000086295 ], [ -84.518213999668291, 38.921850999965521 ], [ -84.518135000025566, 38.921765999906377 ], [ -84.518046000337108, 38.921680999745348 ], [ -84.517939000206979, 38.921599999957614 ], [ -84.517851000343441, 38.921544000274601 ], [ -84.517748000411288, 38.92150300025407 ], [ -84.517636000258292, 38.921445999674717 ], [ -84.518198999599676, 38.921184999784408 ], [ -84.518504000096513, 38.921017999747178 ], [ -84.518677000348887, 38.920897999787464 ], [ -84.518872000342554, 38.920723000123068 ], [ -84.518957999657957, 38.9206230002209 ], [ -84.519013999734455, 38.920550999728817 ], [ -84.519101999597993, 38.920401999944211 ], [ -84.519227999994698, 38.920105999715943 ], [ -84.519674000058529, 38.918805000199185 ], [ -84.519693000325105, 38.918748000248137 ], [ -84.519766000120043, 38.918535999783181 ], [ -84.519858000181557, 38.918303000110811 ], [ -84.51999200007586, 38.918017999978268 ], [ -84.520029999710687, 38.917949000149314 ], [ -84.520105000053761, 38.917814000107548 ], [ -84.520173999650723, 38.917698000316953 ], [ -84.520249999818716, 38.917578999810516 ], [ -84.520419999698035, 38.917337000279517 ], [ -84.520560000338421, 38.917158999676005 ], [ -84.520909000317886, 38.916772999919814 ], [ -84.521148999619072, 38.91655699978466 ], [ -84.521316999848565, 38.916406000315796 ], [ -84.521520000238155, 38.916239000214283 ], [ -84.52175799988953, 38.916047999888498 ], [ -84.522101999846114, 38.915783000308643 ], [ -84.522393999924176, 38.915552999897585 ], [ -84.522582000245137, 38.91537299999797 ], [ -84.522978000080272, 38.914990999762473 ], [ -84.523144999586535, 38.914852999742678 ], [ -84.523515000380698, 38.914581999986652 ], [ -84.525487999883609, 38.913171999901223 ], [ -84.525800000053152, 38.912974000123882 ], [ -84.526237999721076, 38.912766999702498 ], [ -84.527017999695744, 38.9124149998825 ], [ -84.527204000366893, 38.912313999905706 ], [ -84.527371999698062, 38.912209999730955 ], [ -84.527585000133413, 38.91204699985623 ], [ -84.527702000309276, 38.911950999930681 ], [ -84.527884999709059, 38.911777000127842 ], [ -84.528626000223994, 38.910966000103436 ], [ -84.528787999707376, 38.910796999940096 ], [ -84.528920999776773, 38.910679000017637 ], [ -84.529184000440821, 38.910488999682904 ], [ -84.529392999779887, 38.910362999827932 ], [ -84.529643000025132, 38.910254999874105 ], [ -84.530007000073198, 38.910141000171691 ], [ -84.530597999902, 38.909968999992181 ], [ -84.530762999758437, 38.909911999934224 ], [ -84.530919000292357, 38.909846999652828 ], [ -84.531243999982365, 38.909644000348045 ], [ -84.531628999946832, 38.909402000321847 ], [ -84.53175000032067, 38.909322000091279 ], [ -84.531951000162124, 38.909227000268359 ], [ -84.53222200032377, 38.909118999984116 ], [ -84.532681999732986, 38.908954000106313 ], [ -84.532841999566571, 38.90890300032072 ], [ -84.533007000321334, 38.90884800000368 ], [ -84.533080000116257, 38.908828000322643 ], [ -84.533192000269239, 38.908800999940475 ], [ -84.533409999829132, 38.908758000346211 ], [ -84.534265999971794, 38.90863400011866 ], [ -84.534650999936261, 38.908590000121137 ], [ -84.535999999998424, 38.908473000328613 ], [ -84.536200000014972, 38.90845600005597 ], [ -84.536400999856411, 38.908440000083431 ], [ -84.5366660001703, 38.908417000072944 ], [ -84.53697900016472, 38.908388999928555 ], [ -84.537820000238781, 38.908312000173453 ], [ -84.538091000400428, 38.908271999804732 ], [ -84.538344000120432, 38.90820399989515 ], [ -84.538643999696077, 38.908092000313189 ], [ -84.539692000357675, 38.907600999923297 ], [ -84.539970000192014, 38.907478000089561 ], [ -84.539980000237762, 38.907472999898573 ], [ -84.540704999960852, 38.907149000333575 ], [ -84.540962999703709, 38.907040999683929 ], [ -84.541321999728908, 38.90691600032563 ], [ -84.54180299995285, 38.906776999656707 ], [ -84.542119000320355, 38.906708999713089 ], [ -84.542735000263505, 38.906579000215295 ], [ -84.542931999906983, 38.906558999895005 ], [ -84.543281999711354, 38.906526000158109 ], [ -84.544181000410035, 38.906473999694271 ], [ -84.544491999856348, 38.906457999974123 ], [ -84.544681999827134, 38.906454999676654 ], [ -84.545106000149673, 38.906429000122529 ], [ -84.545457999603855, 38.906383000189038 ], [ -84.546141000392481, 38.906287999928097 ], [ -84.546428000447662, 38.906237000324261 ], [ -84.54656099961872, 38.906222000187071 ], [ -84.547201999676233, 38.906120999786737 ], [ -84.547918999901725, 38.905994000228269 ], [ -84.548322000307849, 38.905934999794688 ], [ -84.548969000213148, 38.905823999770192 ], [ -84.549565999889722, 38.905731999788451 ], [ -84.549944000181497, 38.905672999836135 ], [ -84.550464999690092, 38.905607999867492 ], [ -84.550796999951103, 38.905587000327351 ], [ -84.551292000418755, 38.905544000184385 ], [ -84.55174900035324, 38.905518999942956 ], [ -84.55182899982087, 38.905516999951217 ], [ -84.552505999863385, 38.905512999967577 ], [ -84.554246999562707, 38.905552999793791 ], [ -84.554649000143911, 38.905544000184385 ], [ -84.554977000206989, 38.905506000345213 ], [ -84.555086999811849, 38.905491000053566 ], [ -84.555320000338668, 38.905441999871087 ], [ -84.555569999685588, 38.905378999686569 ], [ -84.55581499990798, 38.905298000166177 ], [ -84.55620700044345, 38.905138000151545 ], [ -84.556370999576671, 38.905053999999453 ], [ -84.556614999974144, 38.904912000215511 ], [ -84.557276000123125, 38.904530999962759 ], [ -84.55778499993616, 38.904264999662338 ], [ -84.558045000227168, 38.904138999944848 ], [ -84.558301000320199, 38.903981999817439 ], [ -84.55840199970423, 38.903905000175804 ], [ -84.558530999575652, 38.903784000270534 ], [ -84.558629000383263, 38.903661000115029 ], [ -84.558722000269682, 38.903505000003513 ], [ -84.558744999835895, 38.903451000073247 ], [ -84.558773000323299, 38.903390999947206 ], [ -84.558832999699433, 38.90311700003209 ], [ -84.558827999676581, 38.902744999899099 ], [ -84.558768000300432, 38.901758999862992 ], [ -84.558773000323299, 38.901571000224664 ], [ -84.558788000391914, 38.901421999741252 ], [ -84.55884000027045, 38.901174999715003 ], [ -84.558934999806709, 38.900904999880794 ], [ -84.559117000279898, 38.900533999759659 ], [ -84.559672999948575, 38.899484999959277 ], [ -84.559858999721413, 38.89917299991901 ], [ -84.559970000049489, 38.899010000170691 ], [ -84.560030000323962, 38.89893800012414 ], [ -84.560261000302646, 38.898703000250642 ], [ -84.560513000197716, 38.898499999840979 ], [ -84.561069999691327, 38.898152000285428 ], [ -84.56188099962813, 38.897679000182343 ], [ -84.562262000292961, 38.897466999707845 ], [ -84.562407999882822, 38.897395999954888 ], [ -84.56263700021168, 38.897299000029932 ], [ -84.562754000387542, 38.897258999748416 ], [ -84.562968999574395, 38.897193000003703 ], [ -84.563207000124081, 38.897136999939185 ], [ -84.5634899999813, 38.897085000289145 ], [ -84.56377299983852, 38.897052000343599 ], [ -84.564068000289609, 38.897038000129037 ], [ -84.564384999583694, 38.897047000117468 ], [ -84.564850999739022, 38.897064000325607 ], [ -84.565270999863586, 38.897050000113353 ], [ -84.565603999949516, 38.89701199992296 ], [ -84.565947999906115, 38.896948000181901 ], [ -84.566301999908433, 38.89684800033988 ], [ -84.567726000313669, 38.896380000214378 ], [ -84.568667999771748, 38.896044999991865 ], [ -84.568973000268571, 38.895891000190026 ], [ -84.56941400030955, 38.895593000242592 ], [ -84.569754999893092, 38.895269000297972 ], [ -84.570273999751848, 38.894691999899919 ], [ -84.570565999829896, 38.894453999853297 ], [ -84.5709590001903, 38.894232000089659 ], [ -84.571359000223381, 38.894084000094793 ], [ -84.571780000172836, 38.893993999899855 ], [ -84.572074999725643, 38.89396599966058 ], [ -84.572321999597847, 38.893964999851597 ], [ -84.572543000429093, 38.893979999781621 ], [ -84.573684999903705, 38.894146999813763 ], [ -84.575454999915351, 38.894501000325242 ], [ -84.576680999953851, 38.894691999899919 ], [ -84.578168000108292, 38.894923999677111 ], [ -84.578873999564806, 38.895008999722201 ], [ -84.579401999644404, 38.894993000215003 ], [ -84.579914999655401, 38.89488700024264 ], [ -84.580234000395933, 38.894771999836358 ], [ -84.580805000133253, 38.894471999784834 ], [ -84.581315999596086, 38.894203000138596 ], [ -84.581661000275901, 38.894044999907777 ], [ -84.58207200017965, 38.89389300028332 ], [ -84.582933000345179, 38.893629000309538 ], [ -84.583304000065937, 38.89347800030982 ], [ -84.58361299986241, 38.893311000102898 ], [ -84.583997000001972, 38.893063000008937 ], [ -84.584525999906475, 38.892706999668484 ], [ -84.584888000304744, 38.892380000348467 ], [ -84.586758999700407, 38.890058000313736 ], [ -84.587027000387323, 38.88978300012559 ], [ -84.587323999589941, 38.889549999766153 ], [ -84.587817000407753, 38.889261999934192 ], [ -84.590657999748885, 38.887860000253923 ], [ -84.591025999994912, 38.887691000328886 ], [ -84.591488999777198, 38.887545999687958 ], [ -84.591956999582337, 38.887482999707835 ], [ -84.592394000323651, 38.887474999806237 ], [ -84.593189000366948, 38.887487999908068 ], [ -84.593724999944158, 38.887547000286489 ], [ -84.594182999703563, 38.88765700031604 ], [ -84.594560000170418, 38.887794000165528 ], [ -84.595067000333614, 38.888066999879051 ], [ -84.595439999704197, 38.888270000043725 ], [ -84.595694999972338, 38.888401999973908 ], [ -84.595977000004638, 38.888502999707164 ], [ -84.596324000334278, 38.888604999880457 ], [ -84.596526999825542, 38.88864000002274 ], [ -84.596741999910719, 38.888662000263139 ], [ -84.596967000041616, 38.888675000147742 ], [ -84.597186000324726, 38.888665999797624 ], [ -84.597410999557297, 38.888644000257649 ], [ -84.597745000366459, 38.888612999654789 ], [ -84.597991000413771, 38.888551999692154 ], [ -84.598229000065118, 38.888473000327487 ], [ -84.598501999876603, 38.888363000163075 ], [ -84.598761000342705, 38.888231000160431 ], [ -84.598949999590261, 38.888108000334526 ], [ -84.599199000010614, 38.887915000047606 ], [ -84.599428000339472, 38.887742999864514 ], [ -84.599450999905685, 38.887869999901703 ], [ -84.600230000055447, 38.892199999721107 ], [ -84.600324999591692, 38.892720000211142 ], [ -84.600353999904002, 38.892888000233462 ], [ -84.600357000277057, 38.892905000038795 ], [ -84.601180999734353, 38.897476000341051 ], [ -84.601244000381854, 38.897825999922155 ], [ -84.60151800001826, 38.899349000020607 ], [ -84.601526000414168, 38.899393999885213 ], [ -84.601606999706704, 38.899843999759106 ], [ -84.601610999904665, 38.899866999750664 ], [ -84.601748999996914, 38.900629999745121 ], [ -84.602373000335987, 38.904090999893761 ], [ -84.602737000384067, 38.906112999887306 ], [ -84.60343899964262, 38.91001299983396 ], [ -84.603972999570004, 38.9144490002694 ], [ -84.604104999814481, 38.915544999663197 ], [ -84.604174000309783, 38.916110000193314 ], [ -84.604180999982461, 38.916170000053462 ], [ -84.604329000120472, 38.917400999814078 ], [ -84.605381000081707, 38.926137000166918 ], [ -84.60550300028045, 38.927168000246233 ], [ -84.605960000214935, 38.930947000004828 ], [ -84.606011000268566, 38.931372000187061 ], [ -84.606039999682565, 38.931608000199823 ], [ -84.606162999706228, 38.932625000240236 ], [ -84.606361000072923, 38.934281999774477 ], [ -84.606371000118685, 38.93434799997393 ], [ -84.606602999922274, 38.936245000097266 ], [ -84.606751000060271, 38.937452999840851 ], [ -84.606755000258232, 38.937484000080573 ], [ -84.60676399958075, 38.937556000156761 ], [ -84.607008999803128, 38.93955599991633 ], [ -84.607076999575199, 38.940112999725542 ], [ -84.607098000389911, 38.940281000082386 ], [ -84.607706999762058, 38.945251999834802 ], [ -84.607919000372476, 38.946979999676017 ], [ -84.608705000194931, 38.953383000201917 ], [ -84.608843000287195, 38.954510000028485 ], [ -84.60895500044019, 38.955427000192316 ], [ -84.609168999802122, 38.957167000268527 ], [ -84.609132999817106, 38.957165999952743 ] ] ] ] } },
{ "type": "Feature", "properties": { "mdshnocar": 0.0 }, "geometry": { "type": "MultiPolygon", "coordinates": [ [ [ [ -84.579401999644404, 38.942052999750153 ], [ -84.57890100022729, 38.942223999885151 ], [ -84.578549999699717, 38.942341999750091 ], [ -84.578276999888232, 38.942447000299651 ], [ -84.578016999597239, 38.942567999961554 ], [ -84.577793000189558, 38.942694999742592 ], [ -84.577648000424617, 38.942791999812762 ], [ -84.577593999997916, 38.942833000105011 ], [ -84.577496999913564, 38.942906999976081 ], [ -84.577342000102846, 38.943039000328532 ], [ -84.577131000215658, 38.943262000275645 ], [ -84.576953999765337, 38.943492000288373 ], [ -84.576790999558725, 38.943769000242845 ], [ -84.576675000106064, 38.944041000103454 ], [ -84.576603999960966, 38.944297000046454 ], [ -84.576597000288288, 38.944331000182238 ], [ -84.576572999998831, 38.944482000300475 ], [ -84.576562000128177, 38.944765999822792 ], [ -84.576573999823736, 38.944941000258432 ], [ -84.576619000029581, 38.945188000273824 ], [ -84.576655999839502, 38.945319999872673 ], [ -84.576767000167578, 38.945633999920787 ], [ -84.576921000153376, 38.945975999970599 ], [ -84.577281999828401, 38.946727000331173 ], [ -84.578255000146925, 38.948761000001163 ], [ -84.578375999622438, 38.949067999961706 ], [ -84.578431999698935, 38.949269999920453 ], [ -84.578465000209192, 38.949454000045925 ], [ -84.578474000430035, 38.94954800007757 ], [ -84.57847600007986, 38.949583000213607 ], [ -84.578481000102741, 38.949651000288696 ], [ -84.578481999927646, 38.949667000050333 ], [ -84.57847600007986, 38.949882999971834 ], [ -84.578452999615322, 38.9500640000525 ], [ -84.578418000353551, 38.950224000066981 ], [ -84.578357000254172, 38.950417000018739 ], [ -84.57827299969027, 38.950608999735209 ], [ -84.578106000183993, 38.950897999786925 ], [ -84.577886000075964, 38.951210999877077 ], [ -84.577258000437254, 38.952024000317962 ], [ -84.577051999674637, 38.952287999659177 ], [ -84.576973999856818, 38.952389000012374 ], [ -84.576936000221991, 38.952437999910543 ], [ -84.576715000289042, 38.952734000043428 ], [ -84.575747999818304, 38.953978999766861 ], [ -84.575471999633791, 38.954290000208111 ], [ -84.575348999610128, 38.954410000258321 ], [ -84.575094000240327, 38.95461900002941 ], [ -84.574844999819987, 38.954783999891312 ], [ -84.574635999582597, 38.954899999809832 ], [ -84.574448000159961, 38.95499099996227 ], [ -84.574322999588162, 38.955042000150151 ], [ -84.574234999724609, 38.95506800005375 ], [ -84.574002999921035, 38.955151999677064 ], [ -84.573736999782241, 38.955219999997794 ], [ -84.573460999597714, 38.955271000020872 ], [ -84.573177999740494, 38.955302000153907 ], [ -84.572885999662446, 38.95531600005183 ], [ -84.572596000132535, 38.955308999753953 ], [ -84.572371000001652, 38.955290000239216 ], [ -84.57226600041966, 38.95527699998005 ], [ -84.571984000387346, 38.955227999949045 ], [ -84.571780999997756, 38.955180000227941 ], [ -84.571567999562419, 38.955119000186215 ], [ -84.571251000268347, 38.95500000028575 ], [ -84.57105399972653, 38.954909999793948 ], [ -84.570780000090153, 38.95476399988619 ], [ -84.569850000327634, 38.954178999683862 ], [ -84.569605999930175, 38.954048999836914 ], [ -84.569446999921496, 38.953974000058601 ], [ -84.569186999630503, 38.953876000256507 ], [ -84.569062999781949, 38.953835999728128 ], [ -84.568739999741766, 38.953756999666034 ], [ -84.568473999602986, 38.953712999708223 ], [ -84.568276000134574, 38.953691000068368 ], [ -84.568085000338868, 38.953678000214467 ], [ -84.567901000215841, 38.953674000151473 ], [ -84.567487999763969, 38.953691999734616 ], [ -84.567233000394182, 38.953724999889985 ], [ -84.566997000392604, 38.953770000204031 ], [ -84.566790999629973, 38.953820999873415 ], [ -84.566440000000696, 38.953938000332379 ], [ -84.566061999708921, 38.954102000023646 ], [ -84.565706999881684, 38.954284000165316 ], [ -84.56528799958204, 38.954522000075244 ], [ -84.565147999839937, 38.954600999983171 ], [ -84.564461999576594, 38.954992999956652 ], [ -84.564218999902337, 38.955133000120234 ], [ -84.563734000378773, 38.955378000265021 ], [ -84.563464999866937, 38.955491999929585 ], [ -84.563255999629561, 38.95556399988056 ], [ -84.563019999628011, 38.955631999805966 ], [ -84.562798999695076, 38.955681999894388 ], [ -84.562397000012183, 38.955741000176893 ], [ -84.56215299961471, 38.95576000026923 ], [ -84.561837999970436, 38.955760999906296 ], [ -84.561761999802442, 38.955758000296541 ], [ -84.561370999990203, 38.955724999690737 ], [ -84.560386999801025, 38.955573000131274 ], [ -84.56009600044618, 38.955542999756872 ], [ -84.559826000109453, 38.955532000221858 ], [ -84.559589000282998, 38.955538000159002 ], [ -84.559313000098456, 38.95555999992402 ], [ -84.559034000439198, 38.95560200015511 ], [ -84.55874300018607, 38.95566600009348 ], [ -84.558504999636384, 38.955737000230336 ], [ -84.558234000373048, 38.955839000194189 ], [ -84.55798699960252, 38.955954999782918 ], [ -84.557709999593072, 38.956116000101872 ], [ -84.557477999789498, 38.956279000013083 ], [ -84.557309999560005, 38.956418000104044 ], [ -84.557106000243806, 38.956620999696817 ], [ -84.556883999587654, 38.95690300024102 ], [ -84.556691000142123, 38.957244999707413 ], [ -84.556647999586104, 38.957347000294888 ], [ -84.556549999676804, 38.957661999764774 ], [ -84.556512000041977, 38.957886999726313 ], [ -84.556481999904747, 38.958348000098361 ], [ -84.556451999767532, 38.959034999668432 ], [ -84.5563799997975, 38.959667999806307 ], [ -84.556282999713133, 38.96016799996319 ], [ -84.556173000108274, 38.960582999746848 ], [ -84.55602199959722, 38.961045000302626 ], [ -84.555813000258169, 38.961558000329212 ], [ -84.555585999579122, 38.962054999680127 ], [ -84.555301999896997, 38.962604000308758 ], [ -84.555127999819717, 38.962919000157129 ], [ -84.554813000175443, 38.963442000063139 ], [ -84.554563999755118, 38.963823999901223 ], [ -84.554338999624207, 38.964144000301133 ], [ -84.554106999820618, 38.964452999708513 ], [ -84.553937999766205, 38.964650000166486 ], [ -84.553654000084094, 38.964922999728934 ], [ -84.553468000311241, 38.965072000271881 ], [ -84.553121999806521, 38.965310999771035 ], [ -84.552511999711157, 38.96567399978548 ], [ -84.55193699977589, 38.966016000221593 ], [ -84.551659999766457, 38.966193000252247 ], [ -84.55147700036666, 38.966320999797645 ], [ -84.551248000037802, 38.966512000244428 ], [ -84.551218999725492, 38.966536999946655 ], [ -84.550990000294945, 38.966773999730663 ], [ -84.550843999806773, 38.966964000175452 ], [ -84.550719000133299, 38.967170000111345 ], [ -84.550621000224012, 38.96737300033007 ], [ -84.550582999690846, 38.967486000082822 ], [ -84.550514999918803, 38.967711000277475 ], [ -84.550475999560732, 38.967925000050975 ], [ -84.550461000390442, 38.968137999715537 ], [ -84.550480999583598, 38.968427999678475 ], [ -84.550534000185365, 38.968692000067058 ], [ -84.550602999782342, 38.968910000270547 ], [ -84.550627000071785, 38.968960000068847 ], [ -84.550649999637997, 38.969008000233117 ], [ -84.550730999828872, 38.969176999999753 ], [ -84.550934000218447, 38.969501999975719 ], [ -84.551210000402989, 38.969881000251867 ], [ -84.551544000313811, 38.970329999946685 ], [ -84.55171400019313, 38.970572999672441 ], [ -84.551862000331141, 38.970824999671486 ], [ -84.551959000415522, 38.97103700027332 ], [ -84.552026000362673, 38.971241000002948 ], [ -84.552072000393423, 38.971457999929804 ], [ -84.552091999586594, 38.971665000176962 ], [ -84.552089000111863, 38.971901000155874 ], [ -84.552063000172581, 38.972120999771334 ], [ -84.552012000118964, 38.972334000087535 ], [ -84.551915999859503, 38.972602000277043 ], [ -84.551834999668642, 38.972768999658157 ], [ -84.551726999713608, 38.972959000085218 ], [ -84.551504999955753, 38.973289999997689 ], [ -84.551236000342243, 38.97365900012737 ], [ -84.550634999569397, 38.974460999927913 ], [ -84.550475999560732, 38.974673000121676 ], [ -84.550273000069453, 38.97491300011545 ], [ -84.550021999999302, 38.975134000213842 ], [ -84.550001000082901, 38.975148999746786 ], [ -84.549849999571848, 38.975065000086488 ], [ -84.549723000248548, 38.975014999709323 ], [ -84.549630000362143, 38.974989000141768 ], [ -84.549476000376345, 38.97496600005968 ], [ -84.549281000382678, 38.974961999801764 ], [ -84.549119000000971, 38.97498000026232 ], [ -84.548087999956124, 38.975199000029342 ], [ -84.547784000182503, 38.975278999989015 ], [ -84.547217999569753, 38.975452999746338 ], [ -84.547000000009874, 38.975529999948037 ], [ -84.546112999905077, 38.975928999715549 ], [ -84.545857999636937, 38.976055999775461 ], [ -84.545604000092055, 38.976210000180501 ], [ -84.544943999767966, 38.976645999728476 ], [ -84.544752000147355, 38.976776000015981 ], [ -84.544696000070843, 38.976821999695289 ], [ -84.544485000183656, 38.976997999922986 ], [ -84.544244000159225, 38.977222999930177 ], [ -84.544087999625305, 38.977401999949798 ], [ -84.543941000210523, 38.977586999681868 ], [ -84.543776000354086, 38.977834999768604 ], [ -84.543574999614322, 38.978241999963082 ], [ -84.543449999940847, 38.97859999998478 ], [ -84.543326999917198, 38.979214999807056 ], [ -84.543263000343089, 38.979469999784875 ], [ -84.543199999695588, 38.979621999751068 ], [ -84.542998999854134, 38.979907000204776 ], [ -84.542856999563909, 38.980049000005138 ], [ -84.5427009999283, 38.980154999847528 ], [ -84.542494000239074, 38.980266000177757 ], [ -84.542213999856585, 38.980380000297984 ], [ -84.541953999565592, 38.980451000108623 ], [ -84.541751000074328, 38.980481999698704 ], [ -84.541580000370089, 38.980494000234721 ], [ -84.541368999584577, 38.980480999712178 ], [ -84.541104999993948, 38.980440000250823 ], [ -84.540863999969517, 38.980390000177294 ], [ -84.540436000347341, 38.980282000009673 ], [ -84.540602000028699, 38.9798890002983 ], [ -84.540633999815739, 38.979814999936245 ], [ -84.540710999808638, 38.979631999737379 ], [ -84.540970000274726, 38.979031000145433 ], [ -84.541290999766773, 38.978231999780462 ], [ -84.541576999997048, 38.977477000069278 ], [ -84.541783999686274, 38.977007000244285 ], [ -84.542091999657842, 38.976334000299467 ], [ -84.542165000351105, 38.976152000230513 ], [ -84.542219999704372, 38.975981000246009 ], [ -84.542269000108178, 38.975734000005026 ], [ -84.542278000329006, 38.975613999755105 ], [ -84.542269000108178, 38.97534899996689 ], [ -84.542239999795854, 38.97519299966207 ], [ -84.542185000442586, 38.975009000024855 ], [ -84.542098000403954, 38.974806000041212 ], [ -84.541983999702822, 38.974602000104433 ], [ -84.541664999860586, 38.974112999999583 ], [ -84.541433000057012, 38.973804000129086 ], [ -84.541154000397754, 38.973463999753307 ], [ -84.541084999902438, 38.973352999934505 ], [ -84.541026000351224, 38.973210999975556 ], [ -84.541003999711592, 38.973080000036376 ], [ -84.541005000434836, 38.972946000274398 ], [ -84.541018999780221, 38.972872000338896 ], [ -84.541103000344123, 38.972700000020147 ], [ -84.541171000116179, 38.972596999787676 ], [ -84.541263000177693, 38.972493000004413 ], [ -84.541526999768337, 38.972241999757429 ], [ -84.541936000022247, 38.971862000133726 ], [ -84.542156000130277, 38.971610000332248 ], [ -84.542360000344772, 38.97132999988925 ], [ -84.542499000261941, 38.971096999761784 ], [ -84.542618000087629, 38.970865999811004 ], [ -84.542890999899114, 38.970275999894433 ], [ -84.543091999740568, 38.969950999977769 ], [ -84.543389999666388, 38.969514000277222 ], [ -84.543535000329669, 38.969275999737746 ], [ -84.543728999600091, 38.968915000321786 ], [ -84.54383599973022, 38.968680000324696 ], [ -84.543841999578007, 38.968652000219585 ], [ -84.543885999958931, 38.968450999788487 ], [ -84.543974999647403, 38.967549000293161 ], [ -84.544004999784633, 38.967422000343902 ], [ -84.54396499960167, 38.967219000265544 ], [ -84.543948999708121, 38.967131000277924 ], [ -84.543912999723105, 38.966989999895269 ], [ -84.543866999692355, 38.966878000228398 ], [ -84.543783000026778, 38.966710000046888 ], [ -84.543280999886449, 38.965910000169018 ], [ -84.543054999930632, 38.965534000192662 ], [ -84.542889000249289, 38.965216000189407 ], [ -84.542716999821835, 38.964842999945688 ], [ -84.542633999981149, 38.964653000098309 ], [ -84.542570000407068, 38.964338000276399 ], [ -84.54257500042992, 38.964179999731812 ], [ -84.54265599972247, 38.963697999783676 ], [ -84.542669999966165, 38.963618000014037 ], [ -84.542817000279271, 38.962742999866812 ], [ -84.542863000310021, 38.962406000206038 ], [ -84.542960000394402, 38.961843000136042 ], [ -84.542965000417269, 38.961754999756792 ], [ -84.542997000204323, 38.961445000201145 ], [ -84.542999999679054, 38.961220999921494 ], [ -84.542965000417269, 38.960776999693977 ], [ -84.542905999967715, 38.960315000184792 ], [ -84.542865999784752, 38.960126000342818 ], [ -84.542811000431485, 38.959961999923614 ], [ -84.542762999852599, 38.95984700018694 ], [ -84.54267199961599, 38.959717999841068 ], [ -84.54240100035264, 38.95939299968304 ], [ -84.54230799956791, 38.95929599997671 ], [ -84.542052000373204, 38.959015999755614 ], [ -84.541720999937084, 38.958630000056722 ], [ -84.541654999814853, 38.958520999938372 ], [ -84.541591000240743, 38.958418000044141 ], [ -84.541542999661857, 38.958281000285105 ], [ -84.541495999806187, 38.958028000064516 ], [ -84.541440999554609, 38.957643000182394 ], [ -84.541386000201328, 38.957400000110745 ], [ -84.541340999995484, 38.957287000336905 ], [ -84.541282000444269, 38.957187000294034 ], [ -84.541200000428503, 38.957096000167326 ], [ -84.541114000214776, 38.957019000183763 ], [ -84.54093799958936, 38.956901999921563 ], [ -84.540678000196664, 38.956718999894278 ], [ -84.540653999907235, 38.956681999842779 ], [ -84.540726999702173, 38.956625000292043 ], [ -84.54074799961856, 38.956603000159021 ], [ -84.540781999953751, 38.956558999872549 ], [ -84.540818999763673, 38.956508999704333 ], [ -84.540860999596461, 38.956455000293388 ], [ -84.54090599980232, 38.956395999906817 ], [ -84.540952999657975, 38.956331000300196 ], [ -84.541000000411955, 38.956258000101272 ], [ -84.541043999894569, 38.956180999905698 ], [ -84.541085999727372, 38.95610400032502 ], [ -84.541125999910335, 38.956023999665 ], [ -84.541196000230528, 38.955852999986035 ], [ -84.541204999553045, 38.955828000006555 ], [ -84.541331999774656, 38.955433000138342 ], [ -84.541443000102745, 38.955030000191442 ], [ -84.541464000019147, 38.954893999818694 ], [ -84.541468000217108, 38.954719000203305 ], [ -84.541453999973399, 38.954586999943999 ], [ -84.541452000323559, 38.954445000089109 ], [ -84.541403999744674, 38.953661000294446 ], [ -84.54140600029281, 38.953453999831652 ], [ -84.541428000034131, 38.953221999961251 ], [ -84.541453999973399, 38.953093999803976 ], [ -84.541580000370089, 38.952657000210458 ], [ -84.541708000416605, 38.952244000186575 ], [ -84.541801000303025, 38.951880000135837 ], [ -84.541813999823503, 38.951604000133251 ], [ -84.541762999769873, 38.951269999690133 ], [ -84.54171099989135, 38.951025000014695 ], [ -84.541676999556159, 38.95083799995772 ], [ -84.541673000256509, 38.950627000096759 ], [ -84.541669999883467, 38.950468000005081 ], [ -84.541729000333007, 38.949418000119728 ], [ -84.5417569999221, 38.949148000090297 ], [ -84.541838999937866, 38.948739000221487 ], [ -84.541931999824286, 38.948457000027219 ], [ -84.542021000411054, 38.948230999725645 ], [ -84.542112999574243, 38.948035000172823 ], [ -84.5422289999252, 38.947841000274266 ], [ -84.542382999910998, 38.947631000325785 ], [ -84.542669000141245, 38.947188999699094 ], [ -84.542721999844701, 38.947071999976032 ], [ -84.542760000377854, 38.946961000024402 ], [ -84.542787000142027, 38.946823000012138 ], [ -84.542808999883349, 38.946624999829069 ], [ -84.542788999791853, 38.945881000316305 ], [ -84.542798000012681, 38.945678000003312 ], [ -84.542834999822603, 38.945515999945677 ], [ -84.54290799961754, 38.945354000216469 ], [ -84.542984999610439, 38.945254000103944 ], [ -84.543438000245288, 38.944794000284844 ], [ -84.543926999966828, 38.944318000008934 ], [ -84.544217000395051, 38.944034999891734 ], [ -84.54430799973332, 38.943917999853923 ], [ -84.544372000205755, 38.943705000041795 ], [ -84.544393999947047, 38.943429000346946 ], [ -84.544470999939961, 38.942528000038465 ], [ -84.544511000122924, 38.942121000061633 ], [ -84.544656999712785, 38.940488999739728 ], [ -84.544665000108708, 38.940257999911495 ], [ -84.544651999689918, 38.940086999925917 ], [ -84.544633000321653, 38.939966000222221 ], [ -84.544554999605523, 38.939457999744356 ], [ -84.544418000236504, 38.938841000178272 ], [ -84.544337999870564, 38.938400999712144 ], [ -84.544228000265704, 38.937836999803345 ], [ -84.544219000044876, 38.937789000183798 ], [ -84.544158999770403, 38.937498000004076 ], [ -84.544050999815383, 38.937123000100492 ], [ -84.543992000264154, 38.936926999883546 ], [ -84.543931999989695, 38.936731999729012 ], [ -84.543762000110377, 38.936190999922118 ], [ -84.543655999805168, 38.935845999734468 ], [ -84.543495000146692, 38.935278000065068 ], [ -84.543459999986581, 38.935080999711381 ], [ -84.543450999765767, 38.934981999713642 ], [ -84.543454999963728, 38.934904000232208 ], [ -84.543476999705021, 38.934794999962058 ], [ -84.543552999873, 38.934623000143745 ], [ -84.543666999675835, 38.934460000044766 ], [ -84.54380300011826, 38.934293999751816 ], [ -84.543958999753883, 38.93412000023153 ], [ -84.544218000219956, 38.933828999670297 ], [ -84.544424999909182, 38.933566000015986 ], [ -84.544511999947829, 38.933428999738055 ], [ -84.544599999811382, 38.933256000146329 ], [ -84.544689000398151, 38.932990999848506 ], [ -84.544864000300336, 38.932109999788601 ], [ -84.544917999828684, 38.931852999894545 ], [ -84.545178999944596, 38.930812000236124 ], [ -84.545204999883879, 38.930537999957032 ], [ -84.545193000188291, 38.930355000349117 ], [ -84.545159999678035, 38.930201000202572 ], [ -84.545097999753764, 38.929983999714388 ], [ -84.544766000391036, 38.928900999925901 ], [ -84.544577000245155, 38.928192999862311 ], [ -84.544434999954944, 38.927535000094807 ], [ -84.544614000055077, 38.927522999672753 ], [ -84.544773000063756, 38.927502000327038 ], [ -84.54542900018987, 38.927386000301411 ], [ -84.546370999647934, 38.927185000229734 ], [ -84.547049000413679, 38.927028000062649 ], [ -84.547680000425444, 38.926808000214315 ], [ -84.548453999654015, 38.926517999752953 ], [ -84.54954099977536, 38.926140999687085 ], [ -84.549991000037153, 38.925990999704339 ], [ -84.550197999726393, 38.925931999819881 ], [ -84.550321999574962, 38.925914000177038 ], [ -84.550485999606479, 38.925909999945212 ], [ -84.550653999835987, 38.92593499999289 ], [ -84.550839999608812, 38.925984000004917 ], [ -84.551347999596928, 38.926141999741816 ], [ -84.551809999554294, 38.926282000276224 ], [ -84.553567999870367, 38.926816999922899 ], [ -84.554619999831601, 38.927149000177621 ], [ -84.55600200040405, 38.927602000317293 ], [ -84.556280000238388, 38.927669999810888 ], [ -84.556826999686251, 38.927747000227541 ], [ -84.557019000205187, 38.927786000070903 ], [ -84.557270000275352, 38.927859000239657 ], [ -84.557974999906946, 38.928079000322718 ], [ -84.558450000283116, 38.928240999687233 ], [ -84.559283999786146, 38.92855799995732 ], [ -84.559718999979324, 38.928734999899682 ], [ -84.559903999927258, 38.928798000317393 ], [ -84.560288000066819, 38.928913000114832 ], [ -84.560411999915374, 38.928966000226048 ], [ -84.560497000304196, 38.929014000226729 ], [ -84.560606000084135, 38.929093999922678 ], [ -84.560777999613265, 38.929285000072333 ], [ -84.560881000443743, 38.929452000217182 ], [ -84.56091900007857, 38.929513999990952 ], [ -84.56098500020083, 38.929621999985912 ], [ -84.561041000277314, 38.929712999744012 ], [ -84.561216000179485, 38.929952999690244 ], [ -84.561271000431077, 38.930028999725245 ], [ -84.561186999867175, 38.930093999690563 ], [ -84.56069999979546, 38.930645999790435 ], [ -84.560494999756045, 38.930892000000675 ], [ -84.56021100007392, 38.931318999777169 ], [ -84.560064999585734, 38.931616000020675 ], [ -84.560042000019521, 38.931676000045911 ], [ -84.560010000232467, 38.931839000254193 ], [ -84.560006999859425, 38.931945000257244 ], [ -84.560016000080239, 38.932104999935468 ], [ -84.560365000059704, 38.932107999847382 ], [ -84.560806999925575, 38.932131999836862 ], [ -84.563727999632675, 38.932343000239008 ], [ -84.563977000053015, 38.932387000184221 ], [ -84.564238999993847, 38.932455999947919 ], [ -84.564659000118397, 38.932522999715047 ], [ -84.564864000157826, 38.932573000031972 ], [ -84.565818000209759, 38.932865000116365 ], [ -84.566859000300354, 38.933287000124409 ], [ -84.567153999853133, 38.933361000175061 ], [ -84.56739599970247, 38.933421000121633 ], [ -84.56777599964407, 38.933533000258883 ], [ -84.568727000221287, 38.933853999722146 ], [ -84.569073999652602, 38.933988000045666 ], [ -84.569461999990125, 38.934219999975866 ], [ -84.569671000227501, 38.934380000112021 ], [ -84.569765999763732, 38.934473999866491 ], [ -84.569958000282682, 38.934729000178592 ], [ -84.570457000049956, 38.935491000037452 ], [ -84.570484999639049, 38.935535000125931 ], [ -84.570812999702099, 38.935994999924169 ], [ -84.571108000153217, 38.936411999925959 ], [ -84.571168000427662, 38.936505999782078 ], [ -84.571400000231264, 38.936862999795203 ], [ -84.57152699955455, 38.936981000197001 ], [ -84.571719999898392, 38.937097999803498 ], [ -84.572447000169632, 38.937457000120467 ], [ -84.572644999638015, 38.93754800030721 ], [ -84.57290900012697, 38.937649999893949 ], [ -84.573248999885607, 38.93775299992371 ], [ -84.573607000085914, 38.937845000319079 ], [ -84.574115000074016, 38.937958000345112 ], [ -84.574398999756141, 38.938010000098679 ], [ -84.574874999957203, 38.938097000031163 ], [ -84.575315000173262, 38.938177999848314 ], [ -84.575475000006819, 38.938223000250154 ], [ -84.575584999611692, 38.938266000157178 ], [ -84.575720000229225, 38.938335999673818 ], [ -84.576542000036682, 38.938858000158959 ], [ -84.577362000194341, 38.939366999912586 ], [ -84.57751899965487, 38.939497000135624 ], [ -84.577661999769987, 38.939658000108302 ], [ -84.577829000174575, 38.939907999944587 ], [ -84.578631999715469, 38.941209000237919 ], [ -84.578785999701253, 38.941441000300429 ], [ -84.578880000310903, 38.941564999793648 ], [ -84.579005999809269, 38.941709999805049 ], [ -84.579226999742232, 38.941936999767023 ], [ -84.579401999644404, 38.942052999750153 ] ] ] ] } },
{ "type": "Feature", "properties": { "mdshnocar": 8.788 }, "geometry": { "type": "MultiPolygon", "coordinates": [ [ [ [ -84.614041999994029, 38.997561000147343 ], [ -84.612916000412952, 38.997401000225835 ], [ -84.612717000221323, 38.997402999720912 ], [ -84.612600999870367, 38.997481000231787 ], [ -84.612526000425618, 38.997514000234098 ], [ -84.612257999738702, 38.997539000162107 ], [ -84.612127000217441, 38.997600999722067 ], [ -84.612037999630658, 38.997640999972404 ], [ -84.611870000299504, 38.997700000213037 ], [ -84.611763000169375, 38.997706999812337 ], [ -84.611671000107862, 38.997731999672219 ], [ -84.611563999977733, 38.997743000333813 ], [ -84.611557000305055, 38.99777499977349 ], [ -84.611527000167811, 38.997792000277144 ], [ -84.611450000174926, 38.997812999743815 ], [ -84.611380999679653, 38.997776000213882 ], [ -84.611343000044798, 38.997743000333813 ], [ -84.611319999580274, 38.997698000028194 ], [ -84.611244000310606, 38.997641999716578 ], [ -84.611091999974633, 38.997648000275689 ], [ -84.610938999813754, 38.997695000099874 ], [ -84.610901000178913, 38.997716000293487 ], [ -84.610855000148163, 38.997714999852249 ], [ -84.610686999918684, 38.997679999758326 ], [ -84.610260000121428, 38.997577000259213 ], [ -84.609936000256326, 38.997421000061252 ], [ -84.609910000317058, 38.997399999780086 ], [ -84.609741000262645, 38.997354999954553 ], [ -84.609650000026065, 38.997335000100428 ], [ -84.609542999895936, 38.997332999905275 ], [ -84.609435999765822, 38.997338999792476 ], [ -84.609345000427524, 38.997355999702719 ], [ -84.609168999802122, 38.997343000182404 ], [ -84.608986000402325, 38.997343999930798 ], [ -84.608665000011968, 38.997360000091746 ], [ -84.608627000377126, 38.9973730003071 ], [ -84.608603000087683, 38.997374999802972 ], [ -84.608475000041167, 38.997329000212943 ], [ -84.608336999948904, 38.997290000233562 ], [ -84.608162000046718, 38.997273000307402 ], [ -84.608048000243897, 38.997234000297162 ], [ -84.60793299971786, 38.997178000316445 ], [ -84.607779999556996, 38.997013000065735 ], [ -84.607756999990769, 38.99691799972571 ], [ -84.607695999891391, 38.996799000229544 ], [ -84.607643000187949, 38.996757999746634 ], [ -84.60753699988274, 38.99672400033284 ], [ -84.607291999660347, 38.996710000240903 ], [ -84.607230999560997, 38.996667999948507 ], [ -84.607155000291328, 38.996566999891328 ], [ -84.606993999734527, 38.996279999958205 ], [ -84.606872000434109, 38.996030000021477 ], [ -84.6068580001904, 38.995976000019674 ], [ -84.606842000296865, 38.995961999779759 ], [ -84.606711999702213, 38.995877999678413 ], [ -84.606689999960906, 38.995882000150971 ], [ -84.606643999930142, 38.99592199997668 ], [ -84.606674999892306, 38.995967000015327 ], [ -84.606667000394694, 38.995985000022827 ], [ -84.606597999899392, 38.996020000256955 ], [ -84.606173999576868, 38.996101000193804 ], [ -84.606126999721212, 38.996110000181062 ], [ -84.605683000205502, 38.996194999771596 ], [ -84.605613999710215, 38.996229999901857 ], [ -84.605458000074606, 38.996270999992568 ], [ -84.605329000203184, 38.996297999886032 ], [ -84.605205000354616, 38.996344999908779 ], [ -84.605154000301013, 38.996403000072057 ], [ -84.604871000443765, 38.996503999665151 ], [ -84.604811000169335, 38.996525999972164 ], [ -84.60447800008339, 38.996658000274159 ], [ -84.604334000143339, 38.996681000291005 ], [ -84.603974000293235, 38.996707000270703 ], [ -84.603821999957276, 38.996704000300369 ], [ -84.603723000223084, 38.996685999777654 ], [ -84.603636000184423, 38.996691999719658 ], [ -84.603560000016444, 38.996733999997808 ], [ -84.603370999870563, 38.996765999893839 ], [ -84.603235000326436, 38.99676899986148 ], [ -84.603086000363518, 38.99676899986148 ], [ -84.602802999608002, 38.996753000265066 ], [ -84.602738000208973, 38.996728999816447 ], [ -84.602600999941629, 38.99672400033284 ], [ -84.602518000100943, 38.996734999754814 ], [ -84.602303000015795, 38.996705000057794 ], [ -84.602091000303687, 38.996693000175412 ], [ -84.601964000082077, 38.996687999991103 ], [ -84.60186199997483, 38.996664000218544 ], [ -84.601729999730338, 38.996650999872926 ], [ -84.601650000262723, 38.996589000178702 ], [ -84.601512999995379, 38.99655599974507 ], [ -84.601447999698038, 38.996514999819489 ], [ -84.601288999689402, 38.996458999967935 ], [ -84.601140999551376, 38.996420000207223 ], [ -84.601119999634975, 38.996429999915208 ], [ -84.601013000403171, 38.996368999789532 ], [ -84.600952000303806, 38.996344999908779 ], [ -84.60080699964054, 38.99626599977843 ], [ -84.600685000340135, 38.996214000183578 ], [ -84.600548000072763, 38.996129999683234 ], [ -84.600449000338557, 38.996086999978615 ], [ -84.600311000246322, 38.996057000006886 ], [ -84.600204000116193, 38.996045999781359 ], [ -84.600075000244743, 38.996012000025416 ], [ -84.599732000113093, 38.995936999992722 ], [ -84.599563000058666, 38.995915999969327 ], [ -84.599388000156495, 38.995885000156107 ], [ -84.599128999690407, 38.995807999750539 ], [ -84.598976000427854, 38.995742000233875 ], [ -84.598716999961766, 38.995651000069444 ], [ -84.598557000128181, 38.995602000039838 ], [ -84.598342999867953, 38.995552999976262 ], [ -84.598174999638459, 38.995503999878807 ], [ -84.597854999971304, 38.995385000099262 ], [ -84.597526000083334, 38.995212000233053 ], [ -84.59741999977814, 38.995172999785041 ], [ -84.597381000318379, 38.995168000191505 ], [ -84.59732400041699, 38.995168999970623 ], [ -84.597290000081799, 38.995171000226946 ], [ -84.597030999615711, 38.995146999939898 ], [ -84.596710000123664, 38.995168000191505 ], [ -84.596625999559748, 38.995162000120274 ], [ -84.596613999864189, 38.995159000084435 ], [ -84.596481999619712, 38.995123000342893 ], [ -84.596389999558212, 38.995089000143544 ], [ -84.596283000326409, 38.995036999683791 ], [ -84.596108000424209, 38.994935000308999 ], [ -84.596062000393459, 38.994888999831019 ], [ -84.596007999966787, 38.994861000314692 ], [ -84.595924000301196, 38.994814000004446 ], [ -84.595900999836658, 38.99480400006815 ], [ -84.595839999737294, 38.994762999825674 ], [ -84.595757999721528, 38.994700000087938 ], [ -84.595710999865858, 38.994674000069011 ], [ -84.595581000169517, 38.994595000167713 ], [ -84.595421000335961, 38.994530999794165 ], [ -84.595397999871409, 38.994514999691745 ], [ -84.595344000343061, 38.994504999713143 ], [ -84.595284000068602, 38.994507999776708 ], [ -84.595238999862744, 38.994509000263285 ], [ -84.595207000075717, 38.994502000347651 ], [ -84.595154000372261, 38.994500999860975 ], [ -84.595001000211383, 38.99447499976894 ], [ -84.594925000043403, 38.994454999799032 ], [ -84.594887000408562, 38.994458999653858 ], [ -84.594704000110454, 38.994433000244534 ], [ -84.594467000283998, 38.994383000279555 ], [ -84.594200000320313, 38.994345999654364 ], [ -84.594056000380249, 38.994316000340888 ], [ -84.593818999655483, 38.994278999680688 ], [ -84.593688999959141, 38.994250000130911 ], [ -84.593642999928392, 38.994249000338804 ], [ -84.593581000004107, 38.994237999832229 ], [ -84.593513000232051, 38.994219000286073 ], [ -84.593329999933943, 38.994187999729469 ], [ -84.593276000405581, 38.994190999806463 ], [ -84.592977999581436, 38.994186000143543 ], [ -84.592866000326765, 38.99418499965234 ], [ -84.59269100042458, 38.994223999946655 ], [ -84.592590999967129, 38.994253999997269 ], [ -84.592476000339417, 38.99431000019743 ], [ -84.592293000041309, 38.994383000279555 ], [ -84.591621999846581, 38.99456699983687 ], [ -84.591487999952278, 38.994591000320625 ], [ -84.591262999821382, 38.994645999769425 ], [ -84.591072000025662, 38.99467799991146 ], [ -84.590728999893997, 38.994710999824569 ], [ -84.590584000129041, 38.994716999934035 ], [ -84.590523000029663, 38.99470699998399 ], [ -84.590338999906663, 38.994697000032573 ], [ -84.590080000338887, 38.994665999685353 ], [ -84.589888999644856, 38.994631000177868 ], [ -84.58980699962909, 38.994622000002508 ], [ -84.589784000062878, 38.994619999730659 ], [ -84.589670000260071, 38.994602000074195 ], [ -84.589440000106279, 38.99456699983687 ], [ -84.589088999578692, 38.994556000077907 ], [ -84.588875000216774, 38.994569000110218 ], [ -84.588477999658423, 38.994560999714693 ], [ -84.58831000032724, 38.994553000016388 ], [ -84.588225999763338, 38.994565000261659 ], [ -84.588103999564609, 38.994535000342886 ], [ -84.588050999861153, 38.994530000006087 ], [ -84.58788299963166, 38.994450000154771 ], [ -84.587835999776004, 38.994411999774826 ], [ -84.587808000186911, 38.99437700014176 ], [ -84.587776000399856, 38.994353000283617 ], [ -84.587776000399856, 38.99431700013205 ], [ -84.587761000331241, 38.994294000045045 ], [ -84.587768000003933, 38.994253000205276 ], [ -84.587761000331241, 38.994240000114871 ], [ -84.587608000170363, 38.994177999704668 ], [ -84.587484000321822, 38.994125999971892 ], [ -84.587343999681408, 38.99415399977903 ], [ -84.587166000304492, 38.99416900016989 ], [ -84.587039999907802, 38.994172000247637 ], [ -84.586998999899919, 38.994173000040831 ], [ -84.586956000242211, 38.994172000247637 ], [ -84.586974999610476, 38.994115000144333 ], [ -84.586960000440172, 38.994096999661238 ], [ -84.586960000440172, 38.99395299982055 ], [ -84.586945000371557, 38.993899000328376 ], [ -84.586930000302942, 38.99387999999302 ], [ -84.586798999883371, 38.993800999903563 ], [ -84.586746000179915, 38.993772999956754 ], [ -84.586578999775355, 38.99371499973244 ], [ -84.586403000048264, 38.99370099974341 ], [ -84.586265999780906, 38.993691000347994 ], [ -84.585870999770677, 38.993620999653167 ], [ -84.58593100004515, 38.993538000066131 ], [ -84.586187000138196, 38.993185999717944 ], [ -84.586332999728057, 38.992980000054807 ], [ -84.58638600032981, 38.992900999658907 ], [ -84.586720000240661, 38.992435000257437 ], [ -84.587044999930683, 38.991984000037981 ], [ -84.587200999566278, 38.991768000001848 ], [ -84.587535000375439, 38.991269999850267 ], [ -84.587730000369106, 38.990980999704774 ], [ -84.588948000011712, 38.989174000091026 ], [ -84.589450000152027, 38.988615999886498 ], [ -84.589706000245073, 38.988105000080019 ], [ -84.589876000124377, 38.987860999885015 ], [ -84.5899339998507, 38.987762000292875 ], [ -84.589952000292357, 38.98772600027992 ], [ -84.590018000414616, 38.987551000072465 ], [ -84.590157000331786, 38.987280000230115 ], [ -84.590303999746553, 38.986883999875332 ], [ -84.590444000386967, 38.986388999982367 ], [ -84.590466000128274, 38.986310999814748 ], [ -84.5905959998246, 38.985617999949589 ], [ -84.590631999809617, 38.985156999682395 ], [ -84.590636999832498, 38.984592999663526 ], [ -84.590636999832498, 38.984519000028321 ], [ -84.590649000426367, 38.9835490002814 ], [ -84.590667999794633, 38.982078000061122 ], [ -84.590692999908981, 38.981380000089409 ], [ -84.590717000198438, 38.98095700010029 ], [ -84.590831000001245, 38.980420999794084 ], [ -84.590881000229956, 38.980112000213879 ], [ -84.591032999667618, 38.979545999808735 ], [ -84.591239000430264, 38.978918999965487 ], [ -84.591708999885228, 38.977975000188678 ], [ -84.59221900042148, 38.977090999696067 ], [ -84.592604000385933, 38.977226000027869 ], [ -84.593002999695798, 38.977329999844173 ], [ -84.59319699986456, 38.977382000044202 ], [ -84.594274999765076, 38.977328999813075 ], [ -84.594401999986658, 38.977322000293455 ], [ -84.594924000218469, 38.977291000018248 ], [ -84.59551300039746, 38.97727200011316 ], [ -84.595694999972338, 38.977257999665291 ], [ -84.59581299997312, 38.97724800004201 ], [ -84.595896999638697, 38.977231000190393 ], [ -84.596001000294081, 38.977197999809469 ], [ -84.596951999972987, 38.977152999709709 ], [ -84.597742999818323, 38.977100000005549 ], [ -84.598066999683411, 38.977061000052942 ], [ -84.598259000202361, 38.977046000226622 ], [ -84.598362000134529, 38.977051999738507 ], [ -84.599235999820522, 38.976987000227119 ], [ -84.600016999620124, 38.976930000251912 ], [ -84.600564999791217, 38.976900999879369 ], [ -84.600948000105845, 38.976872000193318 ], [ -84.601216999719369, 38.976873000230825 ], [ -84.601682999874697, 38.976814000087181 ], [ -84.602472000070193, 38.976761000129294 ], [ -84.60285799985958, 38.976726000148538 ], [ -84.603556999643402, 38.976683999869429 ], [ -84.603833999652849, 38.976676000245781 ], [ -84.604406999938291, 38.976675000205447 ], [ -84.604977999675583, 38.976694000270719 ], [ -84.605600000364831, 38.976736999884999 ], [ -84.605944000321429, 38.976781000210337 ], [ -84.606147999637614, 38.976806999818336 ], [ -84.60642100034741, 38.976828999962649 ], [ -84.60723700030708, 38.97695999995053 ], [ -84.607509000293646, 38.977005000172994 ], [ -84.60764700038591, 38.97702900032651 ], [ -84.608466999645245, 38.977232000222884 ], [ -84.608827000393674, 38.977328999813075 ], [ -84.609131000167281, 38.977431000117157 ], [ -84.609322999787892, 38.977489999746723 ], [ -84.60974399973739, 38.97760700022792 ], [ -84.61013999957251, 38.977757999978238 ], [ -84.611029000225443, 38.978051999743073 ], [ -84.611076000081113, 38.978068000075275 ], [ -84.611290000341356, 38.978139000109259 ], [ -84.611774999864934, 38.978301000313621 ], [ -84.611794999956416, 38.978468000222527 ], [ -84.611896000238758, 38.979269000026882 ], [ -84.612138000088095, 38.981331999930504 ], [ -84.612164000027349, 38.981554000218011 ], [ -84.612184000118859, 38.98171800022871 ], [ -84.612194999989512, 38.981814999958303 ], [ -84.61228399967797, 38.982581999684072 ], [ -84.612379000112526, 38.983364000066004 ], [ -84.612396999655857, 38.983527000130124 ], [ -84.612426999793087, 38.983766000201122 ], [ -84.612668999642437, 38.985748999736799 ], [ -84.612677999863251, 38.985825000003246 ], [ -84.612740999612441, 38.986338000016794 ], [ -84.612868999658971, 38.987383999941891 ], [ -84.612881000252855, 38.987479999701357 ], [ -84.612884999552492, 38.987508999930398 ], [ -84.613012999599022, 38.988562999685882 ], [ -84.613410999982264, 38.991805999706898 ], [ -84.613476000279604, 38.992341999693458 ], [ -84.613534000005913, 38.992818999737977 ], [ -84.613619000394735, 38.993510999817822 ], [ -84.613625000242521, 38.993563999804266 ], [ -84.614114999788967, 38.997570999694034 ], [ -84.614041999994029, 38.997561000147343 ] ] ] ] } },
{ "type": "Feature", "properties": { "mdshnocar": 3.39 }, "geometry": { "type": "MultiPolygon", "coordinates": [ [ [ [ -84.596474999947006, 38.969953999685153 ], [ -84.596117999571632, 38.970469999838755 ], [ -84.595788999683677, 38.970948000018886 ], [ -84.595332999574083, 38.971597000273817 ], [ -84.594774000430661, 38.972394999974867 ], [ -84.594714000156216, 38.972494000103751 ], [ -84.594590000307647, 38.972703999707491 ], [ -84.594461000436212, 38.972886999652538 ], [ -84.594104000060838, 38.973478000252875 ], [ -84.593636000255685, 38.974316999948243 ], [ -84.59327499968235, 38.975044000155854 ], [ -84.593241000245499, 38.975128999903198 ], [ -84.593185000168987, 38.975272000266756 ], [ -84.593160999879544, 38.975320000343586 ], [ -84.592955999840115, 38.975748000055837 ], [ -84.592915999657151, 38.975832000302695 ], [ -84.592666000310217, 38.976247999857051 ], [ -84.59221900042148, 38.977090999696067 ], [ -84.591708999885228, 38.977975000188678 ], [ -84.591239000430264, 38.978918999965487 ], [ -84.591032999667618, 38.979545999808735 ], [ -84.590881000229956, 38.980112000213879 ], [ -84.590831000001245, 38.980420999794084 ], [ -84.590717000198438, 38.98095700010029 ], [ -84.590692999908981, 38.981380000089409 ], [ -84.590667999794633, 38.982078000061122 ], [ -84.590649000426367, 38.9835490002814 ], [ -84.590636999832498, 38.984519000028321 ], [ -84.590636999832498, 38.984592999663526 ], [ -84.590631999809617, 38.985156999682395 ], [ -84.5905959998246, 38.985617999949589 ], [ -84.590466000128274, 38.986310999814748 ], [ -84.590444000386967, 38.986388999982367 ], [ -84.590303999746553, 38.986883999875332 ], [ -84.590157000331786, 38.987280000230115 ], [ -84.590018000414616, 38.987551000072465 ], [ -84.589952000292357, 38.98772600027992 ], [ -84.5899339998507, 38.987762000292875 ], [ -84.589876000124377, 38.987860999885015 ], [ -84.589706000245073, 38.988105000080019 ], [ -84.589450000152027, 38.988615999886498 ], [ -84.588948000011712, 38.989174000091026 ], [ -84.587730000369106, 38.990980999704774 ], [ -84.587535000375439, 38.991269999850267 ], [ -84.587200999566278, 38.991768000001848 ], [ -84.587044999930683, 38.991984000037981 ], [ -84.586720000240661, 38.992435000257437 ], [ -84.58638600032981, 38.992900999658907 ], [ -84.586332999728057, 38.992980000054807 ], [ -84.586187000138196, 38.993185999717944 ], [ -84.58593100004515, 38.993538000066131 ], [ -84.585870999770677, 38.993620999653167 ], [ -84.585479000133518, 38.993552999889353 ], [ -84.585365000330711, 38.99354100017068 ], [ -84.585052000336262, 38.993489999772649 ], [ -84.584869000038168, 38.993441000341342 ], [ -84.584740000166732, 38.993428999905476 ], [ -84.584633000036604, 38.993435999927236 ], [ -84.584607999922255, 38.993432999818239 ], [ -84.584524000256664, 38.993421999883019 ], [ -84.584434999669895, 38.99340499972584 ], [ -84.584175000277213, 38.993403999921803 ], [ -84.58391499998622, 38.993417000165778 ], [ -84.583657000243363, 38.993384000347412 ], [ -84.583519000151085, 38.993377000320507 ], [ -84.58332800035538, 38.993328000112712 ], [ -84.583167999623498, 38.993266000299919 ], [ -84.582909000055722, 38.993238000141446 ], [ -84.582839999560434, 38.993245999988339 ], [ -84.582725999757614, 38.993238999947792 ], [ -84.582657000160651, 38.993268999717799 ], [ -84.582451000296317, 38.993385999955997 ], [ -84.582375000128351, 38.993434000320015 ], [ -84.582328000272682, 38.993453000076975 ], [ -84.582298000135438, 38.993478000043282 ], [ -84.582154000195402, 38.993552000087455 ], [ -84.581810000238818, 38.993755999883895 ], [ -84.581799000368164, 38.993765000169383 ], [ -84.581679999644166, 38.993866000036633 ], [ -84.581611999872095, 38.993910000189508 ], [ -84.581428999573987, 38.994009000258892 ], [ -84.581383000441548, 38.994043000278943 ], [ -84.581337000410798, 38.994079999666205 ], [ -84.581307000273569, 38.99411999981227 ], [ -84.581267999915511, 38.994149999907016 ], [ -84.581252999846896, 38.994186000143543 ], [ -84.581222999709667, 38.994216000210265 ], [ -84.581191999747531, 38.994239000322622 ], [ -84.580955999745981, 38.99432400006598 ], [ -84.580897000194739, 38.994335999651888 ], [ -84.580565999758633, 38.994378999722286 ], [ -84.580506000382485, 38.994374000072654 ], [ -84.580405999925077, 38.994371000003412 ], [ -84.580283999726333, 38.994354999864825 ], [ -84.580040000227172, 38.994300999981249 ], [ -84.579979000127821, 38.994294999836455 ], [ -84.579871999997692, 38.994270000158757 ], [ -84.579863999601756, 38.994243000189655 ], [ -84.579819000294236, 38.994210000058324 ], [ -84.579734999730334, 38.994194999676154 ], [ -84.579696000270587, 38.994180999782088 ], [ -84.579543999934629, 38.994159999935775 ], [ -84.57938999994883, 38.994125999971892 ], [ -84.579323000001679, 38.994113999652178 ], [ -84.579276999970929, 38.99409500007274 ], [ -84.579162000343203, 38.994071000118957 ], [ -84.579071000106609, 38.994064000160016 ], [ -84.578948999907865, 38.994034999823945 ], [ -84.57891799994573, 38.994010999849813 ], [ -84.5788729997399, 38.99399200024272 ], [ -84.578780999678386, 38.993982000190229 ], [ -84.57868199994418, 38.993997999714956 ], [ -84.578452999615322, 38.993942999762552 ], [ -84.57828500028414, 38.99386800032979 ], [ -84.578101999986032, 38.993759999778177 ], [ -84.578117999879581, 38.993814999872811 ], [ -84.578055999955282, 38.993772999956754 ], [ -84.57804900028259, 38.993755000084811 ], [ -84.577980999612222, 38.993703999841053 ], [ -84.577903999619338, 38.993639000257339 ], [ -84.577805999710023, 38.993523000239776 ], [ -84.577697999755003, 38.993409000338154 ], [ -84.577522999852818, 38.993245000182107 ], [ -84.577476999822053, 38.993206999853314 ], [ -84.57741999992065, 38.993119000042448 ], [ -84.577384999760568, 38.993052000303472 ], [ -84.577331000232206, 38.99298300018301 ], [ -84.577262999561825, 38.992913999995224 ], [ -84.577205999660407, 38.992887000206998 ], [ -84.577034000131277, 38.992832999901488 ], [ -84.576949999567375, 38.992798999998286 ], [ -84.576835999764569, 38.992783000202436 ], [ -84.57680499980242, 38.992773999792057 ], [ -84.576752000098978, 38.992776999928992 ], [ -84.576728999634454, 38.992795000049632 ], [ -84.576706000068228, 38.992798999998286 ], [ -84.576500000203893, 38.992731000142875 ], [ -84.576347000043029, 38.992687999769295 ], [ -84.575972999949215, 38.992535999928194 ], [ -84.575912999674728, 38.992498999733712 ], [ -84.575866999643978, 38.99246099970258 ], [ -84.575820999613242, 38.992405999952041 ], [ -84.575789999651093, 38.992337999719027 ], [ -84.575760000412188, 38.992301999938867 ], [ -84.575730000274959, 38.992282999872913 ], [ -84.575690999916887, 38.992227999984102 ], [ -84.57565300028206, 38.992200000113115 ], [ -84.575638000213445, 38.9921770000363 ], [ -84.575638000213445, 38.99211000010375 ], [ -84.575610999550946, 38.992105000293826 ], [ -84.575553999649543, 38.992094999974697 ], [ -84.575469999983966, 38.992087999820299 ], [ -84.575386000318375, 38.992072999686563 ], [ -84.575271999617243, 38.992098000140416 ], [ -84.575058000255311, 38.992075000030397 ], [ -84.574866999561294, 38.9920940001522 ], [ -84.574813999857838, 38.992102000128398 ], [ -84.574623000062132, 38.992196999951773 ], [ -84.574509000259312, 38.992235000124658 ], [ -84.57442499969541, 38.992274000097161 ], [ -84.574387000060582, 38.992282000053073 ], [ -84.574264999861839, 38.992289000188279 ], [ -84.574050999601596, 38.992328999950274 ], [ -84.573890999768025, 38.992371000025067 ], [ -84.573868000201813, 38.992360999743575 ], [ -84.573822000171049, 38.992368999689596 ], [ -84.573761000071684, 38.992390999885714 ], [ -84.573631000375343, 38.992391999704068 ], [ -84.573585000344593, 38.992401000163021 ], [ -84.573364000411644, 38.992494999768162 ], [ -84.573082000379344, 38.992646999697321 ], [ -84.573007000036284, 38.992680999673546 ], [ -84.572906999578848, 38.992732999769906 ], [ -84.572723000354145, 38.99283799965999 ], [ -84.572639999615149, 38.992902999979329 ], [ -84.572607999828108, 38.992998000123862 ], [ -84.572593999584399, 38.993024000060338 ], [ -84.572579000414109, 38.993054999730425 ], [ -84.572590000284748, 38.993069999656015 ], [ -84.572562999622264, 38.993090999825768 ], [ -84.572509999918807, 38.993108000058371 ], [ -84.572417999857308, 38.993123999780742 ], [ -84.572340000039503, 38.99313099983268 ], [ -84.572227000061602, 38.993147000248008 ], [ -84.572006000128653, 38.993165000274594 ], [ -84.571799000439427, 38.993159000033486 ], [ -84.57173199959395, 38.993155000105233 ], [ -84.571615000316413, 38.993161000346625 ], [ -84.571251000268347, 38.993162999961555 ], [ -84.570792999610617, 38.993188999837407 ], [ -84.570641000172969, 38.993221999746645 ], [ -84.570534000042841, 38.993202000120888 ], [ -84.570426999912726, 38.993203999734604 ], [ -84.570319999782598, 38.993238000141446 ], [ -84.57031300010992, 38.993256000144832 ], [ -84.570334999851227, 38.9932740001437 ], [ -84.57019099991119, 38.993297999669558 ], [ -84.569831999885977, 38.993317999966443 ], [ -84.569693999793714, 38.993314999852444 ], [ -84.569472999860778, 38.993332999836241 ], [ -84.56933599959342, 38.993317000161177 ], [ -84.569257999775616, 38.993318999771652 ], [ -84.569091000269353, 38.993307000013296 ], [ -84.569015999926279, 38.993282999792285 ], [ -84.568726000396367, 38.993235999830482 ], [ -84.568671999969709, 38.993225999671154 ], [ -84.568503999740216, 38.993177999864265 ], [ -84.568466000105374, 38.993172000322467 ], [ -84.56845100003676, 38.99318099998402 ], [ -84.568427999572222, 38.993172000322467 ], [ -84.568291000203189, 38.993187000223259 ], [ -84.568054000376733, 38.993163999768953 ], [ -84.567941000398818, 38.993161000346625 ], [ -84.567886000147226, 38.993159999840984 ], [ -84.567833000443798, 38.993163999768953 ], [ -84.567794999910646, 38.993176000249754 ], [ -84.567758999925644, 38.993176000249754 ], [ -84.567727000138589, 38.993176000249754 ], [ -84.567626999681153, 38.993177000057017 ], [ -84.567589000046326, 38.993167999696745 ], [ -84.567533999794733, 38.993166999889354 ], [ -84.567450999954062, 38.993165000274594 ], [ -84.567393000227725, 38.993161000346625 ], [ -84.567359999717468, 38.993158000226018 ], [ -84.567276000051862, 38.993143000319073 ], [ -84.567122999890998, 38.993152999791917 ], [ -84.566910000353985, 38.993184999910859 ], [ -84.566879000391836, 38.99318400010371 ], [ -84.566840999858684, 38.993170000009641 ], [ -84.566665999956513, 38.993152999791917 ], [ -84.566626999598441, 38.993174999744326 ], [ -84.566543999757769, 38.993177000057017 ], [ -84.566414000061442, 38.993170000009641 ], [ -84.566337999893449, 38.993159000033486 ], [ -84.566203999999146, 38.993118000234368 ], [ -84.566195999603224, 38.993107000250184 ], [ -84.566177000234973, 38.993065999722745 ], [ -84.566153999770435, 38.992943999903005 ], [ -84.56613899970182, 38.992831000277228 ], [ -84.566145000447918, 38.992795000049632 ], [ -84.566153999770435, 38.992746000137089 ], [ -84.566154999595341, 38.992674000275315 ], [ -84.566208000197108, 38.992363999897961 ], [ -84.566208000197108, 38.992286999850492 ], [ -84.566245999831935, 38.992193999790246 ], [ -84.566269000296472, 38.992166999727345 ], [ -84.566597000359536, 38.99198899985651 ], [ -84.566672999629191, 38.991923000269132 ], [ -84.566749999622104, 38.99181200006273 ], [ -84.56703199965439, 38.9915340002661 ], [ -84.567123999715918, 38.991454999652539 ], [ -84.567252999587339, 38.991362999728288 ], [ -84.567352000219856, 38.991265999815255 ], [ -84.56744400028137, 38.991244999802213 ], [ -84.567527999946947, 38.991171000138664 ], [ -84.567589000046326, 38.99104099974992 ], [ -84.5675870003965, 38.991022000043706 ], [ -84.567580999650403, 38.990896999975078 ], [ -84.56755800008419, 38.990841999707364 ], [ -84.567551000411484, 38.990778999970246 ], [ -84.56755800008419, 38.990685000180676 ], [ -84.567580999650403, 38.990591000266271 ], [ -84.567519999551024, 38.990516999918995 ], [ -84.567580999650403, 38.99032900021728 ], [ -84.567693999628304, 38.990232000283612 ], [ -84.567818000375183, 38.990127000018404 ], [ -84.567917000109389, 38.990080000055329 ], [ -84.567984999881432, 38.990022000295632 ], [ -84.568054000376733, 38.989943000089028 ], [ -84.568085000338868, 38.989934000015673 ], [ -84.568175999677138, 38.989877999844062 ], [ -84.568160999608537, 38.989840999656494 ], [ -84.568045999980811, 38.989645000000799 ], [ -84.568000999774966, 38.989550000243163 ], [ -84.567932000177976, 38.989481000199596 ], [ -84.567902000040775, 38.989462000074624 ], [ -84.567847999614074, 38.989464999653713 ], [ -84.567833000443798, 38.989501000178663 ], [ -84.56769600017644, 38.989353999781713 ], [ -84.567595999719018, 38.989266999930166 ], [ -84.567551000411484, 38.989201999762649 ], [ -84.56750500038072, 38.98917900010801 ], [ -84.567322000082626, 38.989129999786677 ], [ -84.567116000218306, 38.989026999713154 ], [ -84.566995999669402, 38.988976000251697 ], [ -84.56692299987445, 38.988939000290799 ], [ -84.566901999958048, 38.988927999657108 ], [ -84.566727000055877, 38.988929000222576 ], [ -84.566497999727019, 38.988950000224584 ], [ -84.566421999559026, 38.988962999890212 ], [ -84.566337999893449, 38.988992000209933 ], [ -84.566291999862685, 38.989000999704764 ], [ -84.56607099992975, 38.989108999838109 ], [ -84.565757999935329, 38.989219000231159 ], [ -84.565604999774436, 38.989296999987353 ], [ -84.565543999675072, 38.989336000182355 ], [ -84.565490999971615, 38.989397999946775 ], [ -84.565376000343903, 38.989453999799956 ], [ -84.565215999612008, 38.989522999869862 ], [ -84.564727999715373, 38.989698000089469 ], [ -84.564659000118397, 38.989713999884501 ], [ -84.564514000353455, 38.989693000109156 ], [ -84.564460999751688, 38.989706000336554 ], [ -84.564353999621559, 38.989756999970254 ], [ -84.564269999955982, 38.989809999975066 ], [ -84.564208999856604, 38.989834999831814 ], [ -84.564071999589245, 38.989828000152116 ], [ -84.563972000030134, 38.989839999802101 ], [ -84.563874000120862, 38.989882999811314 ], [ -84.563844999808524, 38.989906999788836 ], [ -84.56350599987482, 38.989987999740251 ], [ -84.563180000359893, 38.989948000051683 ], [ -84.561203999585615, 38.989756000114681 ], [ -84.561035000429527, 38.989707000192837 ], [ -84.560379000303399, 38.989462999934346 ], [ -84.560305999610165, 38.989436000226029 ], [ -84.558462999803595, 38.98846899974626 ], [ -84.55805000025002, 38.988310000091602 ], [ -84.557193000282467, 38.987936999978743 ], [ -84.555489000393067, 38.987593000189655 ], [ -84.553690999894002, 38.987299000242601 ], [ -84.55165100044394, 38.987806999934236 ], [ -84.551366999863504, 38.988007999891472 ], [ -84.550923000347794, 38.988321000123136 ], [ -84.549713000202814, 38.989175999818556 ], [ -84.549704999806892, 38.989203000324238 ], [ -84.549683000065571, 38.989225000108057 ], [ -84.54966700017205, 38.989256000045643 ], [ -84.549628999638912, 38.989281999960347 ], [ -84.549606999897605, 38.98932200002529 ], [ -84.5496210001413, 38.989336000182355 ], [ -84.549613999570283, 38.989358999785985 ], [ -84.549599000399979, 38.989372000074724 ], [ -84.549582999608162, 38.989407000088278 ], [ -84.549560999866841, 38.98939299994526 ], [ -84.549560000041936, 38.989362000067679 ], [ -84.549346999606598, 38.989520000293219 ], [ -84.549278000009622, 38.98958100003847 ], [ -84.549300999575848, 38.989612999677746 ], [ -84.549293000078237, 38.989640000016728 ], [ -84.549240000374809, 38.989653000253867 ], [ -84.549201999841657, 38.989683000147451 ], [ -84.549072000145316, 38.989747999873302 ], [ -84.54894200044896, 38.9898309997157 ], [ -84.548873999778593, 38.989848000033135 ], [ -84.548781999717079, 38.989900000116265 ], [ -84.548713999945008, 38.989984000330971 ], [ -84.548676000310181, 38.989991999847497 ], [ -84.548400999950573, 38.99010800006679 ], [ -84.548125999590951, 38.990233000132413 ], [ -84.548087999956124, 38.990244999713781 ], [ -84.548011999788145, 38.990284000084614 ], [ -84.547959000084688, 38.990301000293243 ], [ -84.547912000229019, 38.990326999824099 ], [ -84.547843999558665, 38.990353000043569 ], [ -84.547722000258233, 38.990376999861773 ], [ -84.547637999694331, 38.990403000062877 ], [ -84.547547000356033, 38.990422999781416 ], [ -84.547477999860746, 38.990457999973493 ], [ -84.547394000195169, 38.990492000303092 ], [ -84.547348000164419, 38.990517999763775 ], [ -84.547179999934912, 38.990591000266271 ], [ -84.547097000094254, 38.990653000327832 ], [ -84.547073999629717, 38.990693000316199 ], [ -84.546928000039841, 38.990792999839123 ], [ -84.546844000374278, 38.990853999883669 ], [ -84.546760999635268, 38.990937999664396 ], [ -84.546681000167638, 38.99100099995821 ], [ -84.546652999680248, 38.991030999978669 ], [ -84.546624000266235, 38.991087999773015 ], [ -84.546547000273335, 38.991159000016104 ], [ -84.546416999678684, 38.991246000334911 ], [ -84.546372000371164, 38.991290999855941 ], [ -84.546318999769397, 38.991386999902183 ], [ -84.546287999807248, 38.991451000326144 ], [ -84.54626400041613, 38.99149499988583 ], [ -84.546226999707898, 38.991543999966282 ], [ -84.546204000141671, 38.991579000302231 ], [ -84.546189000073056, 38.991601999875215 ], [ -84.546134999646384, 38.991703999864541 ], [ -84.546112000080157, 38.991772000008538 ], [ -84.546081999942942, 38.991816000066876 ], [ -84.546081000118022, 38.991860999923709 ], [ -84.546097000011557, 38.991888000103359 ], [ -84.546119999577769, 38.991907000275297 ], [ -84.546180999677119, 38.991916999922786 ], [ -84.546234000278886, 38.991940999908813 ], [ -84.54626400041613, 38.991996000020706 ], [ -84.546256999845113, 38.992035999948243 ], [ -84.546241999776498, 38.992063000061123 ], [ -84.546173000179522, 38.992250000224047 ], [ -84.54608899961562, 38.992351999977686 ], [ -84.545937000177986, 38.992555999742216 ], [ -84.545830000047857, 38.992640000295722 ], [ -84.545691999955594, 38.992780999878605 ], [ -84.545578000152773, 38.992932000081069 ], [ -84.545524999551006, 38.992984999802921 ], [ -84.545402000425682, 38.993140000197656 ], [ -84.545219999952494, 38.993307000013296 ], [ -84.545035999829466, 38.993605000043203 ], [ -84.544884000391832, 38.993782000240088 ], [ -84.544823000292453, 38.993825999747003 ], [ -84.544723999659936, 38.993941000169698 ], [ -84.544593999963595, 38.994081999953309 ], [ -84.544543999734884, 38.994143999749426 ], [ -84.544510000298004, 38.994187999729469 ], [ -84.54444900019864, 38.994219000286073 ], [ -84.544318999603988, 38.99432400006598 ], [ -84.544243000334319, 38.994350000213487 ], [ -84.543959999578789, 38.994353000283617 ], [ -84.543633000238941, 38.994354999864825 ], [ -84.543557000070962, 38.994348999724657 ], [ -84.543495000146692, 38.994334000070154 ], [ -84.543319000419601, 38.994234999757225 ], [ -84.543235999680604, 38.994170999756292 ], [ -84.54314399961909, 38.994088000116164 ], [ -84.543007000250057, 38.993968000254014 ], [ -84.54298399978552, 38.99395800019812 ], [ -84.542885000051314, 38.993969999846094 ], [ -84.542823999951963, 38.993986000071729 ], [ -84.542731999890449, 38.994037999907427 ], [ -84.542640999653855, 38.994139999876857 ], [ -84.542526000026129, 38.994240999907099 ], [ -84.542437000337657, 38.994311999779839 ], [ -84.542312999590777, 38.994398999713667 ], [ -84.542243999993815, 38.994437999889996 ], [ -84.542145000259609, 38.994526000155268 ], [ -84.541953999565592, 38.99476500009348 ], [ -84.54193099999938, 38.994819000321179 ], [ -84.541869999900001, 38.994890000312218 ], [ -84.541824999694171, 38.994978999797233 ], [ -84.541832000265174, 38.995051000106713 ], [ -84.541808999800622, 38.995096000001112 ], [ -84.541722999586909, 38.995144999682893 ], [ -84.541686999601893, 38.995165000155922 ], [ -84.541587999867701, 38.995235000021701 ], [ -84.541526999768337, 38.995238000054307 ], [ -84.541320999904002, 38.995201999654768 ], [ -84.541253999956851, 38.99520399991016 ], [ -84.541294000139828, 38.99527900002154 ], [ -84.541373999607458, 38.995434000279175 ], [ -84.541546999859804, 38.995886999694072 ], [ -84.541099000146161, 38.995883999688978 ], [ -84.540818999763673, 38.995874999672978 ], [ -84.540130000025599, 38.995882999919964 ], [ -84.540053999857605, 38.995888000161159 ], [ -84.539930000009051, 38.995909000192867 ], [ -84.539844999620229, 38.995933999989745 ], [ -84.53970700042629, 38.995999000258188 ], [ -84.539503000211781, 38.996078999754708 ], [ -84.539381000013051, 38.996098000197783 ], [ -84.539172999600595, 38.996086999978615 ], [ -84.539083000087231, 38.996086000212522 ], [ -84.538926999553297, 38.996086000212522 ], [ -84.538831000192147, 38.996084999748192 ], [ -84.53827299997532, 38.996045000014625 ], [ -84.538020000255315, 38.996014000257915 ], [ -84.537812999667779, 38.995981000254247 ], [ -84.537669999552648, 38.995852999861739 ], [ -84.537535999658346, 38.995713999658683 ], [ -84.537433999551084, 38.995624999701747 ], [ -84.537088999769594, 38.995379999822575 ], [ -84.536749999835891, 38.995165999935089 ], [ -84.536568000260999, 38.995096999781197 ], [ -84.536440000214469, 38.995092999962488 ], [ -84.536313999817779, 38.995125999682067 ], [ -84.536133999892726, 38.995206999944081 ], [ -84.535922000180619, 38.995289999668174 ], [ -84.535900000439312, 38.99525499977117 ], [ -84.535749999753179, 38.995006999965057 ], [ -84.535604000163303, 38.99475699972011 ], [ -84.535460000223253, 38.994506000199834 ], [ -84.535322000131004, 38.994253000205276 ], [ -84.535198000282435, 38.993996999919339 ], [ -84.535091999977226, 38.993734999911482 ], [ -84.535004999938593, 38.993468999721301 ], [ -84.534927999945708, 38.993199999808844 ], [ -84.534876000067158, 38.993002999870711 ], [ -84.534856999800596, 38.992931000270346 ], [ -84.534847999579753, 38.992890000339138 ], [ -84.534797000424433, 38.992660999894902 ], [ -84.534747000195736, 38.99238900024902 ], [ -84.534706000187853, 38.992115999735589 ], [ -84.534679000423679, 38.991841999739364 ], [ -84.534655999959142, 38.99152899971731 ], [ -84.534645000088489, 38.991494000054857 ], [ -84.534522999889745, 38.99133100018198 ], [ -84.53464900028645, 38.991335000213311 ], [ -84.534610999753284, 38.990173000100533 ], [ -84.534606999555336, 38.990047000077489 ], [ -84.534605999730417, 38.990005000019977 ], [ -84.534563999897628, 38.989203000324238 ], [ -84.53455399985188, 38.98899700023977 ], [ -84.534543999806132, 38.988814000034679 ], [ -84.534518999691798, 38.988356999833485 ], [ -84.534511000194186, 38.988219000146145 ], [ -84.534486999904729, 38.987780000292553 ], [ -84.53447400038425, 38.987545000053721 ], [ -84.534465999988328, 38.987391999752255 ], [ -84.534456999767499, 38.987215000332661 ], [ -84.534456999767499, 38.987199999864444 ], [ -84.534452999569538, 38.987128999839484 ], [ -84.534425999805364, 38.986643000057946 ], [ -84.534424999980459, 38.986632999665346 ], [ -84.534497999775382, 38.986623999869387 ], [ -84.534542999981227, 38.986617999772072 ], [ -84.534987000395247, 38.986589999776577 ], [ -84.535259000381814, 38.986573000073122 ], [ -84.535524999622268, 38.986551000163324 ], [ -84.535557000307634, 38.986531999950131 ], [ -84.535692000026856, 38.986459000149189 ], [ -84.536054000425096, 38.986243000010283 ], [ -84.536668999645016, 38.985801000038173 ], [ -84.537637999765593, 38.985109999910662 ], [ -84.537845000353144, 38.984980000260592 ], [ -84.538447000052599, 38.984663000209736 ], [ -84.538672000183482, 38.984513999682164 ], [ -84.538991000025703, 38.984258999715422 ], [ -84.539176999798556, 38.984087999757229 ], [ -84.539253999791441, 38.983998999844211 ], [ -84.53937599999017, 38.983815000045894 ], [ -84.539452000158164, 38.983649000121083 ], [ -84.539564000311145, 38.983234999950504 ], [ -84.53961199999172, 38.98302300025162 ], [ -84.539858999863952, 38.982029999677167 ], [ -84.539970000192014, 38.98162900012953 ], [ -84.540146999744024, 38.981049000281594 ], [ -84.540172999683293, 38.980964999938628 ], [ -84.540325999844171, 38.98054100027769 ], [ -84.540354000331575, 38.980474999792484 ], [ -84.540436000347341, 38.980282000009673 ], [ -84.540863999969517, 38.980390000177294 ], [ -84.541104999993948, 38.980440000250823 ], [ -84.541368999584577, 38.980480999712178 ], [ -84.541580000370089, 38.980494000234721 ], [ -84.541751000074328, 38.980481999698704 ], [ -84.541953999565592, 38.980451000108623 ], [ -84.542213999856585, 38.980380000297984 ], [ -84.542494000239074, 38.980266000177757 ], [ -84.5427009999283, 38.980154999847528 ], [ -84.542856999563909, 38.980049000005138 ], [ -84.542998999854134, 38.979907000204776 ], [ -84.543199999695588, 38.979621999751068 ], [ -84.543263000343089, 38.979469999784875 ], [ -84.543326999917198, 38.979214999807056 ], [ -84.543449999940847, 38.97859999998478 ], [ -84.543574999614322, 38.978241999963082 ], [ -84.543776000354086, 38.977834999768604 ], [ -84.543941000210523, 38.977586999681868 ], [ -84.544087999625305, 38.977401999949798 ], [ -84.544244000159225, 38.977222999930177 ], [ -84.544485000183656, 38.976997999922986 ], [ -84.544696000070843, 38.976821999695289 ], [ -84.544752000147355, 38.976776000015981 ], [ -84.544943999767966, 38.976645999728476 ], [ -84.545604000092055, 38.976210000180501 ], [ -84.545857999636937, 38.976055999775461 ], [ -84.546112999905077, 38.975928999715549 ], [ -84.547000000009874, 38.975529999948037 ], [ -84.547217999569753, 38.975452999746338 ], [ -84.547784000182503, 38.975278999989015 ], [ -84.548087999956124, 38.975199000029342 ], [ -84.549119000000971, 38.97498000026232 ], [ -84.549281000382678, 38.974961999801764 ], [ -84.549476000376345, 38.97496600005968 ], [ -84.549630000362143, 38.974989000141768 ], [ -84.549723000248548, 38.975014999709323 ], [ -84.549849999571848, 38.975065000086488 ], [ -84.550001000082901, 38.975148999746786 ], [ -84.550102000365243, 38.975204999697716 ], [ -84.550536999660096, 38.975496000114184 ], [ -84.55103999962536, 38.975840000021684 ], [ -84.551249999687613, 38.975967000241262 ], [ -84.551847000262512, 38.97627699979865 ], [ -84.552873000284507, 38.976728000227695 ], [ -84.553152999768656, 38.976834000153261 ], [ -84.553298000431923, 38.976871000155761 ], [ -84.553656999558825, 38.97693599977363 ], [ -84.553997000215759, 38.977051999738507 ], [ -84.55466199966439, 38.977323999657472 ], [ -84.55485300035842, 38.977389000256203 ], [ -84.555417000423034, 38.977528000133113 ], [ -84.555587000302339, 38.977585999654394 ], [ -84.555730000417469, 38.977646999906376 ], [ -84.556409999934729, 38.978014000336238 ], [ -84.55646000016344, 38.978042000231923 ], [ -84.557558000155439, 38.978611000128424 ], [ -84.557872999799713, 38.978767999897585 ], [ -84.558278999680567, 38.978946000193439 ], [ -84.558549000017322, 38.979050000276828 ], [ -84.558832999699433, 38.979149000180783 ], [ -84.559052999807463, 38.979216999815911 ], [ -84.559266000242815, 38.979268000023168 ], [ -84.559477999954922, 38.979301000137724 ], [ -84.559657000055054, 38.979317000187699 ], [ -84.559905999577083, 38.979328000219965 ], [ -84.560170999890957, 38.97933100022847 ], [ -84.560397999671665, 38.979322000202572 ], [ -84.560722000435092, 38.979289000097843 ], [ -84.561697000403427, 38.979165000265105 ], [ -84.562378999570512, 38.979053000297114 ], [ -84.563660999685524, 38.978870000223864 ], [ -84.564443000208328, 38.978781000036371 ], [ -84.565070999847052, 38.978675000232066 ], [ -84.565465999857267, 38.978579999719194 ], [ -84.565752000087514, 38.978488999836124 ], [ -84.565880999958964, 38.978454000011119 ], [ -84.566005999632424, 38.978417000137412 ], [ -84.566583000115827, 38.978191999734115 ], [ -84.567127000088959, 38.977968000034558 ], [ -84.567185999640188, 38.977943000176921 ], [ -84.567291000120491, 38.977899999898312 ], [ -84.567476999893316, 38.977808999839695 ], [ -84.568034000285252, 38.977537999716859 ], [ -84.568345999556456, 38.977396999799353 ], [ -84.568636999809598, 38.977267999985507 ], [ -84.569008000428695, 38.977068000296676 ], [ -84.569170999736997, 38.976965000131834 ], [ -84.56952300008949, 38.976719999910657 ], [ -84.569908000053971, 38.976434999898011 ], [ -84.57029600039148, 38.976157999818156 ], [ -84.570510999578318, 38.976026999743361 ], [ -84.570740999732095, 38.975911000194536 ], [ -84.571016000091703, 38.975817000216033 ], [ -84.57125999959085, 38.975768999777713 ], [ -84.571592999676781, 38.975758999944169 ], [ -84.571646000278548, 38.975736000112207 ], [ -84.571714000050605, 38.975706999949068 ], [ -84.571816000157852, 38.975673000200189 ], [ -84.572324000145969, 38.975535000230316 ], [ -84.572791999951122, 38.975391999699454 ], [ -84.573167999694761, 38.975277999928949 ], [ -84.573793999683645, 38.975147000321357 ], [ -84.573991000225462, 38.975087000073664 ], [ -84.574118000447058, 38.975032000092931 ], [ -84.574904000269512, 38.974595000315254 ], [ -84.575060999730056, 38.974492000045288 ], [ -84.575198999822319, 38.974367000119884 ], [ -84.575274000165365, 38.974283000230407 ], [ -84.575493000448489, 38.97403699973156 ], [ -84.575565000418507, 38.973956999765619 ], [ -84.575664000152713, 38.973888999967954 ], [ -84.575769999559611, 38.973838000076874 ], [ -84.576338999647092, 38.973626000176985 ], [ -84.576856999680956, 38.973422999720938 ], [ -84.577464000301589, 38.973215999723223 ], [ -84.577803000235306, 38.973105000214076 ], [ -84.577821999603572, 38.973098000276948 ], [ -84.579103999718583, 38.972646999776842 ], [ -84.579379000078191, 38.972527999982098 ], [ -84.579652999714568, 38.972378999757616 ], [ -84.580210000106476, 38.972040000328882 ], [ -84.580332000305219, 38.971980000242446 ], [ -84.580437999712132, 38.971941999672516 ], [ -84.580540999644299, 38.971918999997733 ], [ -84.580687000132457, 38.971902000263626 ], [ -84.580904999692351, 38.971915999675211 ], [ -84.581247999824029, 38.971973000194119 ], [ -84.582396999869658, 38.972234999735001 ], [ -84.583022000033623, 38.972369000143793 ], [ -84.583155000103019, 38.972398999679427 ], [ -84.585113000435641, 38.972848000173336 ], [ -84.585455999668994, 38.972917999760497 ], [ -84.585603999807006, 38.972937000135374 ], [ -84.585825999564847, 38.972947999761978 ], [ -84.585987999946553, 38.972947999761978 ], [ -84.586095999901588, 38.972947999761978 ], [ -84.58646699962236, 38.972923000227254 ], [ -84.588522000039347, 38.972675999796309 ], [ -84.589136000332672, 38.972586000106553 ], [ -84.589339999648871, 38.972567000335921 ], [ -84.589483999588907, 38.972537000173105 ], [ -84.589845000162242, 38.972495000203125 ], [ -84.589907999911432, 38.972489999706198 ], [ -84.590405999853814, 38.97245300020824 ], [ -84.59116400008719, 38.972399999780095 ], [ -84.591246999927847, 38.972394999974867 ], [ -84.591385999845031, 38.972371999748724 ], [ -84.591701000387616, 38.972295999707548 ], [ -84.59185600019832, 38.972225000100849 ], [ -84.591988000442782, 38.972166000275109 ], [ -84.592107000268484, 38.97208299997547 ], [ -84.59220299962962, 38.97201800009357 ], [ -84.59234400009494, 38.971894000099738 ], [ -84.59280000020452, 38.971498000287873 ], [ -84.59343399969103, 38.970892000193821 ], [ -84.593498000163436, 38.970845000032121 ], [ -84.593611999966242, 38.970777000040123 ], [ -84.593669999692565, 38.970744000143718 ], [ -84.593838999746978, 38.970682000106315 ], [ -84.594766999859644, 38.970413000205419 ], [ -84.595946999867422, 38.970068000343034 ], [ -84.596285999801125, 38.969969000315203 ], [ -84.596424999718295, 38.969939999885767 ], [ -84.596474999947006, 38.969953999685153 ] ] ] ] } },
{ "type": "Feature", "properties": { "mdshnocar": 0.0 }, "geometry": { "type": "MultiPolygon", "coordinates": [ [ [ [ -84.526956999596379, 38.96455599990994 ], [ -84.526934000030153, 38.964690999689488 ], [ -84.526887000174497, 38.964854000130742 ], [ -84.52681600002937, 38.965045999848115 ], [ -84.526751999556964, 38.964963999792374 ], [ -84.526593000446624, 38.964798999886661 ], [ -84.526470000422975, 38.96472400031044 ], [ -84.526365999767577, 38.964691999898989 ], [ -84.52583799968798, 38.964574999734047 ], [ -84.525655000288197, 38.964558000332794 ], [ -84.52547600018805, 38.96455599990994 ], [ -84.525268999600499, 38.96456599992829 ], [ -84.524533999831661, 38.964634000295128 ], [ -84.5241210002781, 38.964697000248009 ], [ -84.523896999972123, 38.96474700022619 ], [ -84.523448000433547, 38.964859999977023 ], [ -84.523089000408362, 38.964966999710946 ], [ -84.521972000149773, 38.965365000116051 ], [ -84.521264000145123, 38.965605999718441 ], [ -84.520398999781634, 38.96587000014754 ], [ -84.519843000112928, 38.966064999777153 ], [ -84.519359000414269, 38.966245999737396 ], [ -84.518995000366189, 38.966395999778541 ], [ -84.518622000097295, 38.966558999789036 ], [ -84.517943000404941, 38.96691799968076 ], [ -84.517647000128946, 38.96708600006739 ], [ -84.517350999852937, 38.967267999687444 ], [ -84.517049999554061, 38.967471000323791 ], [ -84.516645000396409, 38.967762999857626 ], [ -84.516596999817523, 38.967794000113003 ], [ -84.516529999870372, 38.967837999708657 ], [ -84.516272999952406, 38.968007000171418 ], [ -84.515954999935119, 38.968194999782682 ], [ -84.515677999925671, 38.968357999844294 ], [ -84.515593000435175, 38.968408000032248 ], [ -84.515394000243532, 38.968499000297683 ], [ -84.515194000226998, 38.96856899999257 ], [ -84.514267999764144, 38.968805999962385 ], [ -84.51297999980136, 38.969111000097556 ], [ -84.512547999981223, 38.969203000304141 ], [ -84.512382000299866, 38.969225000017026 ], [ -84.512243000382682, 38.969227999755098 ], [ -84.512085000198951, 38.969211000073543 ], [ -84.511275000087053, 38.969047999879557 ], [ -84.511164999583869, 38.969016000024553 ], [ -84.511010999598071, 38.969036000197548 ], [ -84.510830999673018, 38.969027999709937 ], [ -84.510691999755849, 38.969038999943635 ], [ -84.510504000333185, 38.969068000043528 ], [ -84.510088000406583, 38.96915800001306 ], [ -84.509818000069842, 38.969207000188952 ], [ -84.50949300037982, 38.969227999755098 ], [ -84.509357999762301, 38.969228999900587 ], [ -84.509095999821483, 38.969204999897379 ], [ -84.509002000110144, 38.969198999720717 ], [ -84.508976999995795, 38.969197000127295 ], [ -84.508842000276573, 38.969188999657931 ], [ -84.508370000273473, 38.969160999753974 ], [ -84.507971000065297, 38.969152999978981 ], [ -84.507675999614207, 38.969168000080224 ], [ -84.507388999559041, 38.969207000188952 ], [ -84.507258999862685, 38.969231000191485 ], [ -84.506974000355655, 38.969305999885016 ], [ -84.50663000039907, 38.969422999918898 ], [ -84.506380000153811, 38.96950800012673 ], [ -84.505476000330574, 38.969781999962599 ], [ -84.504815000181594, 38.969975999863159 ], [ -84.50453300014928, 38.970066000075782 ], [ -84.504282999904007, 38.970167000232557 ], [ -84.503938999947437, 38.970345999928398 ], [ -84.503699999572831, 38.970457000269505 ], [ -84.503542000287396, 38.970489000171938 ], [ -84.503331000400209, 38.970481999976251 ], [ -84.503072999759027, 38.970463999769237 ], [ -84.503082999804761, 38.970403000314029 ], [ -84.503182000437292, 38.969813000032801 ], [ -84.503220000072133, 38.969529000302011 ], [ -84.503475000340245, 38.967889999893977 ], [ -84.503564999853623, 38.967220999914794 ], [ -84.503575999724276, 38.96714499993405 ], [ -84.503744999778675, 38.965915999925819 ], [ -84.504046999902471, 38.963738000333059 ], [ -84.504076000214781, 38.963437000324078 ], [ -84.5040710001919, 38.963326999688412 ], [ -84.504025999986069, 38.963077000021578 ], [ -84.503953000191132, 38.96288700032737 ], [ -84.503908999810193, 38.962800000084101 ], [ -84.503731000433291, 38.962519000198405 ], [ -84.503583000295293, 38.962285999726355 ], [ -84.503170999668313, 38.961663999908446 ], [ -84.502984000070555, 38.961350000324977 ], [ -84.502917000123418, 38.961206999793205 ], [ -84.502846999803225, 38.961018999797972 ], [ -84.502788000251996, 38.960797999663619 ], [ -84.502758000114753, 38.960627999897113 ], [ -84.502741000396313, 38.960434000240546 ], [ -84.502741000396313, 38.960289999683923 ], [ -84.502753000091886, 38.960115000122137 ], [ -84.502762000312714, 38.960044000180687 ], [ -84.502775999658098, 38.959940999706241 ], [ -84.502825000061904, 38.959752000263663 ], [ -84.502876999940455, 38.959592999688049 ], [ -84.503149999751912, 38.958940000053559 ], [ -84.503435000157268, 38.958262999771925 ], [ -84.503671999983723, 38.957699000003132 ], [ -84.503813000449043, 38.957349999837433 ], [ -84.503820000121749, 38.957329000242993 ], [ -84.503856999931671, 38.957218999903972 ], [ -84.503938999947437, 38.956868999848496 ], [ -84.503975999757344, 38.956584000292708 ], [ -84.504009000267629, 38.95622200013819 ], [ -84.504263999637445, 38.953215000155076 ], [ -84.504287000101968, 38.952899000102484 ], [ -84.504291000299929, 38.952714999838406 ], [ -84.50428000042929, 38.952578999913243 ], [ -84.504261000162714, 38.952451999675631 ], [ -84.504236999873257, 38.952366999961534 ], [ -84.504027999635895, 38.95174800017756 ], [ -84.504015000115416, 38.951684000193978 ], [ -84.503993000374095, 38.951579000052114 ], [ -84.503984000153281, 38.951449000326214 ], [ -84.503990000001053, 38.951380999880271 ], [ -84.504015000115416, 38.951238999889213 ], [ -84.504025999986069, 38.951208999776007 ], [ -84.504048999552296, 38.951147999809344 ], [ -84.504118999872489, 38.951015000181037 ], [ -84.504175999773892, 38.950937000172615 ], [ -84.504322000262079, 38.950780000190996 ], [ -84.504390000034135, 38.950708999978275 ], [ -84.504862999862155, 38.950251999770423 ], [ -84.50513099965076, 38.949977000133131 ], [ -84.505344999911003, 38.949730000037185 ], [ -84.505478999805305, 38.949545999929583 ], [ -84.505580999912539, 38.94935999988963 ], [ -84.50564899968461, 38.949238000214386 ], [ -84.505748000317126, 38.94900399965406 ], [ -84.506119999862818, 38.947822999903799 ], [ -84.506251000282376, 38.947533000137 ], [ -84.506363000435371, 38.947320000007842 ], [ -84.506507000375407, 38.947100000225888 ], [ -84.506661000361206, 38.946896999910365 ], [ -84.506884999768872, 38.946639999809371 ], [ -84.508337999588107, 38.945123000169367 ], [ -84.508588999658286, 38.944849999778377 ], [ -84.508689000115695, 38.944718000003093 ], [ -84.508761999910632, 38.944761000163311 ], [ -84.508900000002896, 38.944768000105704 ], [ -84.509186000233157, 38.944762999747695 ], [ -84.509741999901863, 38.944738000048346 ], [ -84.510040999652603, 38.944725999742424 ], [ -84.510882999551555, 38.944674000023412 ], [ -84.511453000362266, 38.944639000258199 ], [ -84.511985999566434, 38.944609000146308 ], [ -84.512280000192618, 38.94460099969514 ], [ -84.512722999883394, 38.94459099965389 ], [ -84.513487999789476, 38.94458900006466 ], [ -84.513713999745278, 38.944578000226947 ], [ -84.513908999738931, 38.9445599997266 ], [ -84.515509999696178, 38.94436699989722 ], [ -84.515943000239545, 38.944345999949249 ], [ -84.516155999776558, 38.944362000209615 ], [ -84.516329999853824, 38.944407000180135 ], [ -84.51651200032704, 38.944483000096604 ], [ -84.516684999681075, 38.944575999938664 ], [ -84.517355000050898, 38.945011000171952 ], [ -84.517757999558711, 38.94530200025941 ], [ -84.518069999728255, 38.945579000128504 ], [ -84.518225000437255, 38.945731999940293 ], [ -84.518459999715589, 38.945984000266598 ], [ -84.518586000112279, 38.946148000197411 ], [ -84.51893699974157, 38.946698999933979 ], [ -84.519130999910317, 38.946946000112021 ], [ -84.519454999775419, 38.947271000064703 ], [ -84.519597000065644, 38.947393000330827 ], [ -84.519874999899983, 38.947584000102438 ], [ -84.519971999984364, 38.947654000200806 ], [ -84.519966000136577, 38.947769000162381 ], [ -84.519701999647623, 38.948405000250368 ], [ -84.519447000277808, 38.949005000085052 ], [ -84.519387000003348, 38.949197999862818 ], [ -84.519354000391402, 38.949438000236263 ], [ -84.519356999866119, 38.949616000186289 ], [ -84.519402000071963, 38.950285999844546 ], [ -84.519387000003348, 38.950566000327818 ], [ -84.51937899960744, 38.95062200015203 ], [ -84.519335999949732, 38.950909999746656 ], [ -84.519310999835369, 38.951179000348681 ], [ -84.519303000337757, 38.95151799970526 ], [ -84.519301999614555, 38.952666999812401 ], [ -84.51932900027704, 38.95283699981627 ], [ -84.519335999949732, 38.952879000263941 ], [ -84.519356000041213, 38.952936999710218 ], [ -84.51939200002623, 38.953041000260626 ], [ -84.519480999714688, 38.953241999702939 ], [ -84.51967999990633, 38.953657999897217 ], [ -84.519925000128708, 38.954169999954701 ], [ -84.519963999588441, 38.95425100027029 ], [ -84.520268000260373, 38.954821999885532 ], [ -84.520330000184657, 38.954939000089091 ], [ -84.520460999705904, 38.955206999725775 ], [ -84.520558999615204, 38.95543399978002 ], [ -84.52078000044645, 38.955952999815736 ], [ -84.520857000439349, 38.95610400032502 ], [ -84.520940000280021, 38.956237000183279 ], [ -84.521069999976362, 38.956397999861501 ], [ -84.521418999955827, 38.95671500000293 ], [ -84.521603999903732, 38.956870999789828 ], [ -84.521737999798049, 38.956997000173061 ], [ -84.522041999571655, 38.95730099984268 ], [ -84.52223099971755, 38.957490000234451 ], [ -84.5223250003272, 38.957593999691696 ], [ -84.522492999658382, 38.957779999777827 ], [ -84.522624999902845, 38.957973000109646 ], [ -84.522680999979343, 38.958075999952165 ], [ -84.522869000300332, 38.958418000044141 ], [ -84.522968000034524, 38.9585550002368 ], [ -84.523086999860212, 38.958673999755796 ], [ -84.523322000036856, 38.958876999871066 ], [ -84.523575999581766, 38.959116000011527 ], [ -84.523667999643266, 38.959241999895447 ], [ -84.523733999765497, 38.959358000200353 ], [ -84.523783000169303, 38.959473000032183 ], [ -84.523849000291548, 38.959700999972945 ], [ -84.52392999958407, 38.960021000135193 ], [ -84.524071999874295, 38.960546999885494 ], [ -84.524147000217368, 38.960724000308453 ], [ -84.524178000179518, 38.960774000296553 ], [ -84.524247999601386, 38.960874999731764 ], [ -84.524349999708647, 38.960983000158144 ], [ -84.524492999823792, 38.961088999899061 ], [ -84.524818000412111, 38.961282000298596 ], [ -84.525057999713297, 38.961437000253298 ], [ -84.525199000178617, 38.961552999758688 ], [ -84.525297000087903, 38.961659000043866 ], [ -84.525357000362362, 38.961754999756792 ], [ -84.525403000393112, 38.961871000138522 ], [ -84.525533000089453, 38.96239299985541 ], [ -84.525624000326061, 38.962636999806406 ], [ -84.52572800008312, 38.96282199969005 ], [ -84.525882000068918, 38.963026000028698 ], [ -84.52591800005392, 38.963063999794066 ], [ -84.526276000254214, 38.963449999784658 ], [ -84.526369999965539, 38.963548999843312 ], [ -84.526643999601916, 38.96385400026201 ], [ -84.526792999564833, 38.96403999998045 ], [ -84.526867999907921, 38.964166999706705 ], [ -84.526928000182366, 38.964309000335469 ], [ -84.526947000448956, 38.964387000294117 ], [ -84.52695499994654, 38.964455000134272 ], [ -84.526956999596379, 38.96455599990994 ] ] ] ] } },
{ "type": "Feature", "properties": { "mdshnocar": 2.674 }, "geometry": { "type": "MultiPolygon", "coordinates": [ [ [ [ -84.540354000331575, 38.980474999792484 ], [ -84.540325999844171, 38.98054100027769 ], [ -84.540172999683293, 38.980964999938628 ], [ -84.540146999744024, 38.981049000281594 ], [ -84.539970000192014, 38.98162900012953 ], [ -84.539858999863952, 38.982029999677167 ], [ -84.53961199999172, 38.98302300025162 ], [ -84.539564000311145, 38.983234999950504 ], [ -84.539452000158164, 38.983649000121083 ], [ -84.53937599999017, 38.983815000045894 ], [ -84.539253999791441, 38.983998999844211 ], [ -84.539176999798556, 38.984087999757229 ], [ -84.538991000025703, 38.984258999715422 ], [ -84.538672000183482, 38.984513999682164 ], [ -84.538447000052599, 38.984663000209736 ], [ -84.537845000353144, 38.984980000260592 ], [ -84.537637999765593, 38.985109999910662 ], [ -84.536668999645016, 38.985801000038173 ], [ -84.536054000425096, 38.986243000010283 ], [ -84.535692000026856, 38.986459000149189 ], [ -84.535557000307634, 38.986531999950131 ], [ -84.535524999622268, 38.986551000163324 ], [ -84.535259000381814, 38.986573000073122 ], [ -84.534987000395247, 38.986589999776577 ], [ -84.534542999981227, 38.986617999772072 ], [ -84.534497999775382, 38.986623999869387 ], [ -84.534424999980459, 38.986632999665346 ], [ -84.534425999805364, 38.986643000057946 ], [ -84.534452999569538, 38.987128999839484 ], [ -84.534456999767499, 38.987199999864444 ], [ -84.534456999767499, 38.987215000332661 ], [ -84.534465999988328, 38.987391999752255 ], [ -84.53447400038425, 38.987545000053721 ], [ -84.534486999904729, 38.987780000292553 ], [ -84.534511000194186, 38.988219000146145 ], [ -84.534518999691798, 38.988356999833485 ], [ -84.534543999806132, 38.988814000034679 ], [ -84.53455399985188, 38.98899700023977 ], [ -84.534563999897628, 38.989203000324238 ], [ -84.534605999730417, 38.990005000019977 ], [ -84.534606999555336, 38.990047000077489 ], [ -84.534610999753284, 38.990173000100533 ], [ -84.53464900028645, 38.991335000213311 ], [ -84.534522999889745, 38.99133100018198 ], [ -84.534486999904729, 38.991336999879785 ], [ -84.5340330003433, 38.991340000077642 ], [ -84.53400300020607, 38.99134099991084 ], [ -84.53397399989376, 38.99134099991084 ], [ -84.533944999581422, 38.99134099991084 ], [ -84.533913999619287, 38.991340000077642 ], [ -84.5338929997029, 38.991340000077642 ], [ -84.533867999588537, 38.991340000077642 ], [ -84.533838000349633, 38.991339000244423 ], [ -84.533812000410364, 38.991337999713025 ], [ -84.533784999747866, 38.991336999879785 ], [ -84.533756000333867, 38.99133600004658 ], [ -84.533731000219504, 38.991333999681864 ], [ -84.533706999930061, 38.991332999848566 ], [ -84.53368600001366, 38.991332000015255 ], [ -84.533665000097258, 38.991330000348633 ], [ -84.53363900015799, 38.991327999983746 ], [ -84.533613000218722, 38.991326000317009 ], [ -84.53359099957909, 38.991323999952009 ], [ -84.533305000247154, 38.991291999689835 ], [ -84.53302200038992, 38.991239999931167 ], [ -84.532434000035877, 38.991098000234437 ], [ -84.531757999818282, 38.9909390002015 ], [ -84.531594999611656, 38.990906999765258 ], [ -84.531486999656607, 38.990883999966435 ], [ -84.531334000394068, 38.99085700010199 ], [ -84.531171000187442, 38.99084700030474 ], [ -84.530941000033664, 38.99084700030474 ], [ -84.530797999918533, 38.990853999883669 ], [ -84.530602000099961, 38.990840999867117 ], [ -84.528411000138831, 38.991090999981424 ], [ -84.527862999967738, 38.991155999810637 ], [ -84.52771200035501, 38.991163999892869 ], [ -84.527544000125516, 38.991149000261537 ], [ -84.527517000361343, 38.991146999891527 ], [ -84.527437999820322, 38.99112800021377 ], [ -84.527371999698062, 38.991112000040161 ], [ -84.527228999582931, 38.991060000149247 ], [ -84.527088999840842, 38.990986000292338 ], [ -84.526939000053034, 38.990879999909602 ], [ -84.526815000204465, 38.990755000288409 ], [ -84.526748000257314, 38.990668000064282 ], [ -84.526682000135082, 38.990549999677668 ], [ -84.526663999693412, 38.990502000150549 ], [ -84.526636999929252, 38.990375000168122 ], [ -84.526638999579063, 38.99017099970294 ], [ -84.526668999716279, 38.989738999775149 ], [ -84.526702000226564, 38.989403999808495 ], [ -84.526771999648446, 38.989014000059271 ], [ -84.526915999588496, 38.988388000151282 ], [ -84.526932000380327, 38.988229000314668 ], [ -84.526913999938671, 38.988086000283886 ], [ -84.526893999847189, 38.988018000089809 ], [ -84.526826000075133, 38.987899000291186 ], [ -84.526719999769909, 38.987788999941486 ], [ -84.526641999952105, 38.987729999816786 ], [ -84.526426999866956, 38.987608999762244 ], [ -84.525309999608368, 38.987086000252006 ], [ -84.525042999644683, 38.986970999862791 ], [ -84.524839000328512, 38.986900000306392 ], [ -84.5245780002126, 38.986847000217445 ], [ -84.524339999662899, 38.986848000114058 ], [ -84.524127000125887, 38.98688299997918 ], [ -84.523491000091255, 38.987020000282193 ], [ -84.523357000196953, 38.987036999878292 ], [ -84.523209000058955, 38.987041000152296 ], [ -84.523072999616502, 38.987030999815929 ], [ -84.522933999699347, 38.987004999772651 ], [ -84.522644999994327, 38.9868979998163 ], [ -84.52251299974985, 38.986828999980574 ], [ -84.522408999992777, 38.986762999771145 ], [ -84.522321999954144, 38.986694999702607 ], [ -84.521761000262586, 38.986191999939471 ], [ -84.521425999628505, 38.985905999738016 ], [ -84.521040999664052, 38.98556199985471 ], [ -84.520616000414918, 38.985182999706211 ], [ -84.519438000056979, 38.984150999863409 ], [ -84.518631000318138, 38.983451000189746 ], [ -84.517596000075329, 38.982541000042787 ], [ -84.517364000271712, 38.982314000253631 ], [ -84.517176999775643, 38.982139999897939 ], [ -84.516735999734706, 38.981776999777722 ], [ -84.516200000157482, 38.981301000014255 ], [ -84.515865000421741, 38.981002999856749 ], [ -84.515431999878373, 38.980641000176213 ], [ -84.515297000159165, 38.980557000047462 ], [ -84.51515499986894, 38.98048600034317 ], [ -84.515041999891025, 38.980441000237981 ], [ -84.514909999646562, 38.98039900006745 ], [ -84.514722000223898, 38.980359999836864 ], [ -84.514498999742827, 38.980341000056988 ], [ -84.514251999870623, 38.98033900007988 ], [ -84.513815999852525, 38.980359999836864 ], [ -84.513460000200368, 38.980376000345913 ], [ -84.513035000052938, 38.980383000261924 ], [ -84.512778999959906, 38.980376000345913 ], [ -84.51237999975173, 38.980351999930164 ], [ -84.511505000240803, 38.98025300031162 ], [ -84.510295999920729, 38.980119000156037 ], [ -84.510084000208622, 38.980084999732263 ], [ -84.509932999697568, 38.980059999923682 ], [ -84.509789999582424, 38.98002300019084 ], [ -84.509660999711002, 38.979978999785075 ], [ -84.509546999908181, 38.979923000117864 ], [ -84.509452000371937, 38.979861999731604 ], [ -84.509378999678702, 38.97980099999117 ], [ -84.509304000233939, 38.979723000246459 ], [ -84.509239999761519, 38.979625999745743 ], [ -84.509187999882982, 38.979514999808842 ], [ -84.509144000400369, 38.979377000342978 ], [ -84.509106999692136, 38.97918799968167 ], [ -84.509069000057295, 38.97894900021813 ], [ -84.509012000155892, 38.978592999892449 ], [ -84.508930000140126, 38.978075000219519 ], [ -84.508885999759187, 38.977863999758625 ], [ -84.508867000390936, 38.977780999851873 ], [ -84.508597000054195, 38.976839000343453 ], [ -84.508592999856234, 38.976824999809978 ], [ -84.508494999946947, 38.976507000215342 ], [ -84.508428999824702, 38.976294999925003 ], [ -84.508403999710353, 38.976213999669604 ], [ -84.508239999678807, 38.975683000045869 ], [ -84.508197999846018, 38.975584000184639 ], [ -84.508144000317671, 38.975485000184946 ], [ -84.50804800005821, 38.975359999917195 ], [ -84.507966000042444, 38.975283000229034 ], [ -84.507869999782955, 38.97521500030787 ], [ -84.507755000155242, 38.975158999666469 ], [ -84.507557999613439, 38.975100000189862 ], [ -84.50732099978697, 38.975055000153581 ], [ -84.50703899975467, 38.975011000152513 ], [ -84.506904000035448, 38.974983999820893 ], [ -84.506787999684491, 38.97495199985427 ], [ -84.506663000011031, 38.974897999834134 ], [ -84.506545000010249, 38.974829000175205 ], [ -84.506401000070198, 38.974717000332753 ], [ -84.505823999586809, 38.974197000090705 ], [ -84.505761999662511, 38.974141000041023 ], [ -84.505513999965387, 38.973897999986001 ], [ -84.505288999834505, 38.973707999982935 ], [ -84.505144999894455, 38.973612999790262 ], [ -84.505011999825072, 38.973542000107045 ], [ -84.504898999847157, 38.973503999676822 ], [ -84.504794000265193, 38.973480999810832 ], [ -84.504728999967853, 38.973471999739793 ], [ -84.504339999805424, 38.973416999901595 ], [ -84.503964000061785, 38.973383999838504 ], [ -84.503691000250313, 38.973375999842013 ], [ -84.503502000104419, 38.973358999759277 ], [ -84.502426999678647, 38.973265999973783 ], [ -84.502510000417644, 38.97286900005674 ], [ -84.50256099957295, 38.972635000006164 ], [ -84.502572000341928, 38.972585000008458 ], [ -84.502789999901808, 38.971698999754814 ], [ -84.503072999759027, 38.970463999769237 ], [ -84.503331000400209, 38.970481999976251 ], [ -84.503542000287396, 38.970489000171938 ], [ -84.503699999572831, 38.970457000269505 ], [ -84.503938999947437, 38.970345999928398 ], [ -84.504282999904007, 38.970167000232557 ], [ -84.50453300014928, 38.970066000075782 ], [ -84.504815000181594, 38.969975999863159 ], [ -84.505476000330574, 38.969781999962599 ], [ -84.506380000153811, 38.96950800012673 ], [ -84.50663000039907, 38.969422999918898 ], [ -84.506974000355655, 38.969305999885016 ], [ -84.507258999862685, 38.969231000191485 ], [ -84.507388999559041, 38.969207000188952 ], [ -84.507675999614207, 38.969168000080224 ], [ -84.507971000065297, 38.969152999978981 ], [ -84.508370000273473, 38.969160999753974 ], [ -84.508842000276573, 38.969188999657931 ], [ -84.508976999995795, 38.969197000127295 ], [ -84.509002000110144, 38.969198999720717 ], [ -84.509095999821483, 38.969204999897379 ], [ -84.509357999762301, 38.969228999900587 ], [ -84.50949300037982, 38.969227999755098 ], [ -84.509818000069842, 38.969207000188952 ], [ -84.510088000406583, 38.96915800001306 ], [ -84.510504000333185, 38.969068000043528 ], [ -84.510691999755849, 38.969038999943635 ], [ -84.510830999673018, 38.969027999709937 ], [ -84.511010999598071, 38.969036000197548 ], [ -84.511164999583869, 38.969016000024553 ], [ -84.511275000087053, 38.969047999879557 ], [ -84.512085000198951, 38.969211000073543 ], [ -84.512243000382682, 38.969227999755098 ], [ -84.512382000299866, 38.969225000017026 ], [ -84.512547999981223, 38.969203000304141 ], [ -84.51297999980136, 38.969111000097556 ], [ -84.514267999764144, 38.968805999962385 ], [ -84.515194000226998, 38.96856899999257 ], [ -84.515394000243532, 38.968499000297683 ], [ -84.515593000435175, 38.968408000032248 ], [ -84.515677999925671, 38.968357999844294 ], [ -84.515954999935119, 38.968194999782682 ], [ -84.516272999952406, 38.968007000171418 ], [ -84.516529999870372, 38.967837999708657 ], [ -84.516596999817523, 38.967794000113003 ], [ -84.516645000396409, 38.967762999857626 ], [ -84.517049999554061, 38.967471000323791 ], [ -84.517350999852937, 38.967267999687444 ], [ -84.517647000128946, 38.96708600006739 ], [ -84.517943000404941, 38.96691799968076 ], [ -84.518622000097295, 38.966558999789036 ], [ -84.518995000366189, 38.966395999778541 ], [ -84.519359000414269, 38.966245999737396 ], [ -84.519843000112928, 38.966064999777153 ], [ -84.520398999781634, 38.96587000014754 ], [ -84.521264000145123, 38.965605999718441 ], [ -84.521972000149773, 38.965365000116051 ], [ -84.523089000408362, 38.964966999710946 ], [ -84.523448000433547, 38.964859999977023 ], [ -84.523896999972123, 38.96474700022619 ], [ -84.5241210002781, 38.964697000248009 ], [ -84.524533999831661, 38.964634000295128 ], [ -84.525268999600499, 38.96456599992829 ], [ -84.52547600018805, 38.96455599990994 ], [ -84.525655000288197, 38.964558000332794 ], [ -84.52583799968798, 38.964574999734047 ], [ -84.526365999767577, 38.964691999898989 ], [ -84.526470000422975, 38.96472400031044 ], [ -84.526593000446624, 38.964798999886661 ], [ -84.526751999556964, 38.964963999792374 ], [ -84.52681600002937, 38.965045999848115 ], [ -84.526703000051469, 38.96536399991605 ], [ -84.526667999891373, 38.965488000166282 ], [ -84.526661000218681, 38.96551399972936 ], [ -84.526643999601916, 38.965573999705448 ], [ -84.526599000294397, 38.965767999955503 ], [ -84.526585999875607, 38.965892999691178 ], [ -84.526588000423743, 38.965932000206166 ], [ -84.526647999799877, 38.966078000152443 ], [ -84.526725999617682, 38.96616099980595 ], [ -84.526786999717061, 38.966211000147737 ], [ -84.526845000341709, 38.966244000060684 ], [ -84.527024000441841, 38.966306999978677 ], [ -84.527185999925237, 38.966328999892532 ], [ -84.527400000185466, 38.966332999939645 ], [ -84.527563000392092, 38.966323000170718 ], [ -84.527717000377876, 38.966304000116892 ], [ -84.527898999952754, 38.966257999892093 ], [ -84.52847200023821, 38.966067000157402 ], [ -84.528839999585927, 38.965932000206166 ], [ -84.529299999893453, 38.965781999880988 ], [ -84.529356999794871, 38.965766000265241 ], [ -84.52951199960556, 38.965742999981892 ], [ -84.529684999857935, 38.965717999999463 ], [ -84.529896999570042, 38.965709000338919 ], [ -84.530012999920999, 38.965717999999463 ], [ -84.530173999579475, 38.965760999991723 ], [ -84.530310000021913, 38.965834000178695 ], [ -84.530381000167026, 38.965886999932437 ], [ -84.530427000197776, 38.965948999976185 ], [ -84.530474999878336, 38.966067000157402 ], [ -84.530489999946965, 38.966142999897762 ], [ -84.530475999703256, 38.966278000145344 ], [ -84.530422000174909, 38.9665350002781 ], [ -84.530411000304241, 38.966622000125412 ], [ -84.530360000250624, 38.96683000001763 ], [ -84.530319000242741, 38.966945000293613 ], [ -84.530280999709589, 38.967015000127212 ], [ -84.530208999739557, 38.967100999907942 ], [ -84.53012500007398, 38.967203000275944 ], [ -84.529956000019581, 38.967365999826427 ], [ -84.529802999858717, 38.967494000046088 ], [ -84.529505999757788, 38.967694000231852 ], [ -84.529213999679726, 38.967867999766518 ], [ -84.529095999678958, 38.967939000248627 ], [ -84.52894500006623, 38.96804399989658 ], [ -84.52881600019478, 38.968150000248123 ], [ -84.528734000179014, 38.968232000108095 ], [ -84.528697000369107, 38.968277999749539 ], [ -84.528642999942434, 38.968370000339611 ], [ -84.528602999759471, 38.96849099974947 ], [ -84.528586000041017, 38.968621000339709 ], [ -84.528586000041017, 38.968711000178757 ], [ -84.528601000109646, 38.968817000230551 ], [ -84.528805000324127, 38.96949300009743 ], [ -84.528844999608793, 38.969594999814731 ], [ -84.528872000271278, 38.969662000103767 ], [ -84.528919000126947, 38.969796999930693 ], [ -84.528986999899018, 38.969989000219115 ], [ -84.52905399984617, 38.97011199992302 ], [ -84.52911599977044, 38.970210000317842 ], [ -84.529190000288608, 38.970322000303668 ], [ -84.529274999779091, 38.970435000240904 ], [ -84.529612999887902, 38.970824000246942 ], [ -84.529741999759338, 38.970973000250744 ], [ -84.529823999775104, 38.970928999808834 ], [ -84.529903000316125, 38.970893999739381 ], [ -84.529986999981716, 38.970876000335444 ], [ -84.530063999974601, 38.970882999793773 ], [ -84.530155000211209, 38.970909000170344 ], [ -84.530320999892567, 38.971072000272109 ], [ -84.530522999558912, 38.971243999655691 ], [ -84.530729000321557, 38.971388999712943 ], [ -84.530876999561258, 38.971448000185951 ], [ -84.531199999601441, 38.971552000106882 ], [ -84.531331000020998, 38.971578000237869 ], [ -84.531490999854569, 38.9716109997457 ], [ -84.531588999763855, 38.971620000053221 ], [ -84.531808999871899, 38.971641999713754 ], [ -84.531919000375069, 38.971653999652681 ], [ -84.532071999637623, 38.971647999683476 ], [ -84.53227000000436, 38.971623999801551 ], [ -84.532489000287455, 38.971570000037381 ], [ -84.532772999969595, 38.971425999766751 ], [ -84.533090000161991, 38.971249999659136 ], [ -84.533443000339417, 38.971055000334708 ], [ -84.533607000370949, 38.971000000016353 ], [ -84.533838000349633, 38.970956000289576 ], [ -84.534926000295883, 38.970864000264697 ], [ -84.535290000343949, 38.970848999824199 ], [ -84.535394999925927, 38.97085499986111 ], [ -84.535645000171186, 38.97088500003796 ], [ -84.535801999631701, 38.970921999656632 ], [ -84.535943000097021, 38.970978000156357 ], [ -84.536082999839095, 38.971057999995281 ], [ -84.536355999650567, 38.971231000228457 ], [ -84.53660300042111, 38.97141800024751 ], [ -84.53683699987451, 38.97164100030075 ], [ -84.536993000408444, 38.971831000261908 ], [ -84.537056000157634, 38.971933000104315 ], [ -84.537104999663114, 38.97203200018064 ], [ -84.53715499989184, 38.972162999963103 ], [ -84.537185999853975, 38.972269999840186 ], [ -84.53720099992259, 38.972351999819352 ], [ -84.537224000387127, 38.972659000243901 ], [ -84.537256999999087, 38.972937000135374 ], [ -84.537306000402893, 38.973090000248206 ], [ -84.53739099989339, 38.973253000219323 ], [ -84.53769100036736, 38.973762000212076 ], [ -84.537770000010056, 38.973872000008356 ], [ -84.537934000041602, 38.974044999653366 ], [ -84.538112000316815, 38.974166999919966 ], [ -84.538179000263966, 38.974200000316593 ], [ -84.538435000357012, 38.974297999943602 ], [ -84.539115999699177, 38.974478999817478 ], [ -84.539246000293844, 38.974519999936881 ], [ -84.539516999557179, 38.974629999952548 ], [ -84.539826000251978, 38.974785000033769 ], [ -84.539904999894702, 38.974838000073795 ], [ -84.539982999712507, 38.974914000180611 ], [ -84.540044999636777, 38.974989000141768 ], [ -84.540111999583928, 38.975101000252437 ], [ -84.540147999568944, 38.975199000029342 ], [ -84.540171999858387, 38.975305000148481 ], [ -84.540182999729041, 38.9754860002421 ], [ -84.54018000025431, 38.975616999920966 ], [ -84.540139000246413, 38.976057999873596 ], [ -84.540119000154945, 38.976167000246207 ], [ -84.540075999598912, 38.976343000006793 ], [ -84.539998999606027, 38.976568000000135 ], [ -84.539915999765356, 38.976732999727076 ], [ -84.539813999658094, 38.976894000317444 ], [ -84.539427000043815, 38.977388000225979 ], [ -84.539348000401077, 38.977493999861892 ], [ -84.539196000065132, 38.977745999676912 ], [ -84.539120999722044, 38.977953999724292 ], [ -84.539099999805657, 38.97816199985909 ], [ -84.539102000353793, 38.97834300033194 ], [ -84.539122000445275, 38.978771999940555 ], [ -84.539122000445275, 38.978902999825571 ], [ -84.539119999897139, 38.979369000325221 ], [ -84.539129000117981, 38.979515999809081 ], [ -84.539143000361676, 38.979600999775144 ], [ -84.539165999927903, 38.979667999676472 ], [ -84.539217999806425, 38.979766000116342 ], [ -84.539319999913687, 38.979886000313442 ], [ -84.53942500039399, 38.979982999759635 ], [ -84.539559000288293, 38.980064999886139 ], [ -84.539698000205448, 38.980126000097457 ], [ -84.539991999933321, 38.980209000048788 ], [ -84.54024200017858, 38.980262000219192 ], [ -84.540436000347341, 38.980282000009673 ], [ -84.540354000331575, 38.980474999792484 ] ] ] ] } },
{ "type": "Feature", "properties": { "mdshnocar": 0.0 }, "geometry": { "type": "MultiPolygon", "coordinates": [ [ [ [ -84.607104000237698, 38.999803000281162 ], [ -84.607089999993988, 38.999923999734278 ], [ -84.607062000404895, 39.000187000272412 ], [ -84.606990000434863, 39.000546999724001 ], [ -84.606891999627265, 39.000904000344114 ], [ -84.605960000214935, 39.003911999958788 ], [ -84.605468000120368, 39.005492000063001 ], [ -84.605042999972909, 39.006855999728494 ], [ -84.604930999819928, 39.007214000232047 ], [ -84.604639999566771, 39.008146999850872 ], [ -84.604300999633068, 39.00923600004618 ], [ -84.6041480003705, 39.009727000296749 ], [ -84.603955000026659, 39.010278999982908 ], [ -84.603856000292453, 39.010520999842562 ], [ -84.603689999712785, 39.010874000065392 ], [ -84.603513999985694, 39.011198999891285 ], [ -84.60348499967337, 39.011248000287416 ], [ -84.603456000259385, 39.011296999951625 ], [ -84.603219000432915, 39.011669000241028 ], [ -84.602981999708135, 39.011996999923745 ], [ -84.602862000057542, 39.012148999839738 ], [ -84.602747000429815, 39.012293999877663 ], [ -84.602632999728684, 39.012439999851331 ], [ -84.602369000138026, 39.012775000348846 ], [ -84.601422999583704, 39.013955000255208 ], [ -84.60137699955294, 39.014014000152478 ], [ -84.60104500019024, 39.014430000065921 ], [ -84.600440000117729, 39.015186000167439 ], [ -84.599659000318155, 39.016159999751203 ], [ -84.599502999784221, 39.01604700021084 ], [ -84.599379999760572, 39.015948999752915 ], [ -84.598321000126631, 39.01498000034259 ], [ -84.59789199978124, 39.014585000246846 ], [ -84.597533999580946, 39.014241999683271 ], [ -84.597588000007633, 39.014207000087772 ], [ -84.596792000139416, 39.013465000259281 ], [ -84.596606000366592, 39.013288999964743 ], [ -84.596490999840555, 39.013171000307217 ], [ -84.596433000114217, 39.013084999947779 ], [ -84.59639399975616, 39.013015000292206 ], [ -84.596367999816891, 39.012944000341456 ], [ -84.596125000142635, 39.012237999951218 ], [ -84.59604700032483, 39.011966000176322 ], [ -84.59603300008115, 39.011888999821636 ], [ -84.596008999791692, 39.011677000098167 ], [ -84.596004999593731, 39.011638999896185 ], [ -84.595978999654477, 39.011487000280077 ], [ -84.595927999600832, 39.011321000344573 ], [ -84.595862000376911, 39.011198000338673 ], [ -84.595443999902173, 39.010506000126263 ], [ -84.59534099997002, 39.010362999739591 ], [ -84.595202999877728, 39.010209999908724 ], [ -84.594991000165621, 39.010007999921633 ], [ -84.594670999600183, 39.009757000056531 ], [ -84.594431000298982, 39.00957000008971 ], [ -84.594333000389696, 39.009504000147672 ], [ -84.594134000198068, 39.009388999889914 ], [ -84.594023999694897, 39.009337999746116 ], [ -84.593796000089256, 39.009247999895365 ], [ -84.591934000016124, 39.00858899987233 ], [ -84.59160599995306, 39.008467999881994 ], [ -84.591415000157355, 39.008383999968935 ], [ -84.591239000430264, 39.008279000111777 ], [ -84.591030000192873, 39.008101999880147 ], [ -84.590449000409819, 39.007609000311419 ], [ -84.589753999925648, 39.007015000296683 ], [ -84.589500000380752, 39.006797999757119 ], [ -84.589352000242741, 39.006686999847865 ], [ -84.589158000073994, 39.006566000094203 ], [ -84.588574999742789, 39.006248999694797 ], [ -84.588224999938419, 39.006057000006244 ], [ -84.588059000257061, 39.005965000218083 ], [ -84.587805999638775, 39.005823000052146 ], [ -84.587692999660874, 39.005749000275486 ], [ -84.587558999766571, 39.005642999668119 ], [ -84.587515000283958, 39.005600999791795 ], [ -84.587037000433071, 39.005176999710656 ], [ -84.586454999926787, 39.004680000025388 ], [ -84.586186000313276, 39.004474999962582 ], [ -84.585894000235228, 39.004272999653303 ], [ -84.585703000439509, 39.004169999978579 ], [ -84.585593999761258, 39.004129000276379 ], [ -84.58547499993557, 39.004101000227756 ], [ -84.585344000414324, 39.00408900020355 ], [ -84.58501999965091, 39.004085999848115 ], [ -84.584488000271648, 39.004119999912959 ], [ -84.584038000009869, 39.004167999976588 ], [ -84.583506999557216, 39.004232000010845 ], [ -84.583345999898739, 39.004254000009254 ], [ -84.582847999956357, 39.00432599995613 ], [ -84.582405000265567, 39.004381999864172 ], [ -84.581801999842895, 39.004459999662238 ], [ -84.581826999957258, 39.00376700018947 ], [ -84.58183299980503, 39.003164999904307 ], [ -84.581846000223834, 39.002462999737496 ], [ -84.581856000269582, 39.001560000291661 ], [ -84.581850000421795, 39.001357000344818 ], [ -84.581850000421795, 39.001153000120922 ], [ -84.581850000421795, 39.000965000050876 ], [ -84.581851000246687, 39.000668999700522 ], [ -84.581867000140235, 39.000456000153925 ], [ -84.581883000033741, 39.000197000146137 ], [ -84.581899999752181, 38.9999010000734 ], [ -84.581924999866544, 38.999684000051801 ], [ -84.581954000178854, 38.999484000159988 ], [ -84.581996000011657, 38.999245999824325 ], [ -84.582033999646484, 38.999096000251633 ], [ -84.582078000027423, 38.998926000258422 ], [ -84.582279999693796, 38.998423000149131 ], [ -84.582396000044753, 38.99810600026295 ], [ -84.582592999688231, 38.997627000061897 ], [ -84.582709999864093, 38.997410000047751 ], [ -84.58284200010857, 38.997273000307402 ], [ -84.583048999797811, 38.996967999994084 ], [ -84.583175000194501, 38.996802999951875 ], [ -84.583674999786709, 38.996205999973967 ], [ -84.583864999757495, 38.995994999792288 ], [ -84.584299000125782, 38.995549999957056 ], [ -84.584442000240898, 38.995379999822575 ], [ -84.58471500005237, 38.995118999827469 ], [ -84.58474400036468, 38.995085000324323 ], [ -84.584931999787358, 38.994878000122057 ], [ -84.584992000061803, 38.994806000334798 ], [ -84.585321999774692, 38.994388999718687 ], [ -84.585452000369344, 38.994204999698553 ], [ -84.585640999616928, 38.993941000169698 ], [ -84.585691999670559, 38.99387500030813 ], [ -84.585760000340926, 38.993776000051348 ], [ -84.585823000090116, 38.993688000249804 ], [ -84.585870999770677, 38.993620999653167 ], [ -84.586265999780906, 38.993691000347994 ], [ -84.586403000048264, 38.99370099974341 ], [ -84.586578999775355, 38.99371499973244 ], [ -84.586746000179915, 38.993772999956754 ], [ -84.586798999883371, 38.993800999903563 ], [ -84.586930000302942, 38.99387999999302 ], [ -84.586945000371557, 38.993899000328376 ], [ -84.586960000440172, 38.99395299982055 ], [ -84.586960000440172, 38.994096999661238 ], [ -84.586974999610476, 38.994115000144333 ], [ -84.586956000242211, 38.994172000247637 ], [ -84.586998999899919, 38.994173000040831 ], [ -84.587039999907802, 38.994172000247637 ], [ -84.587166000304492, 38.99416900016989 ], [ -84.587343999681408, 38.99415399977903 ], [ -84.587484000321822, 38.994125999971892 ], [ -84.587608000170363, 38.994177999704668 ], [ -84.587761000331241, 38.994240000114871 ], [ -84.587768000003933, 38.994253000205276 ], [ -84.587761000331241, 38.994294000045045 ], [ -84.587776000399856, 38.99431700013205 ], [ -84.587776000399856, 38.994353000283617 ], [ -84.587808000186911, 38.99437700014176 ], [ -84.587835999776004, 38.994411999774826 ], [ -84.58788299963166, 38.994450000154771 ], [ -84.588050999861153, 38.994530000006087 ], [ -84.588103999564609, 38.994535000342886 ], [ -84.588225999763338, 38.994565000261659 ], [ -84.58831000032724, 38.994553000016388 ], [ -84.588477999658423, 38.994560999714693 ], [ -84.588875000216774, 38.994569000110218 ], [ -84.589088999578692, 38.994556000077907 ], [ -84.589440000106279, 38.99456699983687 ], [ -84.589670000260071, 38.994602000074195 ], [ -84.589784000062878, 38.994619999730659 ], [ -84.58980699962909, 38.994622000002508 ], [ -84.589888999644856, 38.994631000177868 ], [ -84.590080000338887, 38.994665999685353 ], [ -84.590338999906663, 38.994697000032573 ], [ -84.590523000029663, 38.99470699998399 ], [ -84.590584000129041, 38.994716999934035 ], [ -84.590728999893997, 38.994710999824569 ], [ -84.591072000025662, 38.99467799991146 ], [ -84.591262999821382, 38.994645999769425 ], [ -84.591487999952278, 38.994591000320625 ], [ -84.591621999846581, 38.99456699983687 ], [ -84.592293000041309, 38.994383000279555 ], [ -84.592476000339417, 38.99431000019743 ], [ -84.592590999967129, 38.994253999997269 ], [ -84.59269100042458, 38.994223999946655 ], [ -84.592866000326765, 38.99418499965234 ], [ -84.592977999581436, 38.994186000143543 ], [ -84.593276000405581, 38.994190999806463 ], [ -84.593329999933943, 38.994187999729469 ], [ -84.593513000232051, 38.994219000286073 ], [ -84.593581000004107, 38.994237999832229 ], [ -84.593642999928392, 38.994249000338804 ], [ -84.593688999959141, 38.994250000130911 ], [ -84.593818999655483, 38.994278999680688 ], [ -84.594056000380249, 38.994316000340888 ], [ -84.594200000320313, 38.994345999654364 ], [ -84.594467000283998, 38.994383000279555 ], [ -84.594704000110454, 38.994433000244534 ], [ -84.594887000408562, 38.994458999653858 ], [ -84.594925000043403, 38.994454999799032 ], [ -84.595001000211383, 38.99447499976894 ], [ -84.595154000372261, 38.994500999860975 ], [ -84.595207000075717, 38.994502000347651 ], [ -84.595238999862744, 38.994509000263285 ], [ -84.595284000068602, 38.994507999776708 ], [ -84.595344000343061, 38.994504999713143 ], [ -84.595397999871409, 38.994514999691745 ], [ -84.595421000335961, 38.994530999794165 ], [ -84.595581000169517, 38.994595000167713 ], [ -84.595710999865858, 38.994674000069011 ], [ -84.595757999721528, 38.994700000087938 ], [ -84.595839999737294, 38.994762999825674 ], [ -84.595900999836658, 38.99480400006815 ], [ -84.595924000301196, 38.994814000004446 ], [ -84.596007999966787, 38.994861000314692 ], [ -84.596062000393459, 38.994888999831019 ], [ -84.596108000424209, 38.994935000308999 ], [ -84.596283000326409, 38.995036999683791 ], [ -84.596389999558212, 38.995089000143544 ], [ -84.596481999619712, 38.995123000342893 ], [ -84.596613999864189, 38.995159000084435 ], [ -84.596625999559748, 38.995162000120274 ], [ -84.596710000123664, 38.995168000191505 ], [ -84.597030999615711, 38.995146999939898 ], [ -84.597290000081799, 38.995171000226946 ], [ -84.59732400041699, 38.995168999970623 ], [ -84.597381000318379, 38.995168000191505 ], [ -84.59741999977814, 38.995172999785041 ], [ -84.597526000083334, 38.995212000233053 ], [ -84.597854999971304, 38.995385000099262 ], [ -84.598174999638459, 38.995503999878807 ], [ -84.598342999867953, 38.995552999976262 ], [ -84.598557000128181, 38.995602000039838 ], [ -84.598716999961766, 38.995651000069444 ], [ -84.598976000427854, 38.995742000233875 ], [ -84.599128999690407, 38.995807999750539 ], [ -84.599388000156495, 38.995885000156107 ], [ -84.599563000058666, 38.995915999969327 ], [ -84.599732000113093, 38.995936999992722 ], [ -84.600075000244743, 38.996012000025416 ], [ -84.600204000116193, 38.996045999781359 ], [ -84.600311000246322, 38.996057000006886 ], [ -84.600449000338557, 38.996086999978615 ], [ -84.600548000072763, 38.996129999683234 ], [ -84.600685000340135, 38.996214000183578 ], [ -84.60080699964054, 38.99626599977843 ], [ -84.600952000303806, 38.996344999908779 ], [ -84.601013000403171, 38.996368999789532 ], [ -84.601119999634975, 38.996429999915208 ], [ -84.601140999551376, 38.996420000207223 ], [ -84.601288999689402, 38.996458999967935 ], [ -84.601447999698038, 38.996514999819489 ], [ -84.601512999995379, 38.99655599974507 ], [ -84.601650000262723, 38.996589000178702 ], [ -84.601729999730338, 38.996650999872926 ], [ -84.60186199997483, 38.996664000218544 ], [ -84.601964000082077, 38.996687999991103 ], [ -84.602091000303687, 38.996693000175412 ], [ -84.602303000015795, 38.996705000057794 ], [ -84.602518000100943, 38.996734999754814 ], [ -84.602600999941629, 38.99672400033284 ], [ -84.602738000208973, 38.996728999816447 ], [ -84.602802999608002, 38.996753000265066 ], [ -84.603086000363518, 38.99676899986148 ], [ -84.603235000326436, 38.99676899986148 ], [ -84.603370999870563, 38.996765999893839 ], [ -84.603560000016444, 38.996733999997808 ], [ -84.603636000184423, 38.996691999719658 ], [ -84.603723000223084, 38.996685999777654 ], [ -84.603821999957276, 38.996704000300369 ], [ -84.603974000293235, 38.996707000270703 ], [ -84.604334000143339, 38.996681000291005 ], [ -84.60447800008339, 38.996658000274159 ], [ -84.604811000169335, 38.996525999972164 ], [ -84.604871000443765, 38.996503999665151 ], [ -84.605154000301013, 38.996403000072057 ], [ -84.605205000354616, 38.996344999908779 ], [ -84.605329000203184, 38.996297999886032 ], [ -84.605458000074606, 38.996270999992568 ], [ -84.605613999710215, 38.996229999901857 ], [ -84.605683000205502, 38.996194999771596 ], [ -84.606126999721212, 38.996110000181062 ], [ -84.606770000326847, 38.997909999759322 ], [ -84.60693699983311, 38.998407999961906 ], [ -84.606996000282678, 38.99863799969097 ], [ -84.607079000123335, 38.999086999946016 ], [ -84.607109000260579, 38.999486000294347 ], [ -84.607104000237698, 38.999803000281162 ] ] ] ] } },
{ "type": "Feature", "properties": { "mdshnocar": 0.957 }, "geometry": { "type": "MultiPolygon", "coordinates": [ [ [ [ -84.615155000054642, 39.006083999655843 ], [ -84.614513000172238, 39.00629200020439 ], [ -84.61428399984338, 39.006373000249219 ], [ -84.614166999667503, 39.006423000118524 ], [ -84.614103999918328, 39.006454000201245 ], [ -84.613980999894665, 39.006516000325966 ], [ -84.613719999778766, 39.006693999954209 ], [ -84.61305000030724, 39.007250999712795 ], [ -84.612046999851501, 39.008084999759646 ], [ -84.61177599968984, 39.008313000255441 ], [ -84.61158499989412, 39.008481999741456 ], [ -84.611507000076344, 39.008544999772873 ], [ -84.611240000112645, 39.008766999868328 ], [ -84.610117000006284, 39.009686000325217 ], [ -84.609280999955104, 39.010373999833263 ], [ -84.60845400012478, 39.011053999702447 ], [ -84.607679999997885, 39.011695999842509 ], [ -84.607504000270779, 39.011844000137636 ], [ -84.607403999813343, 39.011926000347025 ], [ -84.607305000079137, 39.012009000002465 ], [ -84.606767999778711, 39.012456000088235 ], [ -84.606390000385247, 39.012769999905139 ], [ -84.606216000307967, 39.012912000084732 ], [ -84.605364000363281, 39.01362200019598 ], [ -84.605146999729996, 39.013798999875597 ], [ -84.604263999823161, 39.014527000331476 ], [ -84.604012999752982, 39.014734000280576 ], [ -84.60378500014734, 39.014923999751133 ], [ -84.603409000403715, 39.015233999701628 ], [ -84.603226999930513, 39.015386000338076 ], [ -84.603110999579556, 39.015481999800301 ], [ -84.602897000217638, 39.015636000279414 ], [ -84.602694999652968, 39.015755000197892 ], [ -84.60231999973422, 39.015937999828324 ], [ -84.602251000137258, 39.015972999963054 ], [ -84.601902999982713, 39.016141999990907 ], [ -84.601815999944066, 39.016177000024676 ], [ -84.601646999889681, 39.016245999861042 ], [ -84.601027999573475, 39.016504000260831 ], [ -84.600473999554609, 39.016699000027728 ], [ -84.600091000138292, 39.016428000138077 ], [ -84.599845000090994, 39.016283999681448 ], [ -84.599692999755021, 39.016185000069854 ], [ -84.599659000318155, 39.016159999751203 ], [ -84.600440000117729, 39.015186000167439 ], [ -84.60104500019024, 39.014430000065921 ], [ -84.60137699955294, 39.014014000152478 ], [ -84.601422999583704, 39.013955000255208 ], [ -84.602369000138026, 39.012775000348846 ], [ -84.602632999728684, 39.012439999851331 ], [ -84.602747000429815, 39.012293999877663 ], [ -84.602862000057542, 39.012148999839738 ], [ -84.602981999708135, 39.011996999923745 ], [ -84.603219000432915, 39.011669000241028 ], [ -84.603456000259385, 39.011296999951625 ], [ -84.60348499967337, 39.011248000287416 ], [ -84.603513999985694, 39.011198999891285 ], [ -84.603689999712785, 39.010874000065392 ], [ -84.603856000292453, 39.010520999842562 ], [ -84.603955000026659, 39.010278999982908 ], [ -84.6041480003705, 39.009727000296749 ], [ -84.604300999633068, 39.00923600004618 ], [ -84.604639999566771, 39.008146999850872 ], [ -84.604930999819928, 39.007214000232047 ], [ -84.605042999972909, 39.006855999728494 ], [ -84.605468000120368, 39.005492000063001 ], [ -84.605960000214935, 39.003911999958788 ], [ -84.606891999627265, 39.000904000344114 ], [ -84.606990000434863, 39.000546999724001 ], [ -84.607062000404895, 39.000187000272412 ], [ -84.607089999993988, 38.999923999734278 ], [ -84.607104000237698, 38.999803000281162 ], [ -84.607109000260579, 38.999486000294347 ], [ -84.607079000123335, 38.999086999946016 ], [ -84.606996000282678, 38.99863799969097 ], [ -84.60693699983311, 38.998407999961906 ], [ -84.606770000326847, 38.997909999759322 ], [ -84.606126999721212, 38.996110000181062 ], [ -84.606173999576868, 38.996101000193804 ], [ -84.606597999899392, 38.996020000256955 ], [ -84.606667000394694, 38.995985000022827 ], [ -84.606674999892306, 38.995967000015327 ], [ -84.606643999930142, 38.99592199997668 ], [ -84.606689999960906, 38.995882000150971 ], [ -84.606711999702213, 38.995877999678413 ], [ -84.606842000296865, 38.995961999779759 ], [ -84.6068580001904, 38.995976000019674 ], [ -84.606872000434109, 38.996030000021477 ], [ -84.606993999734527, 38.996279999958205 ], [ -84.607155000291328, 38.996566999891328 ], [ -84.607230999560997, 38.996667999948507 ], [ -84.607291999660347, 38.996710000240903 ], [ -84.60753699988274, 38.99672400033284 ], [ -84.607643000187949, 38.996757999746634 ], [ -84.607695999891391, 38.996799000229544 ], [ -84.607756999990769, 38.99691799972571 ], [ -84.607779999556996, 38.997013000065735 ], [ -84.60793299971786, 38.997178000316445 ], [ -84.608048000243897, 38.997234000297162 ], [ -84.608162000046718, 38.997273000307402 ], [ -84.608336999948904, 38.997290000233562 ], [ -84.608475000041167, 38.997329000212943 ], [ -84.608603000087683, 38.997374999802972 ], [ -84.608627000377126, 38.9973730003071 ], [ -84.608665000011968, 38.997360000091746 ], [ -84.608986000402325, 38.997343999930798 ], [ -84.609168999802122, 38.997343000182404 ], [ -84.609345000427524, 38.997355999702719 ], [ -84.609435999765822, 38.997338999792476 ], [ -84.609542999895936, 38.997332999905275 ], [ -84.609650000026065, 38.997335000100428 ], [ -84.609741000262645, 38.997354999954553 ], [ -84.609910000317058, 38.997399999780086 ], [ -84.609936000256326, 38.997421000061252 ], [ -84.610260000121428, 38.997577000259213 ], [ -84.610686999918684, 38.997679999758326 ], [ -84.610855000148163, 38.997714999852249 ], [ -84.610901000178913, 38.997716000293487 ], [ -84.610938999813754, 38.997695000099874 ], [ -84.611091999974633, 38.997648000275689 ], [ -84.611244000310606, 38.997641999716578 ], [ -84.611319999580274, 38.997698000028194 ], [ -84.611343000044798, 38.997743000333813 ], [ -84.611380999679653, 38.997776000213882 ], [ -84.611450000174926, 38.997812999743815 ], [ -84.611527000167811, 38.997792000277144 ], [ -84.611557000305055, 38.99777499977349 ], [ -84.611563999977733, 38.997743000333813 ], [ -84.611671000107862, 38.997731999672219 ], [ -84.611763000169375, 38.997706999812337 ], [ -84.611870000299504, 38.997700000213037 ], [ -84.612037999630658, 38.997640999972404 ], [ -84.612127000217441, 38.997600999722067 ], [ -84.612257999738702, 38.997539000162107 ], [ -84.612526000425618, 38.997514000234098 ], [ -84.612600999870367, 38.997481000231787 ], [ -84.612717000221323, 38.997402999720912 ], [ -84.612916000412952, 38.997401000225835 ], [ -84.614041999994029, 38.997561000147343 ], [ -84.614114999788967, 38.997570999694034 ], [ -84.614233999614655, 38.998551000081697 ], [ -84.614253999706136, 38.998709999768217 ], [ -84.614545999784198, 39.00110500010598 ], [ -84.614743000326001, 39.002715000026029 ], [ -84.61499400039618, 39.004774000073532 ], [ -84.615143000359097, 39.005989000326082 ], [ -84.615155000054642, 39.006083999655843 ] ] ] ] } },
{ "type": "Feature", "properties": { "mdshnocar": 16.244 }, "geometry": { "type": "MultiPolygon", "coordinates": [ [ [ [ -84.530965000323121, 39.079812000212947 ], [ -84.530920999942197, 39.079900000212838 ], [ -84.530878000284474, 39.079947999722819 ], [ -84.53082300003291, 39.079990000051687 ], [ -84.530715000077862, 39.080045999986481 ], [ -84.530679999917766, 39.080064000205098 ], [ -84.530601000275041, 39.080099999931278 ], [ -84.530516999711139, 39.080150999918651 ], [ -84.530441000441485, 39.080164000251408 ], [ -84.530354000402838, 39.08015499980673 ], [ -84.530285999732456, 39.080130999777616 ], [ -84.530228999831067, 39.080090000202887 ], [ -84.530171999929649, 39.080034000303023 ], [ -84.530130000096861, 39.0799520003197 ], [ -84.530098000309806, 39.079798999815381 ], [ -84.530087000439138, 39.079746000315325 ], [ -84.530047000256161, 39.079658000123295 ], [ -84.53000000040052, 39.079586000201509 ], [ -84.52951199960556, 39.079035999963168 ], [ -84.529463999924985, 39.078987999832769 ], [ -84.529339000251525, 39.078901000079789 ], [ -84.52924499964189, 39.078850999876657 ], [ -84.52870700041484, 39.078608999675723 ], [ -84.528408999590695, 39.078462999717878 ], [ -84.52829800016093, 39.078414999894981 ], [ -84.528144000175132, 39.078368000036789 ], [ -84.528001000060016, 39.078348000087622 ], [ -84.527830000355777, 39.07835300007546 ], [ -84.527487000224127, 39.078413999898331 ], [ -84.527438999645213, 39.078413999898331 ], [ -84.52731899999462, 39.078416999888276 ], [ -84.527240000351895, 39.078411999904993 ], [ -84.526633999556182, 39.078331000126404 ], [ -84.526386999683979, 39.078326000137018 ], [ -84.526205999934021, 39.078351000080382 ], [ -84.526078999712411, 39.0783790000064 ], [ -84.525913000031068, 39.078440999803078 ], [ -84.52579199965723, 39.078506000228813 ], [ -84.525666000158836, 39.078598999736009 ], [ -84.525585999792909, 39.078676999925527 ], [ -84.525502999952224, 39.078794999690729 ], [ -84.525451999898593, 39.078914999935066 ], [ -84.525353999989306, 39.079255999736198 ], [ -84.525288999691981, 39.07941099998849 ], [ -84.525219000270098, 39.079519000111489 ], [ -84.525080000352929, 39.079691000120981 ], [ -84.525015000055603, 39.079793999930025 ], [ -84.524952000306413, 39.079923000345325 ], [ -84.52475499976461, 39.080461000334282 ], [ -84.524703999710979, 39.080601999816196 ], [ -84.524650000182618, 39.08078300034046 ], [ -84.524623000418444, 39.08094499975325 ], [ -84.524609999999655, 39.081026000017431 ], [ -84.524594000106106, 39.081128999969458 ], [ -84.524591999557984, 39.081301000237872 ], [ -84.524620999870308, 39.081489999988428 ], [ -84.524718999779594, 39.081913999734098 ], [ -84.524883999636032, 39.082572000181166 ], [ -84.524886000184154, 39.082663000034394 ], [ -84.524866000092686, 39.082729999927942 ], [ -84.525133000056357, 39.082876000120777 ], [ -84.525199000178617, 39.083210000103882 ], [ -84.525641000044473, 39.084944000174247 ], [ -84.526004000267648, 39.086426999963564 ], [ -84.526066000191932, 39.086422999733863 ], [ -84.526139999811775, 39.086437000188283 ], [ -84.526173000322061, 39.086466000274029 ], [ -84.52620099991114, 39.086531000278768 ], [ -84.526209000307077, 39.086549000237248 ], [ -84.526262000010504, 39.086786000308685 ], [ -84.526289999599598, 39.086856999977954 ], [ -84.526578000378009, 39.088034000168882 ], [ -84.526625000233665, 39.088194999806518 ], [ -84.526693999830627, 39.088364000013883 ], [ -84.526901000418192, 39.088771999893567 ], [ -84.527134000046701, 39.08921600015703 ], [ -84.527135999696526, 39.089326000292758 ], [ -84.525595000013737, 39.088615000284172 ], [ -84.525497000104437, 39.088563000287621 ], [ -84.525323999852077, 39.088474000083934 ], [ -84.525204000201484, 39.088393999859825 ], [ -84.5250500002157, 39.08826000030961 ], [ -84.524989999941241, 39.088194999806518 ], [ -84.524950999583169, 39.088154000037612 ], [ -84.524835999955457, 39.08798900016545 ], [ -84.524759999787463, 39.087813999879273 ], [ -84.524690000365595, 39.08755200031257 ], [ -84.524567000341932, 39.087568000276782 ], [ -84.524137000171635, 39.087589000267826 ], [ -84.524116000255233, 39.087589000267826 ], [ -84.522809000025859, 39.087591000001019 ], [ -84.522819000071593, 39.087381999684567 ], [ -84.522853000406784, 39.087092999838163 ], [ -84.522856999706434, 39.086355999861468 ], [ -84.52290600011024, 39.085564999950194 ], [ -84.522912999782946, 39.085290000314046 ], [ -84.522912999782946, 39.085223999962906 ], [ -84.522913999607837, 39.085081000152456 ], [ -84.522901999912293, 39.084841000213927 ], [ -84.522696000047958, 39.083230000069371 ], [ -84.522398999947043, 39.081002000284613 ], [ -84.522301999862663, 39.080509000159878 ], [ -84.52224400013634, 39.080300999749973 ], [ -84.522169999618185, 39.080087000284067 ], [ -84.522076999731752, 39.079866000336843 ], [ -84.521938999639502, 39.079572999762298 ], [ -84.521840999730216, 39.079391000335036 ], [ -84.521605999553572, 39.0790280000599 ], [ -84.521393999841465, 39.078737000173582 ], [ -84.521129000425915, 39.0783979999499 ], [ -84.520832000324987, 39.078018000108102 ], [ -84.520681999638853, 39.077811000030543 ], [ -84.520331000009563, 39.077291000286522 ], [ -84.52019700011526, 39.077072999996744 ], [ -84.520075999741437, 39.076858999805701 ], [ -84.519924000303789, 39.076573000153395 ], [ -84.519792999884217, 39.076306999875221 ], [ -84.519639999723353, 39.075966999800443 ], [ -84.519295999766769, 39.075191999844932 ], [ -84.519139000306225, 39.074782000128721 ], [ -84.519074000008899, 39.074575000321246 ], [ -84.519022000130377, 39.074368999960541 ], [ -84.519002000038896, 39.074247000242039 ], [ -84.518969000426921, 39.074049000089921 ], [ -84.518952999635076, 39.073846999834196 ], [ -84.518950999985265, 39.073625999869058 ], [ -84.518976999924547, 39.073302999908947 ], [ -84.519058999940299, 39.072883999701098 ], [ -84.519169000443469, 39.072479000229997 ], [ -84.519560000255723, 39.071177000214739 ], [ -84.519690999776969, 39.070744999964511 ], [ -84.519735999982828, 39.070561999976533 ], [ -84.519763999571893, 39.070502999860189 ], [ -84.520510000109709, 39.067995999961163 ], [ -84.520791000317104, 39.067054000023425 ], [ -84.520849000043413, 39.066861000021518 ], [ -84.521023000120692, 39.067170000081475 ], [ -84.521285999886416, 39.06772500009 ], [ -84.522415999665469, 39.069283999706627 ], [ -84.522581000420232, 39.06927700021879 ], [ -84.524095000338818, 39.06915299981096 ], [ -84.524410999808012, 39.068985999873576 ], [ -84.5245780002126, 39.068809999741617 ], [ -84.524744999718848, 39.068898000211185 ], [ -84.525798000403327, 39.069501000223319 ], [ -84.526180999819658, 39.069720999735004 ], [ -84.527113999955205, 39.070255999759738 ], [ -84.527473999805324, 39.070462000270446 ], [ -84.527185000100317, 39.071161000020183 ], [ -84.527118999978086, 39.071279999898557 ], [ -84.527026000091652, 39.071402999960512 ], [ -84.526976999687861, 39.071450999671377 ], [ -84.526829000448174, 39.071566000080878 ], [ -84.526769999998621, 39.07159999977182 ], [ -84.526556999563297, 39.071694000103989 ], [ -84.526121000443524, 39.071827999737877 ], [ -84.525836000038154, 39.071899999904467 ], [ -84.525764000068136, 39.071918000108994 ], [ -84.525718000037386, 39.071928999689263 ], [ -84.525645000242434, 39.071939999965281 ], [ -84.525347000316629, 39.07199000018376 ], [ -84.525137000254333, 39.072007999667903 ], [ -84.526308999866174, 39.072782000342592 ], [ -84.526431000064917, 39.072846999704687 ], [ -84.526693000005736, 39.072986999683216 ], [ -84.527440000368443, 39.073383999880186 ], [ -84.528762999593013, 39.073307000185231 ], [ -84.528735000003934, 39.073372999829289 ], [ -84.528687000323373, 39.073455999854104 ], [ -84.528503000200345, 39.073711999786298 ], [ -84.528213999597028, 39.074112000261962 ], [ -84.528040000418073, 39.074359000117312 ], [ -84.527748000340026, 39.074768000150776 ], [ -84.527616999920468, 39.074954999875935 ], [ -84.527364000200464, 39.075317000143528 ], [ -84.527282000184698, 39.07542999975422 ], [ -84.52727299996387, 39.075442000220697 ], [ -84.527160999810874, 39.075566000039416 ], [ -84.527046000183162, 39.075670999664879 ], [ -84.526987999558514, 39.075717999924848 ], [ -84.526886000349577, 39.075783000069528 ], [ -84.526709999724176, 39.075862999950878 ], [ -84.526622999685515, 39.075891000166877 ], [ -84.526604000317263, 39.075896999663755 ], [ -84.526476000270748, 39.075932000089473 ], [ -84.526236999896156, 39.075972999988302 ], [ -84.526083999735278, 39.075984999664996 ], [ -84.52561799957995, 39.075983000300184 ], [ -84.526205999934021, 39.076186000048679 ], [ -84.526332000330711, 39.076237000075814 ], [ -84.526349999874057, 39.076244000268076 ], [ -84.52640699977546, 39.076277999797377 ], [ -84.526484999593279, 39.076324000324099 ], [ -84.52662799970841, 39.076425000117133 ], [ -84.526754999930006, 39.076528999835773 ], [ -84.52683399957273, 39.076557999810461 ], [ -84.526934000030153, 39.076616999746207 ], [ -84.527060000426857, 39.076706000265133 ], [ -84.52735099978166, 39.076891999717773 ], [ -84.528062999984286, 39.077316999911496 ], [ -84.528709999889585, 39.077780999867841 ], [ -84.529046000348558, 39.078018000108102 ], [ -84.529176000044899, 39.078093000238994 ], [ -84.52940399965054, 39.078190000290043 ], [ -84.529503000283057, 39.078224000276336 ], [ -84.529642000200212, 39.078254000250674 ], [ -84.530101999609442, 39.078332000124227 ], [ -84.530575000335787, 39.078396999953014 ], [ -84.530667000397287, 39.078404999927763 ], [ -84.530703000382303, 39.078403999930984 ], [ -84.53051800043437, 39.078562999941312 ], [ -84.530417999976947, 39.078797999664481 ], [ -84.530402000083413, 39.07888400025179 ], [ -84.530400000433588, 39.078943000334618 ], [ -84.530422999999814, 39.079042999877743 ], [ -84.530493000320007, 39.079181000144246 ], [ -84.530557999719036, 39.079264000310907 ], [ -84.530818999834935, 39.079492999903287 ], [ -84.530886999606992, 39.079560999998449 ], [ -84.530941000033664, 39.079629000028078 ], [ -84.530971000170908, 39.079718000234401 ], [ -84.530965000323121, 39.079812000212947 ] ] ] ] } },
{ "type": "Feature", "properties": { "mdshnocar": 11.905 }, "geometry": { "type": "MultiPolygon", "coordinates": [ [ [ [ -84.522853000406784, 39.087092999838163 ], [ -84.522819000071593, 39.087381999684567 ], [ -84.522809000025859, 39.087591000001019 ], [ -84.522804999827898, 39.088036999749704 ], [ -84.522761000345284, 39.088836999864967 ], [ -84.522733999682785, 39.089199000025637 ], [ -84.522573999849214, 39.092162999761342 ], [ -84.522572000199403, 39.09220499978975 ], [ -84.522463000419449, 39.092207999890405 ], [ -84.521398999864331, 39.092238000192943 ], [ -84.519869000052196, 39.0923500000941 ], [ -84.51981799999858, 39.092353999987651 ], [ -84.519749000401617, 39.092357999881024 ], [ -84.519662000362956, 39.092367999962001 ], [ -84.518420000430922, 39.092516999815572 ], [ -84.515934000018717, 39.092897000342326 ], [ -84.515773000360227, 39.092922000002446 ], [ -84.513440999933792, 39.093278000001838 ], [ -84.510856999612287, 39.093743000036035 ], [ -84.510337999753517, 39.093872999819517 ], [ -84.510130000239371, 39.093937999969988 ], [ -84.509603999809599, 39.094099999848289 ], [ -84.509474999938149, 39.09414299989119 ], [ -84.506160999870687, 39.095177000241947 ], [ -84.503598000363894, 39.092045000045566 ], [ -84.503326000377328, 39.091512000305208 ], [ -84.503292999867057, 39.091263000212855 ], [ -84.50337900008077, 39.090882000125376 ], [ -84.503473999617029, 39.090465000075078 ], [ -84.504046000077551, 39.08927199974049 ], [ -84.50424799974391, 39.088851999688927 ], [ -84.504570999784107, 39.088143000197583 ], [ -84.504588000400858, 39.088045999886049 ], [ -84.504614000340112, 39.087894999926256 ], [ -84.504624000385874, 39.086993999727063 ], [ -84.504580999829855, 39.086800999871613 ], [ -84.504368000292828, 39.085850000216737 ], [ -84.503759999847276, 39.084571000091572 ], [ -84.503338999897807, 39.083966999934347 ], [ -84.502974000024821, 39.083440999987637 ], [ -84.501538999748945, 39.081838000230306 ], [ -84.501994000033605, 39.081756000251751 ], [ -84.503405000020052, 39.081576000083686 ], [ -84.503830000167497, 39.081520999921338 ], [ -84.504143000161932, 39.081931000226646 ], [ -84.50423299967531, 39.082049000128073 ], [ -84.50428000042929, 39.082051999963461 ], [ -84.505754999989833, 39.081819999766964 ], [ -84.506339000145928, 39.081742000262913 ], [ -84.506268999825735, 39.081461999902366 ], [ -84.50618699980997, 39.081152999659125 ], [ -84.506026000151465, 39.080533000060406 ], [ -84.505856000272161, 39.079869000265056 ], [ -84.505729000050565, 39.079391000335036 ], [ -84.507329000182878, 39.079149999880485 ], [ -84.508925000117259, 39.07889500014096 ], [ -84.509058000186641, 39.07888400025179 ], [ -84.509724000358517, 39.078778999828685 ], [ -84.510497999587102, 39.07865600007073 ], [ -84.510793999863097, 39.079782000203707 ], [ -84.510832000396249, 39.079927000246329 ], [ -84.511012000321301, 39.080601999816196 ], [ -84.511066999674583, 39.08075100011974 ], [ -84.511126000124122, 39.080874999673824 ], [ -84.511212000337849, 39.081028999896326 ], [ -84.51130699987408, 39.081161000018724 ], [ -84.511408000156422, 39.081277999857328 ], [ -84.511530000355151, 39.081397000108062 ], [ -84.511702999709215, 39.081537999811275 ], [ -84.512137999902393, 39.081832999792127 ], [ -84.51217899991029, 39.081859999783134 ], [ -84.512942000166504, 39.082366000156426 ], [ -84.513005999740614, 39.082408999683231 ], [ -84.513170999597051, 39.082518000036544 ], [ -84.513334999628597, 39.082627000221457 ], [ -84.514338000084351, 39.083295000266808 ], [ -84.514647999705744, 39.083500999670669 ], [ -84.514921000415541, 39.083681999730217 ], [ -84.515190999853957, 39.083865999780862 ], [ -84.515323000098434, 39.083959999811007 ], [ -84.515506000396542, 39.084101999886073 ], [ -84.515585000039238, 39.084166999977285 ], [ -84.515682000123633, 39.084250999770433 ], [ -84.515778000383094, 39.084336999986292 ], [ -84.515937000391773, 39.084488999803291 ], [ -84.516190000111749, 39.084754000008438 ], [ -84.516596999817523, 39.085212999665949 ], [ -84.516657999916902, 39.085285000120564 ], [ -84.516734999909787, 39.085371999671146 ], [ -84.516837000017048, 39.085488000299613 ], [ -84.516956999667627, 39.085624999918515 ], [ -84.517257000141598, 39.085967999838331 ], [ -84.517361999723576, 39.086087999735604 ], [ -84.517512000409738, 39.086281000147395 ], [ -84.517687000311909, 39.08652399971259 ], [ -84.517740999840285, 39.08652399971259 ], [ -84.517923000313459, 39.086522999830834 ], [ -84.518030000443588, 39.086521999949106 ], [ -84.518138000398622, 39.086521999949106 ], [ -84.518774000433254, 39.08652399971259 ], [ -84.519289000094062, 39.086526000173244 ], [ -84.51962800002778, 39.086525000291566 ], [ -84.52003999975642, 39.086521000067371 ], [ -84.520346000078177, 39.086526000173244 ], [ -84.520695000057643, 39.086522999830834 ], [ -84.521044999862013, 39.086496000230014 ], [ -84.521340000313103, 39.086428999729733 ], [ -84.521589999660037, 39.086332999734537 ], [ -84.521717999706553, 39.086294999932761 ], [ -84.521829999859548, 39.086278999679784 ], [ -84.522044000119806, 39.086257999996 ], [ -84.522224999869778, 39.086283999802816 ], [ -84.522694000398133, 39.086367999864109 ], [ -84.522777000238804, 39.086372999980831 ], [ -84.522856999706434, 39.086355999861468 ], [ -84.522853000406784, 39.087092999838163 ] ] ] ] } },
{ "type": "Feature", "properties": { "mdshnocar": 1.104 }, "geometry": { "type": "MultiPolygon", "coordinates": [ [ [ [ -84.544715000337419, 38.905835999667858 ], [ -84.544681999827134, 38.906454999676654 ], [ -84.544491999856348, 38.906457999974123 ], [ -84.544181000410035, 38.906473999694271 ], [ -84.543281999711354, 38.906526000158109 ], [ -84.542931999906983, 38.906558999895005 ], [ -84.542735000263505, 38.906579000215295 ], [ -84.542119000320355, 38.906708999713089 ], [ -84.54180299995285, 38.906776999656707 ], [ -84.541321999728908, 38.90691600032563 ], [ -84.540962999703709, 38.907040999683929 ], [ -84.540704999960852, 38.907149000333575 ], [ -84.539980000237762, 38.907472999898573 ], [ -84.539970000192014, 38.907478000089561 ], [ -84.539692000357675, 38.907600999923297 ], [ -84.538643999696077, 38.908092000313189 ], [ -84.538344000120432, 38.90820399989515 ], [ -84.538091000400428, 38.908271999804732 ], [ -84.537820000238781, 38.908312000173453 ], [ -84.53697900016472, 38.908388999928555 ], [ -84.5366660001703, 38.908417000072944 ], [ -84.536400999856411, 38.908440000083431 ], [ -84.536200000014972, 38.90845600005597 ], [ -84.535999999998424, 38.908473000328613 ], [ -84.534650999936261, 38.908590000121137 ], [ -84.534265999971794, 38.90863400011866 ], [ -84.533409999829132, 38.908758000346211 ], [ -84.533192000269239, 38.908800999940475 ], [ -84.533080000116257, 38.908828000322643 ], [ -84.533007000321334, 38.90884800000368 ], [ -84.532841999566571, 38.90890300032072 ], [ -84.532681999732986, 38.908954000106313 ], [ -84.53222200032377, 38.909118999984116 ], [ -84.531951000162124, 38.909227000268359 ], [ -84.53175000032067, 38.909322000091279 ], [ -84.531628999946832, 38.909402000321847 ], [ -84.531243999982365, 38.909644000348045 ], [ -84.530919000292357, 38.909846999652828 ], [ -84.530762999758437, 38.909911999934224 ], [ -84.530597999902, 38.909968999992181 ], [ -84.530007000073198, 38.910141000171691 ], [ -84.529643000025132, 38.910254999874105 ], [ -84.529392999779887, 38.910362999827932 ], [ -84.529184000440821, 38.910488999682904 ], [ -84.528920999776773, 38.910679000017637 ], [ -84.528787999707376, 38.910796999940096 ], [ -84.528626000223994, 38.910966000103436 ], [ -84.527884999709059, 38.911777000127842 ], [ -84.527702000309276, 38.911950999930681 ], [ -84.527585000133413, 38.91204699985623 ], [ -84.527371999698062, 38.912209999730955 ], [ -84.527204000366893, 38.912313999905706 ], [ -84.527017999695744, 38.9124149998825 ], [ -84.526237999721076, 38.912766999702498 ], [ -84.525800000053152, 38.912974000123882 ], [ -84.525487999883609, 38.913171999901223 ], [ -84.523515000380698, 38.914581999986652 ], [ -84.523144999586535, 38.914852999742678 ], [ -84.522978000080272, 38.914990999762473 ], [ -84.522582000245137, 38.91537299999797 ], [ -84.522393999924176, 38.915552999897585 ], [ -84.522101999846114, 38.915783000308643 ], [ -84.52175799988953, 38.916047999888498 ], [ -84.521520000238155, 38.916239000214283 ], [ -84.521316999848565, 38.916406000315796 ], [ -84.521148999619072, 38.91655699978466 ], [ -84.520909000317886, 38.916772999919814 ], [ -84.520560000338421, 38.917158999676005 ], [ -84.520419999698035, 38.917337000279517 ], [ -84.520249999818716, 38.917578999810516 ], [ -84.520173999650723, 38.917698000316953 ], [ -84.520105000053761, 38.917814000107548 ], [ -84.520029999710687, 38.917949000149314 ], [ -84.51999200007586, 38.918017999978268 ], [ -84.519858000181557, 38.918303000110811 ], [ -84.519766000120043, 38.918535999783181 ], [ -84.519693000325105, 38.918748000248137 ], [ -84.519674000058529, 38.918805000199185 ], [ -84.519227999994698, 38.920105999715943 ], [ -84.519101999597993, 38.920401999944211 ], [ -84.519013999734455, 38.920550999728817 ], [ -84.518957999657957, 38.9206230002209 ], [ -84.518872000342554, 38.920723000123068 ], [ -84.518677000348887, 38.920897999787464 ], [ -84.518504000096513, 38.921017999747178 ], [ -84.518198999599676, 38.921184999784408 ], [ -84.517636000258292, 38.921445999674717 ], [ -84.516310999587262, 38.922074000146573 ], [ -84.515460000365792, 38.922479000347145 ], [ -84.515318999900472, 38.922545999753709 ], [ -84.515109999663096, 38.922657000185502 ], [ -84.514944999806659, 38.922746000286637 ], [ -84.514851000095319, 38.922803999923389 ], [ -84.514776999577151, 38.922849999697981 ], [ -84.514677000018054, 38.922918999653341 ], [ -84.514540999575615, 38.923012999920182 ], [ -84.51441300042741, 38.92311199985091 ], [ -84.514380999742045, 38.92313700018569 ], [ -84.514214000235782, 38.923281000041733 ], [ -84.514168000205032, 38.923322999828208 ], [ -84.513926000355681, 38.923563999819642 ], [ -84.513641999775245, 38.923903999914621 ], [ -84.512684000423647, 38.925166999789255 ], [ -84.51263099982188, 38.925223000106946 ], [ -84.512583999966239, 38.925297000184443 ], [ -84.512363999858195, 38.925582999795985 ], [ -84.512347000139769, 38.925607999958899 ], [ -84.512213000245467, 38.925779999974452 ], [ -84.512023000274667, 38.926037000207991 ], [ -84.511957999977326, 38.92611599971201 ], [ -84.511931000213167, 38.926161000080143 ], [ -84.511858000418215, 38.92624499971258 ], [ -84.511803000166637, 38.926322000278333 ], [ -84.511547999898497, 38.926641000134396 ], [ -84.511377000194287, 38.926888000301624 ], [ -84.511282999584637, 38.927055999841926 ], [ -84.511243000299999, 38.927153999681202 ], [ -84.511188000048392, 38.9271419998936 ], [ -84.51089799962017, 38.927135000307693 ], [ -84.510588999823682, 38.927216000065833 ], [ -84.510250999714899, 38.927286000006667 ], [ -84.509811000397136, 38.927350999690191 ], [ -84.508878000261589, 38.927461000255299 ], [ -84.508823999834917, 38.927466999773003 ], [ -84.508428999824702, 38.927497000149081 ], [ -84.50798500030902, 38.927520000265808 ], [ -84.507191999915534, 38.927573000020175 ], [ -84.505934000089979, 38.927659000143876 ], [ -84.505741999571043, 38.927662000243835 ], [ -84.50541299968306, 38.927640000206765 ], [ -84.504965999794322, 38.927585999769249 ], [ -84.504699999655529, 38.927537000164961 ], [ -84.504108999826741, 38.927429999827432 ], [ -84.503801999680078, 38.927389999751213 ], [ -84.503496000256632, 38.927392999862555 ], [ -84.503183000262197, 38.927451999929566 ], [ -84.502594999908155, 38.927542999676184 ], [ -84.502235000058022, 38.927606999788992 ], [ -84.502105000361681, 38.927637000105875 ], [ -84.501887999728396, 38.927706000297455 ], [ -84.501731000267867, 38.927772000326691 ], [ -84.501573999909041, 38.927839000325378 ], [ -84.50089000019382, 38.928160999728071 ], [ -84.500587000245119, 38.928293000276192 ], [ -84.500429999886293, 38.928367999969915 ], [ -84.500263000380016, 38.928448999717844 ], [ -84.500033000226253, 38.928582999770647 ], [ -84.499848000278334, 38.928721000342755 ], [ -84.499783999805913, 38.928786000109 ], [ -84.499444000047291, 38.929084999804139 ], [ -84.499105000113573, 38.92935800009618 ], [ -84.498555000292654, 38.929803000081087 ], [ -84.497959000441, 38.930215000166172 ], [ -84.497868000204406, 38.930274999978899 ], [ -84.49745599957744, 38.929899000314741 ], [ -84.497280999675255, 38.929717999765707 ], [ -84.497062000290455, 38.929506999940322 ], [ -84.496562999624871, 38.928990999895575 ], [ -84.495220000308791, 38.927636000072262 ], [ -84.494801999834038, 38.927222000303097 ], [ -84.494230000271827, 38.926631999704625 ], [ -84.493968000331023, 38.926319000121701 ], [ -84.493276000219879, 38.925396999788745 ], [ -84.493103999792424, 38.925153000227056 ], [ -84.492954999829507, 38.924898999803347 ], [ -84.492736000444722, 38.924484000057092 ], [ -84.492622999568496, 38.924248000103759 ], [ -84.492271000114286, 38.923608000318389 ], [ -84.49219099974836, 38.923448999737367 ], [ -84.492111000280744, 38.923222000000145 ], [ -84.492075000295728, 38.923085000010545 ], [ -84.492071999922672, 38.923029000101863 ], [ -84.492070000272847, 38.922994000136484 ], [ -84.49203500011275, 38.922932999656375 ], [ -84.491977000386413, 38.922890000237373 ], [ -84.491917000111982, 38.922864999815502 ], [ -84.491681000110432, 38.922819000050637 ], [ -84.491431999690079, 38.922782999879594 ], [ -84.491338999803673, 38.92278000027224 ], [ -84.491154999680646, 38.922787000287791 ], [ -84.49022200044341, 38.922881000030614 ], [ -84.490142999902375, 38.922893999940598 ], [ -84.48987500011377, 38.922963999952749 ], [ -84.489572999989974, 38.923060999755563 ], [ -84.48933899963825, 38.923145999661124 ], [ -84.488427000317401, 38.923511999957462 ], [ -84.488192999965676, 38.92359399974967 ], [ -84.487883000344283, 38.923678000324934 ], [ -84.487609999634486, 38.923725999710463 ], [ -84.487314000256802, 38.923780000290712 ], [ -84.487191000233153, 38.923812000304572 ], [ -84.48696000025447, 38.923899000181954 ], [ -84.486595000381485, 38.924083999839702 ], [ -84.485475999574774, 38.924511000063873 ], [ -84.484479999690038, 38.924906000308702 ], [ -84.483948000310775, 38.925104999710406 ], [ -84.483600999981164, 38.925245000194721 ], [ -84.482831000052229, 38.925543000076054 ], [ -84.482585000004917, 38.925661999805506 ], [ -84.482421999798305, 38.925725000157058 ], [ -84.482200999865356, 38.925790999932836 ], [ -84.481827999596462, 38.925869999710784 ], [ -84.481468999571263, 38.92593600005052 ], [ -84.481333000027135, 38.925953999687785 ], [ -84.481155999576814, 38.925958999974455 ], [ -84.481013000359994, 38.925939000223309 ], [ -84.480767000312696, 38.925890000180253 ], [ -84.48052899976301, 38.925829000093543 ], [ -84.480361000431827, 38.92577300025421 ], [ -84.479045999806559, 38.925137999894396 ], [ -84.478927999805776, 38.925093000275027 ], [ -84.477681999675781, 38.924750000064329 ], [ -84.47752199984221, 38.924695000147231 ], [ -84.47704999983911, 38.924502000062759 ], [ -84.476767999806782, 38.924401999895785 ], [ -84.476515999911726, 38.924323999961182 ], [ -84.476325000116006, 38.924253999893139 ], [ -84.476127999574189, 38.924163000120757 ], [ -84.475869999831332, 38.92401400023369 ], [ -84.475515000004094, 38.923794000123841 ], [ -84.475416000269888, 38.923757999748688 ], [ -84.475294000071159, 38.923733000331573 ], [ -84.47512500001676, 38.923723000142928 ], [ -84.475043000000994, 38.92372899997671 ], [ -84.474955999962361, 38.923743999908446 ], [ -84.474880999619288, 38.923756999660348 ], [ -84.474808999649255, 38.923769000020528 ], [ -84.474766999816467, 38.923763000190135 ], [ -84.47472800035672, 38.923747000173925 ], [ -84.474670999557006, 38.92370100028208 ], [ -84.47463600029522, 38.92366000011021 ], [ -84.474500999677687, 38.923362000007067 ], [ -84.474426000232938, 38.923232000259404 ], [ -84.474278999919846, 38.923086000108363 ], [ -84.474140999827583, 38.922988000240551 ], [ -84.473992999689571, 38.922906999848237 ], [ -84.473832000031095, 38.922840000083731 ], [ -84.473677000220391, 38.922816999847477 ], [ -84.473518000211726, 38.922822999757919 ], [ -84.473497000295325, 38.922826000062393 ], [ -84.47335800037817, 38.922842999688598 ], [ -84.473185000125795, 38.922872999923484 ], [ -84.472561999611642, 38.922954999755383 ], [ -84.47227200008173, 38.923009000223615 ], [ -84.472175999822255, 38.923039999787889 ], [ -84.4720369999051, 38.923097999883204 ], [ -84.471526000442239, 38.92335199976614 ], [ -84.47133899994617, 38.923439000207551 ], [ -84.471173000264827, 38.923529000118187 ], [ -84.471103999769539, 38.923576000212513 ], [ -84.47093300006533, 38.923712999952883 ], [ -84.470738000071648, 38.923909000345787 ], [ -84.4705380000551, 38.924132999732443 ], [ -84.470383000244411, 38.924297999963962 ], [ -84.470282999786974, 38.924426999775996 ], [ -84.470240999954171, 38.924512000141583 ], [ -84.470230999908438, 38.924587000338441 ], [ -84.47023900030436, 38.924710999949596 ], [ -84.470278999589013, 38.925095999784645 ], [ -84.470312000099312, 38.925673999843511 ], [ -84.470260000220748, 38.925629999927274 ], [ -84.47012799997627, 38.92553799976001 ], [ -84.46979700043849, 38.925333999844781 ], [ -84.469737000164031, 38.925307000151214 ], [ -84.469614999965302, 38.92525199996706 ], [ -84.469597000421942, 38.925280999815321 ], [ -84.469573999957404, 38.925380000075577 ], [ -84.46955899988879, 38.92541500026163 ], [ -84.469520000429057, 38.925580999670743 ], [ -84.469481999895891, 38.925674999904828 ], [ -84.469490000291813, 38.925958999974455 ], [ -84.469582000353327, 38.926174000088032 ], [ -84.469628000384091, 38.926295000261931 ], [ -84.469666000018904, 38.926445000300752 ], [ -84.469681000087533, 38.926573999703066 ], [ -84.469665000194013, 38.926670000113717 ], [ -84.469651999775209, 38.926900000132242 ], [ -84.469649000300478, 38.927006999871494 ], [ -84.469642999554381, 38.927160999964038 ], [ -84.469650000125398, 38.92748899986367 ], [ -84.469635000056769, 38.927593000009452 ], [ -84.469635000056769, 38.927686999674094 ], [ -84.469619999988154, 38.927876000057623 ], [ -84.469597000421942, 38.927933999693458 ], [ -84.469597000421942, 38.928096000087905 ], [ -84.469589000026019, 38.928119000010419 ], [ -84.469604000094634, 38.928186999707222 ], [ -84.469597000421942, 38.928236000260199 ], [ -84.469597000421942, 38.928271999760682 ], [ -84.469565999561496, 38.928384000341573 ], [ -84.469589000026019, 38.928447999695628 ], [ -84.469589000026019, 38.928478999678624 ], [ -84.469551000391192, 38.928564000081032 ], [ -84.469459000329678, 38.928651999740836 ], [ -84.469414000123848, 38.928674000162893 ], [ -84.469284000427507, 38.928788000143889 ], [ -84.469070000167264, 38.929009000155354 ], [ -84.468871999800527, 38.929243000321357 ], [ -84.468810999701176, 38.929377000271906 ], [ -84.468773000066335, 38.929479999738504 ], [ -84.468727000035571, 38.929716999761389 ], [ -84.468742999929106, 38.929817000123236 ], [ -84.468696999898356, 38.930031999724974 ], [ -84.468689000400744, 38.930098999685413 ], [ -84.468703999571048, 38.930158000297027 ], [ -84.4687420001042, 38.930166000281432 ], [ -84.469054000273729, 38.930230000124112 ], [ -84.469187000343126, 38.930343999700867 ], [ -84.469271000008703, 38.930494000262421 ], [ -84.46924400024453, 38.930548999876379 ], [ -84.469172000274497, 38.930598000195353 ], [ -84.469128999718478, 38.930921000338515 ], [ -84.469127999893573, 38.931057999870632 ], [ -84.469153000007935, 38.931183000034075 ], [ -84.46913899976424, 38.931235999846784 ], [ -84.469080000212998, 38.931333000218906 ], [ -84.469096999931438, 38.9314120001142 ], [ -84.469131000266614, 38.931549000095522 ], [ -84.469161000403844, 38.931679999952586 ], [ -84.469204000061552, 38.9318539998687 ], [ -84.469154999657746, 38.931844000126084 ], [ -84.469077999664862, 38.931783000267771 ], [ -84.469007000418074, 38.931753000306749 ], [ -84.468939999572598, 38.931738999947868 ], [ -84.468920000379427, 38.93171999970604 ], [ -84.468891000067117, 38.931661999671874 ], [ -84.468851999709045, 38.931635000290363 ], [ -84.468799999830509, 38.931627999750241 ], [ -84.468744999578917, 38.931631999659679 ], [ -84.468544999562397, 38.931610000155082 ], [ -84.468448000376313, 38.931590999878694 ], [ -84.468074000282499, 38.931506000308424 ], [ -84.466894000274763, 38.932228999682415 ], [ -84.465790000434964, 38.932573000031972 ], [ -84.465668000236235, 38.932566000283174 ], [ -84.465530000143971, 38.932580999743976 ], [ -84.465477000440529, 38.932566000283174 ], [ -84.465392999876627, 38.932569000175597 ], [ -84.465355000241786, 38.932580999743976 ], [ -84.465248000111657, 38.932565000319059 ], [ -84.465149000377465, 38.932562999691868 ], [ -84.464966000079372, 38.932573000031972 ], [ -84.46488200041378, 38.932538999848241 ], [ -84.464760000215037, 38.932528000237511 ], [ -84.464539000282102, 38.932491000136665 ], [ -84.464347999588071, 38.932495999962541 ], [ -84.463988999562872, 38.932552000084819 ], [ -84.463913000293203, 38.93255000015612 ], [ -84.463736999667788, 38.932488000240944 ], [ -84.463570000161525, 38.932474999992635 ], [ -84.463508000237255, 38.932495999962541 ], [ -84.463379000365819, 38.932511000136905 ], [ -84.463340999832667, 38.932506000312031 ], [ -84.463233999702553, 38.932513000066749 ], [ -84.463211000136326, 38.932520999785531 ], [ -84.463158000432884, 38.932501999753136 ], [ -84.462898999966811, 38.932474000027185 ], [ -84.462859999608739, 38.932458999845004 ], [ -84.462806999905297, 38.932413000011906 ], [ -84.462791000011762, 38.932363000281036 ], [ -84.462996999876097, 38.93198499986125 ], [ -84.462990000203391, 38.931934999828655 ], [ -84.462959000241241, 38.931899000090787 ], [ -84.462874999677354, 38.931847000048997 ], [ -84.462471000344635, 38.931720999682121 ], [ -84.462431999986563, 38.93170200013423 ], [ -84.462257999909284, 38.931621999885714 ], [ -84.462180999916399, 38.931571000317788 ], [ -84.462089999679804, 38.931542000245713 ], [ -84.461922000348622, 38.931507000287525 ], [ -84.461790000104145, 38.931489999942187 ], [ -84.461655000384937, 38.931468999674429 ], [ -84.46100400028169, 38.931303000067551 ], [ -84.460877000060066, 38.931271999921115 ], [ -84.460800000067181, 38.931269999956271 ], [ -84.460502999966266, 38.931285999673321 ], [ -84.460334999736773, 38.931286999655526 ], [ -84.460242999675273, 38.931267000008958 ], [ -84.46019800036774, 38.931229999949096 ], [ -84.460174000078311, 38.931176000148099 ], [ -84.46016700040559, 38.93104500005898 ], [ -84.46015200033699, 38.930958999847576 ], [ -84.460123999849586, 38.930938000121408 ], [ -84.46006000027549, 38.930911999752972 ], [ -84.459793000311777, 38.930870000266601 ], [ -84.459732000212426, 38.930850999791936 ], [ -84.459373000187213, 38.930792999745918 ], [ -84.459174999820505, 38.930784999832241 ], [ -84.459106000223528, 38.930796999702444 ], [ -84.458763000091849, 38.93091499971537 ], [ -84.458573000121064, 38.930964999768236 ], [ -84.458511000196779, 38.930963999781497 ], [ -84.458435000028786, 38.930952999926454 ], [ -84.458320000401073, 38.930924000300507 ], [ -84.458161000392408, 38.930852999768589 ], [ -84.458029999972837, 38.930764000054559 ], [ -84.457947000132165, 38.93071699983075 ], [ -84.457855000070651, 38.930679000192036 ], [ -84.457817000435824, 38.930674000238028 ], [ -84.457625999741794, 38.930697000023457 ], [ -84.45758100043426, 38.930687000117672 ], [ -84.45753500040351, 38.93065899967516 ], [ -84.457481999801757, 38.930613000072299 ], [ -84.45748900037276, 38.930544999905912 ], [ -84.457504000441375, 38.930518000099212 ], [ -84.457542999901122, 38.930497000242482 ], [ -84.457604000000472, 38.930421000010099 ], [ -84.457695000237081, 38.930199000207523 ], [ -84.457701999909787, 38.930162000289315 ], [ -84.457695000237081, 38.93010399967995 ], [ -84.457680000168466, 38.930062999714544 ], [ -84.457641999635314, 38.9300209997254 ], [ -84.457588000106966, 38.929992999718799 ], [ -84.457511999938987, 38.929977999710744 ], [ -84.457306000074666, 38.929968999704371 ], [ -84.457100000210332, 38.929945999682928 ], [ -84.457024000042352, 38.929926999659621 ], [ -84.456894000346011, 38.929861000237743 ], [ -84.456855999812873, 38.929865000246835 ], [ -84.456803999934323, 38.929394999734903 ], [ -84.456566000282947, 38.929055000099652 ], [ -84.456348999649663, 38.928746000098627 ], [ -84.456208000082668, 38.928544999687539 ], [ -84.455393999772795, 38.927756999848953 ], [ -84.455360000335915, 38.927724000184462 ], [ -84.455294000213669, 38.927660000177205 ], [ -84.454546999850947, 38.928057999743906 ], [ -84.45403800003794, 38.927947000075214 ], [ -84.453770000249335, 38.927855000117503 ], [ -84.453469999775365, 38.927750999656993 ], [ -84.453228999750948, 38.927771000294925 ], [ -84.452967999635035, 38.927836000232894 ], [ -84.452849999634253, 38.928051000248431 ], [ -84.452811000174506, 38.92823999966209 ], [ -84.452791999907944, 38.928546999729207 ], [ -84.452797999755717, 38.928606000234097 ], [ -84.452554000256555, 38.928841000348541 ], [ -84.452300999638254, 38.928993999939209 ], [ -84.451898999955361, 38.928980999749328 ], [ -84.451509999792933, 38.927909999681219 ], [ -84.451284999662022, 38.927264999891896 ], [ -84.450571999634505, 38.924866000207061 ], [ -84.449627999628291, 38.922584999660735 ], [ -84.449463999596759, 38.922307000016367 ], [ -84.448953000133912, 38.921434000319387 ], [ -84.448640000139463, 38.920774999932632 ], [ -84.44839599974199, 38.920266999676883 ], [ -84.448146000395056, 38.919745000047207 ], [ -84.447646999729443, 38.918964000004586 ], [ -84.447158999832837, 38.918368000336301 ], [ -84.446626999555249, 38.917852000347217 ], [ -84.445926999946536, 38.917299999943424 ], [ -84.445112999636663, 38.916805000298119 ], [ -84.444392000111534, 38.91634599995627 ], [ -84.443900999841858, 38.915904000031183 ], [ -84.443819999650998, 38.915696000265108 ], [ -84.443756000076903, 38.914987000312692 ], [ -84.443798999734597, 38.9146319996687 ], [ -84.443956000093422, 38.914284999723165 ], [ -84.444389999563398, 38.913684999677791 ], [ -84.444525000180917, 38.913410000116954 ], [ -84.44473900044116, 38.91266600022665 ], [ -84.444712999603581, 38.912160999992359 ], [ -84.444698000433277, 38.912085999941787 ], [ -84.444630999587815, 38.911736000055917 ], [ -84.444003999774026, 38.910644000251757 ], [ -84.443375000310368, 38.909775000110464 ], [ -84.44161899964412, 38.907708999720981 ], [ -84.441541999651236, 38.907595999740984 ], [ -84.441438999719068, 38.907505000275904 ], [ -84.441201999892613, 38.907296000041143 ], [ -84.440843999692333, 38.907164999898043 ], [ -84.44020000016009, 38.907002999947053 ], [ -84.439825000241356, 38.906959000336627 ], [ -84.439642999768168, 38.906928000038704 ], [ -84.439368000306871, 38.906664000290249 ], [ -84.43923600006238, 38.906400000259083 ], [ -84.439087000099462, 38.906077999967152 ], [ -84.438944999809266, 38.905566000081933 ], [ -84.438912000197291, 38.904880000067436 ], [ -84.439661000209838, 38.901503999891169 ], [ -84.439780999860432, 38.900511999700974 ], [ -84.43966299985965, 38.899445000209973 ], [ -84.439470000414133, 38.898135000337803 ], [ -84.439508000048946, 38.897743999719594 ], [ -84.439506000399135, 38.897634999687405 ], [ -84.439647999791049, 38.897264999722161 ], [ -84.440072999938479, 38.896536999672541 ], [ -84.44076900024757, 38.895105000185488 ], [ -84.441287000281434, 38.893686000156549 ], [ -84.441668000047926, 38.892733000052282 ], [ -84.442682000374347, 38.890192000141667 ], [ -84.443017000110089, 38.889055000295173 ], [ -84.443192000012289, 38.887345000055653 ], [ -84.443318000408979, 38.886056999698049 ], [ -84.443842000290616, 38.884184999751838 ], [ -84.4442359995776, 38.882797000098613 ], [ -84.444515000135183, 38.881816999900472 ], [ -84.444932999711611, 38.880550999977594 ], [ -84.446747999929087, 38.876950999923992 ], [ -84.447768999928186, 38.875063000138503 ], [ -84.44790700002045, 38.874610999755511 ], [ -84.44811399970969, 38.873935000267153 ], [ -84.448881999988814, 38.872217999689092 ], [ -84.449600999864117, 38.870882999997413 ], [ -84.449822999621958, 38.870546999691655 ], [ -84.450207999586439, 38.869963000293431 ], [ -84.450671000267022, 38.869387000134473 ], [ -84.450866000260675, 38.869179999942688 ], [ -84.450964000169975, 38.869067999665347 ], [ -84.451200999996431, 38.868808999878027 ], [ -84.452312000407233, 38.867274000235483 ], [ -84.452592999716302, 38.866703999727712 ], [ -84.452709000067259, 38.86629200029946 ], [ -84.452674999732082, 38.865804999913031 ], [ -84.452488000134323, 38.865304999726575 ], [ -84.452181999812581, 38.864898000275844 ], [ -84.451776999756618, 38.864461000169037 ], [ -84.451314999799251, 38.86409100018755 ], [ -84.450438999565094, 38.863495000157386 ], [ -84.449591999643275, 38.862814000036138 ], [ -84.449348000144113, 38.862560999954269 ], [ -84.449251000059746, 38.862283999855222 ], [ -84.449251000059746, 38.862204999965044 ], [ -84.449257999732438, 38.862073000333424 ], [ -84.449266000128361, 38.861833000311826 ], [ -84.449322000204859, 38.86164900028291 ], [ -84.44943299963461, 38.861286999710529 ], [ -84.449750999651926, 38.860717999744658 ], [ -84.450217999632173, 38.860255999743401 ], [ -84.450910999568208, 38.859563000059218 ], [ -84.451672000174639, 38.858963000040752 ], [ -84.452428999684784, 38.85843799998139 ], [ -84.453427000117657, 38.857888000025824 ], [ -84.454617000171169, 38.857432999989015 ], [ -84.457040999760792, 38.856286000028383 ], [ -84.459389000080748, 38.854882999972475 ], [ -84.459953000145362, 38.854445000210099 ], [ -84.460104999582995, 38.85430599969451 ], [ -84.460574000111379, 38.853873000343313 ], [ -84.461807999647505, 38.852899000306692 ], [ -84.46259400036827, 38.852447000312374 ], [ -84.463109999853998, 38.852239000074313 ], [ -84.463400000282221, 38.85205899990202 ], [ -84.463581999857098, 38.85174799976685 ], [ -84.463842000148091, 38.850951999811059 ], [ -84.463836000300304, 38.850764999760614 ], [ -84.463827000079462, 38.850490000027982 ], [ -84.463822000056609, 38.850326000101148 ], [ -84.463663999872864, 38.849904000129442 ], [ -84.463180999999096, 38.849004999891214 ], [ -84.462710999645822, 38.848211999982489 ], [ -84.462508999979462, 38.8478899996867 ], [ -84.462334999902183, 38.847626999969386 ], [ -84.462170999870665, 38.847375999957613 ], [ -84.462028999580426, 38.847169000050847 ], [ -84.461739000050528, 38.846794000085119 ], [ -84.461630000270588, 38.846668999657233 ], [ -84.461496000376272, 38.846514000109018 ], [ -84.461325999598643, 38.846276000312358 ], [ -84.461092000145229, 38.846014000009468 ], [ -84.460928000113711, 38.845853000316737 ], [ -84.460729999746988, 38.845636999974175 ], [ -84.460503999791172, 38.84538100027369 ], [ -84.460324999691039, 38.845150999954008 ], [ -84.460035000161128, 38.844837000300508 ], [ -84.459425000065764, 38.844236999889375 ], [ -84.458785999658076, 38.843606999889232 ], [ -84.458501000151031, 38.843380000294545 ], [ -84.457936000261498, 38.84293100016847 ], [ -84.456382000159934, 38.841766000059032 ], [ -84.455603999835077, 38.841106000088416 ], [ -84.454028999817098, 38.839635000319291 ], [ -84.453504000110556, 38.838848000234826 ], [ -84.45311099975018, 38.838038000137558 ], [ -84.452904999885845, 38.837303999842504 ], [ -84.452801999953678, 38.836540999983875 ], [ -84.452702000394567, 38.835785999764298 ], [ -84.452657000188722, 38.834752999733958 ], [ -84.452668000059376, 38.833848000054687 ], [ -84.45276000012089, 38.833272999831969 ], [ -84.452699000021511, 38.832781000216691 ], [ -84.45274300040245, 38.831956999905749 ], [ -84.452979000404, 38.830034000337044 ], [ -84.453193999590837, 38.828963999939539 ], [ -84.453324000185489, 38.828041000180598 ], [ -84.453334000231237, 38.827356999887478 ], [ -84.453176000047492, 38.826380999934273 ], [ -84.452605000310186, 38.824818999859794 ], [ -84.452389000400117, 38.823987999811528 ], [ -84.45233699962327, 38.823789999923115 ], [ -84.452330999775498, 38.822951999706675 ], [ -84.452317000430085, 38.822900999777701 ], [ -84.452206000102009, 38.822493999844944 ], [ -84.452201999904048, 38.822205999890194 ], [ -84.452199000429331, 38.822007999945427 ], [ -84.452138000329953, 38.821664000082521 ], [ -84.451892000282669, 38.820992000341285 ], [ -84.451851000274786, 38.820923000052623 ], [ -84.451507000318188, 38.820343999833973 ], [ -84.450774000199189, 38.819525999982183 ], [ -84.449918000056513, 38.818743000092361 ], [ -84.4490719999596, 38.81812899980212 ], [ -84.448223000387955, 38.81764600005549 ], [ -84.447513999660075, 38.817336999668782 ], [ -84.446056999642863, 38.817072000042835 ], [ -84.445018000100418, 38.816975999876895 ], [ -84.444844000023139, 38.816988000079711 ], [ -84.444319000316582, 38.817023999976037 ], [ -84.444059999850509, 38.817089999972033 ], [ -84.443751000054021, 38.817168000079306 ], [ -84.443580000349812, 38.817210999805809 ], [ -84.443280999700733, 38.817336999668782 ], [ -84.443070999638451, 38.817424999963002 ], [ -84.44233000002184, 38.817841999870836 ], [ -84.442011000179605, 38.818171000173031 ], [ -84.44191499992013, 38.818277999939539 ], [ -84.441492000320835, 38.818963000130147 ], [ -84.440903000141873, 38.820031000059338 ], [ -84.44010600044875, 38.821473000232487 ], [ -84.438954999855, 38.823825999880164 ], [ -84.438444000392153, 38.824689000303543 ], [ -84.43808899966659, 38.825108999898724 ], [ -84.437352000247927, 38.825823000032869 ], [ -84.435861999720458, 38.826861999812351 ], [ -84.434256999565264, 38.827616000174082 ], [ -84.433630999576366, 38.827862999750614 ], [ -84.432726999753129, 38.828136000090353 ], [ -84.431841000371563, 38.828341000016088 ], [ -84.431524000179152, 38.828389000152356 ], [ -84.430312000384347, 38.828551000198395 ], [ -84.429775000083893, 38.828526000159215 ], [ -84.428973000367932, 38.828409000082956 ], [ -84.427902999965013, 38.828196000078492 ], [ -84.427380999733188, 38.828005000255366 ], [ -84.427148000104708, 38.827918999815914 ], [ -84.426498999651272, 38.827601000234537 ], [ -84.425500000291791, 38.82704400014817 ], [ -84.424743999708241, 38.826531999716345 ], [ -84.424058000343194, 38.825871999834376 ], [ -84.42328800041426, 38.825251999673718 ], [ -84.422848000198215, 38.824904999844932 ], [ -84.422765000357558, 38.824850999671106 ], [ -84.422455999662745, 38.824651999998856 ], [ -84.421935999979056, 38.824316999712885 ], [ -84.421608999740911, 38.823931000059176 ], [ -84.421485999717262, 38.823572000299784 ], [ -84.4212270001495, 38.822897000042438 ], [ -84.421058999920007, 38.82246000014419 ], [ -84.420823999743376, 38.821765000151515 ], [ -84.420459999695282, 38.820193999673144 ], [ -84.419822000010825, 38.817228999699942 ], [ -84.419572999590486, 38.816650999739871 ], [ -84.419221999961209, 38.816205000281975 ], [ -84.419047000059038, 38.816026999658945 ], [ -84.418514999781451, 38.815471000234844 ], [ -84.418303000069344, 38.815258000021835 ], [ -84.418033999557522, 38.814996000318956 ], [ -84.417886000317836, 38.814759000334519 ], [ -84.417764000119092, 38.81443999984576 ], [ -84.417677999905379, 38.814144999993928 ], [ -84.417626999851748, 38.813942000261704 ], [ -84.417528999942462, 38.813658000272284 ], [ -84.417504999653019, 38.813471000213084 ], [ -84.417440000254004, 38.812933000014617 ], [ -84.41745699997243, 38.811937999653168 ], [ -84.417564999927478, 38.811363000265487 ], [ -84.41783799973895, 38.810670999912411 ], [ -84.417846999959792, 38.810649000037763 ], [ -84.417860000378568, 38.810635000304892 ], [ -84.418113999923463, 38.810343999834423 ], [ -84.418489999667116, 38.810104000305486 ], [ -84.418965999868178, 38.809985000177981 ], [ -84.419417999779796, 38.809913999842458 ], [ -84.420206000150387, 38.809647000008006 ], [ -84.420576999871145, 38.809430000086998 ], [ -84.420761999819078, 38.809285000139106 ], [ -84.421003999668415, 38.808979999695723 ], [ -84.421057000270181, 38.808782999686066 ], [ -84.421024999584816, 38.808506999815172 ], [ -84.420868999949207, 38.808202000240968 ], [ -84.420234999564386, 38.807642999667358 ], [ -84.419469999658332, 38.807188999970947 ], [ -84.419324999893362, 38.807115999688143 ], [ -84.418990000157621, 38.806953999876804 ], [ -84.418733000239669, 38.806827999846703 ], [ -84.418614000413982, 38.806768999689325 ], [ -84.418365999818548, 38.806683999839443 ], [ -84.418323999985759, 38.806670000027353 ], [ -84.418175999847762, 38.806619999976093 ], [ -84.418318999962892, 38.806297999813367 ], [ -84.418384000260218, 38.806152999790982 ], [ -84.418472999948662, 38.805945000049825 ], [ -84.418486000367466, 38.805915000138036 ], [ -84.418491000390333, 38.805903999817183 ], [ -84.418502000260986, 38.805893999842205 ], [ -84.418595000147405, 38.805875000235972 ], [ -84.418682000186038, 38.805863999908937 ], [ -84.420198999579398, 38.805678999691203 ], [ -84.422141999843376, 38.805442000208828 ], [ -84.422560000318114, 38.805391000341181 ], [ -84.422899000251846, 38.805353000155272 ], [ -84.422973999696595, 38.805345000113583 ], [ -84.422992000138251, 38.805337999726319 ], [ -84.423905000182316, 38.8052270000939 ], [ -84.424010999589242, 38.805213999652615 ], [ -84.425707999805937, 38.805007000330363 ], [ -84.427085000355518, 38.804836999825014 ], [ -84.427405999847565, 38.804797999680744 ], [ -84.42763699982622, 38.804770000012702 ], [ -84.428398000432665, 38.804678000125989 ], [ -84.429390999944346, 38.804557000002809 ], [ -84.432185000328147, 38.804216000268333 ], [ -84.434978999813609, 38.803873999926019 ], [ -84.4361470001258, 38.80373099992665 ], [ -84.437486000142229, 38.803567999738917 ], [ -84.438558000194959, 38.80343700021114 ], [ -84.44009100038015, 38.803249000238132 ], [ -84.440456000253135, 38.803203999712977 ], [ -84.440914000012526, 38.803147999813227 ], [ -84.441303000174955, 38.803100999850841 ], [ -84.443607000113985, 38.802819000125709 ], [ -84.444146999889142, 38.802753000207623 ], [ -84.446044000122384, 38.802520999967975 ], [ -84.447926000287026, 38.802290999769291 ], [ -84.449806999728452, 38.802061000228377 ], [ -84.451565999869416, 38.801845999712221 ], [ -84.453325000010409, 38.801630000240145 ], [ -84.456273000379994, 38.801268999952534 ], [ -84.459220999851269, 38.800907999936349 ], [ -84.459362000316574, 38.800890999836199 ], [ -84.461564000148343, 38.800622000347232 ], [ -84.463905999722201, 38.80033499988474 ], [ -84.466406000378115, 38.8000280001717 ], [ -84.468906000135732, 38.799722000270457 ], [ -84.468977000280844, 38.799712999862237 ], [ -84.469758000080432, 38.799617999840102 ], [ -84.470610000025118, 38.799513999958087 ], [ -84.47173599960621, 38.799377000144368 ], [ -84.472862999910532, 38.799240000067272 ], [ -84.473011999873449, 38.799224000010412 ], [ -84.473873999863883, 38.799115000140212 ], [ -84.474566999799919, 38.799028000072731 ], [ -84.476065999649919, 38.798846999994417 ], [ -84.479121999974524, 38.798470000084336 ], [ -84.479322999815992, 38.798445999738433 ], [ -84.479525000380647, 38.798421000332155 ], [ -84.483991999793403, 38.797873000193611 ], [ -84.484055000440904, 38.797865000012223 ], [ -84.484218999574125, 38.79797099971784 ], [ -84.484435000382504, 38.798090000309067 ], [ -84.485509999909965, 38.798832000296095 ], [ -84.485656000398137, 38.798940999899074 ], [ -84.485776000048745, 38.799053999709734 ], [ -84.485885999653604, 38.799164999857268 ], [ -84.485997999806585, 38.7993130000185 ], [ -84.486326999694555, 38.799786999762254 ], [ -84.48639600018987, 38.799872000139146 ], [ -84.48650499996981, 38.799981999982208 ], [ -84.486608999726869, 38.800072000173003 ], [ -84.486710999834116, 38.800152000169419 ], [ -84.486891999584088, 38.800268000039651 ], [ -84.487110000042279, 38.800377999971545 ], [ -84.488001000345065, 38.800761000006943 ], [ -84.48862999980868, 38.801021999844266 ], [ -84.48890099997034, 38.801142999669807 ], [ -84.489083000443529, 38.801239000172139 ], [ -84.489256999622484, 38.801356999795608 ], [ -84.489418000179285, 38.801493000293952 ], [ -84.489518999563302, 38.801595999680181 ], [ -84.48971899957985, 38.801838999681216 ], [ -84.491480000268965, 38.804088999923408 ], [ -84.491538999820193, 38.804182000242257 ], [ -84.491599000094666, 38.804301999932356 ], [ -84.491635999904574, 38.804399000047454 ], [ -84.491748999882475, 38.804774999729247 ], [ -84.491794000088333, 38.8048790003335 ], [ -84.491859000385659, 38.80499599986932 ], [ -84.491996999579598, 38.805166999652975 ], [ -84.492162000334346, 38.805320000327455 ], [ -84.49432099961011, 38.807079000053186 ], [ -84.494498000060432, 38.807241000280264 ], [ -84.49463500032779, 38.807384999861732 ], [ -84.494724000016234, 38.807500000232359 ], [ -84.495175000102947, 38.808177000057292 ], [ -84.495319999867903, 38.808351000145578 ], [ -84.495457000135261, 38.808474999659509 ], [ -84.495587999656507, 38.8085730000033 ], [ -84.495746999665172, 38.808664999760516 ], [ -84.495938000359203, 38.808742999994237 ], [ -84.496058999834702, 38.808771999808037 ], [ -84.496266000422239, 38.808789000127931 ], [ -84.49636799963119, 38.808787999820964 ], [ -84.496545000081497, 38.8087660000648 ], [ -84.496611000203757, 38.808755000184142 ], [ -84.49714099993318, 38.808610000262327 ], [ -84.497320000033312, 38.808574999923202 ], [ -84.497436000384269, 38.808558999862441 ], [ -84.497633000027761, 38.808553000101263 ], [ -84.497793999686252, 38.808562000092898 ], [ -84.498326999788716, 38.808632000066723 ], [ -84.498910000119892, 38.808721999832031 ], [ -84.499398999841446, 38.808814000096788 ], [ -84.499766000262568, 38.808919000010377 ], [ -84.500186000387131, 38.809056999981379 ], [ -84.500537000016422, 38.809199999791026 ], [ -84.500618000207268, 38.809241000226891 ], [ -84.500968000011625, 38.809449999742817 ], [ -84.502265000195251, 38.810286000074832 ], [ -84.502577000364795, 38.810468999662582 ], [ -84.502691000167601, 38.810521999960272 ], [ -84.502968000177049, 38.810630000299632 ], [ -84.503108999744043, 38.810672000192945 ], [ -84.503342000270862, 38.810725000339609 ], [ -84.503670000333912, 38.81077299975162 ], [ -84.503829000342577, 38.810784000020675 ], [ -84.504003000419857, 38.810785999878497 ], [ -84.504034000381992, 38.810785999878497 ], [ -84.504252999766791, 38.810777000167839 ], [ -84.50532200034479, 38.810674000053929 ], [ -84.506488999933751, 38.810585999818166 ], [ -84.506708000216861, 38.81057799966409 ], [ -84.506854999631642, 38.810572999654838 ], [ -84.507104000051996, 38.810580000227709 ], [ -84.507704000101612, 38.810637000166906 ], [ -84.50798299976087, 38.810682999777548 ], [ -84.508309999999028, 38.810774000030719 ], [ -84.508417999954048, 38.810817999696006 ], [ -84.508711999681921, 38.810956999764748 ], [ -84.510295000095823, 38.811797000269387 ], [ -84.510618999960911, 38.811956000179904 ], [ -84.510895000145439, 38.812068000088757 ], [ -84.511081999743197, 38.812128999877501 ], [ -84.511347000057057, 38.812184000158645 ], [ -84.511463000408014, 38.812200000105214 ], [ -84.511776000402463, 38.81222899991166 ], [ -84.512911000204383, 38.812345999976344 ], [ -84.514673999644998, 38.812608000327636 ], [ -84.515400000091319, 38.81274000004332 ], [ -84.516262999906672, 38.812920000279568 ], [ -84.517459999632877, 38.813135000276738 ], [ -84.517723000296925, 38.813195000306592 ], [ -84.517858000016147, 38.813238000331928 ], [ -84.517981000039782, 38.813286000150484 ], [ -84.518093000192778, 38.813344999810205 ], [ -84.518217000041346, 38.81342700008662 ], [ -84.518324000171475, 38.813509000268574 ], [ -84.518426000278708, 38.813617000278853 ], [ -84.51852800038597, 38.813758999796931 ], [ -84.51862000044747, 38.813930999780418 ], [ -84.518815000441137, 38.814297000055916 ], [ -84.518889999885886, 38.814405999799412 ], [ -84.519031000351205, 38.814571999666185 ], [ -84.519419999615309, 38.814944000070945 ], [ -84.519602000088526, 38.815098999782791 ], [ -84.519836000440236, 38.815250999908713 ], [ -84.520115000099494, 38.815393999883035 ], [ -84.520443999987464, 38.815570000264835 ], [ -84.520608999843915, 38.815686000231018 ], [ -84.520736999890431, 38.815792000022782 ], [ -84.520888000401484, 38.815939999943595 ], [ -84.520976000265037, 38.816053000092261 ], [ -84.521091999717683, 38.816240999874196 ], [ -84.521194999649822, 38.816459000243434 ], [ -84.521295000107258, 38.816693999778522 ], [ -84.521480999880097, 38.817091999652824 ], [ -84.521673000399048, 38.817344999763655 ], [ -84.523012000415449, 38.818802000131022 ], [ -84.523224999952475, 38.818993000146236 ], [ -84.52338099958807, 38.819102999863951 ], [ -84.523677999688999, 38.819268999981524 ], [ -84.5243880002418, 38.819619999900539 ], [ -84.524635999938909, 38.81975599983079 ], [ -84.52486299971963, 38.819892999652389 ], [ -84.526015999963221, 38.820697000332835 ], [ -84.526881000326696, 38.821290000221758 ], [ -84.527139999894473, 38.821439000044265 ], [ -84.527468999782457, 38.821601999934536 ], [ -84.527734999921222, 38.821705999768248 ], [ -84.528011999930655, 38.821800000308322 ], [ -84.529169000372207, 38.822157999784466 ], [ -84.529622000108745, 38.822289999997331 ], [ -84.529931999730124, 38.82236800000809 ], [ -84.530285999732456, 38.822441000057353 ], [ -84.531167999814386, 38.822584000291791 ], [ -84.531842000382184, 38.822684999755708 ], [ -84.532059999942064, 38.82272899976153 ], [ -84.532249000087958, 38.822783000144973 ], [ -84.532414999769316, 38.822859000096898 ], [ -84.532531999945164, 38.822938000292453 ], [ -84.532635999702237, 38.823034000119748 ], [ -84.532736000159673, 38.82317099993346 ], [ -84.532797000259038, 38.823276999782159 ], [ -84.532844000114693, 38.823387999982792 ], [ -84.533872999611418, 38.826262999770428 ], [ -84.534677999700435, 38.82848300026717 ], [ -84.534742999997775, 38.828673000179826 ], [ -84.534793000226486, 38.828791999874234 ], [ -84.534910000402363, 38.829070000261069 ], [ -84.535799000156985, 38.830985000018366 ], [ -84.536019000265, 38.831489000009903 ], [ -84.536071999968456, 38.831658999885342 ], [ -84.536076000166403, 38.831731000220593 ], [ -84.536153999984222, 38.831847999735338 ], [ -84.536275000358046, 38.832165999938923 ], [ -84.536319999665551, 38.832329999739478 ], [ -84.536343000130117, 38.832466999859236 ], [ -84.536358000198703, 38.832775999666971 ], [ -84.536322000213715, 38.832978000324374 ], [ -84.536256000091456, 38.833228000080972 ], [ -84.536183000296532, 38.833466000136205 ], [ -84.535909999586735, 38.83425099966064 ], [ -84.535661999889626, 38.834949999981625 ], [ -84.535478999591504, 38.835505999852707 ], [ -84.535383000230368, 38.835868000089704 ], [ -84.535317000108137, 38.836174999982418 ], [ -84.535189000061621, 38.836761000306446 ], [ -84.535105000396015, 38.836997999832562 ], [ -84.534895000333748, 38.837440000279827 ], [ -84.534702999814797, 38.837809999670554 ], [ -84.534404999888977, 38.838374000120375 ], [ -84.534218000291219, 38.838764999958627 ], [ -84.534154999643718, 38.838924999713257 ], [ -84.53403699964295, 38.839285000294829 ], [ -84.533916999992343, 38.839715999835782 ], [ -84.533773999877212, 38.84019299970501 ], [ -84.53370199990718, 38.840383999709637 ], [ -84.533605999647719, 38.840602000326612 ], [ -84.533282999607536, 38.841136999722615 ], [ -84.533167000154876, 38.841346999935951 ], [ -84.533090999986911, 38.841514999660433 ], [ -84.533034999910413, 38.841689000156315 ], [ -84.532986000404932, 38.841877999959607 ], [ -84.532951000244822, 38.842139000261895 ], [ -84.532932999803165, 38.842459000331402 ], [ -84.532938999650938, 38.842683999704469 ], [ -84.532923999582323, 38.842960000053388 ], [ -84.532900000191205, 38.843168999960184 ], [ -84.532863000381269, 38.843401000031633 ], [ -84.532808000129677, 38.843662000344715 ], [ -84.532594999694368, 38.844619000064711 ], [ -84.532569999580005, 38.84475499981518 ], [ -84.53253899961787, 38.844925000187182 ], [ -84.532516000051643, 38.845112000197211 ], [ -84.532510000203843, 38.845349999689908 ], [ -84.532542999815817, 38.845596999994221 ], [ -84.532598000067409, 38.845786999698603 ], [ -84.532660999816599, 38.845939999861343 ], [ -84.532783000015328, 38.846168000165534 ], [ -84.533173000002677, 38.846769999930409 ], [ -84.533454000210071, 38.847160000041207 ], [ -84.533708999579886, 38.847467000192438 ], [ -84.534106999963129, 38.847877000037435 ], [ -84.534994000067954, 38.848753000098533 ], [ -84.535095000350267, 38.848852000023619 ], [ -84.53597300023425, 38.849730000135033 ], [ -84.53611799999922, 38.849919000265871 ], [ -84.536191999619035, 38.850048999916325 ], [ -84.536287000053591, 38.850285999959233 ], [ -84.536324999688432, 38.850470000005942 ], [ -84.536337000282302, 38.850654999995157 ], [ -84.536333000084355, 38.850751000219695 ], [ -84.536307000145101, 38.850900999655266 ], [ -84.53622599995424, 38.851131000274229 ], [ -84.536178000273651, 38.851236999761667 ], [ -84.536112000151419, 38.851359999741064 ], [ -84.535928999853311, 38.851697999885914 ], [ -84.535837999616717, 38.851904000204854 ], [ -84.535763999996874, 38.852165999802828 ], [ -84.535722999988991, 38.852450000092759 ], [ -84.535711000293432, 38.852636000219889 ], [ -84.535736000407795, 38.852962999850888 ], [ -84.535759999798913, 38.853137000331792 ], [ -84.535799999981876, 38.853426999720952 ], [ -84.535823000446413, 38.853571000343706 ], [ -84.535911000309966, 38.854051000080645 ], [ -84.535979000082037, 38.854501000346055 ], [ -84.53600300037148, 38.855344000250653 ], [ -84.536030999960559, 38.856004999995527 ], [ -84.536096000257899, 38.856305000174757 ], [ -84.536249000418763, 38.856795000171047 ], [ -84.536297000099339, 38.856996000170994 ], [ -84.536292999901377, 38.85716099973591 ], [ -84.536280000380927, 38.857240999959508 ], [ -84.536241999847761, 38.857390000074815 ], [ -84.536070000318631, 38.857794000276812 ], [ -84.53594399992194, 38.858124000217472 ], [ -84.535897000066257, 38.858344000259841 ], [ -84.535888999670348, 38.85852999966297 ], [ -84.535917000157767, 38.858866000104491 ], [ -84.535984000104918, 38.859113999945045 ], [ -84.536075000341484, 38.859331999829521 ], [ -84.536257999741295, 38.859671999746539 ], [ -84.536559000040185, 38.860184999875315 ], [ -84.537041999913924, 38.861025000136941 ], [ -84.537205999945456, 38.861312000132024 ], [ -84.537380999847642, 38.861656000030393 ], [ -84.537520999589731, 38.861983999717495 ], [ -84.537749999918589, 38.862641999948508 ], [ -84.537985999920124, 38.863279000227472 ], [ -84.538430000334145, 38.864402999732079 ], [ -84.538657000114867, 38.86492700029833 ], [ -84.539129000117981, 38.865755000122547 ], [ -84.539329000134515, 38.866085000188079 ], [ -84.539461000378978, 38.866330000136195 ], [ -84.539684999786672, 38.866775000080594 ], [ -84.539811000183363, 38.867063000134841 ], [ -84.539920999788208, 38.867340999983952 ], [ -84.540036000314245, 38.867666999664976 ], [ -84.540106999561047, 38.867931000293552 ], [ -84.540121999629662, 38.868147000078643 ], [ -84.54008700036789, 38.868435000170003 ], [ -84.540033999766123, 38.86858299974363 ], [ -84.539955999948305, 38.86875699977459 ], [ -84.538766999719726, 38.870783999966193 ], [ -84.538339999922471, 38.871561000087127 ], [ -84.538204000378357, 38.871758999945378 ], [ -84.538002999638564, 38.872003999921397 ], [ -84.537666000252997, 38.872378999847754 ], [ -84.537416000007738, 38.872667000277573 ], [ -84.537164000112654, 38.872990999803342 ], [ -84.53674499981301, 38.873566000035304 ], [ -84.536095000432994, 38.874434999899499 ], [ -84.535819000248452, 38.874844000154106 ], [ -84.535769999844661, 38.874939999895005 ], [ -84.535686000179084, 38.875152999840651 ], [ -84.535616999683796, 38.875380000137262 ], [ -84.535553000109672, 38.875636000258041 ], [ -84.535492999835228, 38.876028000251281 ], [ -84.535450000177519, 38.87683799995267 ], [ -84.535425999888091, 38.877761000294555 ], [ -84.535430000086038, 38.878021999698205 ], [ -84.535460000223253, 38.878558000188946 ], [ -84.535476999941693, 38.878895999729778 ], [ -84.535481000139654, 38.879482999895302 ], [ -84.53545199982733, 38.879773000227075 ], [ -84.535338999849429, 38.880733000043477 ], [ -84.535319999582867, 38.880966999942636 ], [ -84.535242999589968, 38.881509999788079 ], [ -84.535165999597069, 38.882204000190804 ], [ -84.535163999947244, 38.882440000083122 ], [ -84.535220999848661, 38.882796000132416 ], [ -84.535328999803696, 38.883270000014484 ], [ -84.535374999834445, 38.883502000037424 ], [ -84.535476000116788, 38.883961000159516 ], [ -84.535555999584417, 38.884181999911824 ], [ -84.535630999927477, 38.884335999927622 ], [ -84.535788000286317, 38.884617999808704 ], [ -84.535820000073372, 38.8846680003155 ], [ -84.535936000424329, 38.884850000324754 ], [ -84.536134999717646, 38.885136999929834 ], [ -84.536287000053591, 38.885320999997525 ], [ -84.536420999947907, 38.885464999657202 ], [ -84.536732000292517, 38.885746000027098 ], [ -84.536954999875292, 38.885909000150356 ], [ -84.537178000356363, 38.886051000175982 ], [ -84.537420000205685, 38.886191000080963 ], [ -84.537703999887825, 38.886357000329994 ], [ -84.538021000080235, 38.886564000139273 ], [ -84.538143000278978, 38.886660000129829 ], [ -84.538278999823092, 38.886787999915484 ], [ -84.538394000349143, 38.886928999674637 ], [ -84.538699999772575, 38.887354999775994 ], [ -84.539510999709393, 38.888560000171651 ], [ -84.539765000152613, 38.888919999840773 ], [ -84.539812999833188, 38.889013999687052 ], [ -84.539940000054798, 38.889190999669978 ], [ -84.540015000397858, 38.88932899993133 ], [ -84.540078000147048, 38.889471999985219 ], [ -84.540109999934103, 38.889569000112168 ], [ -84.54015000011708, 38.889794000069664 ], [ -84.540160000162814, 38.889947999806907 ], [ -84.540135999873371, 38.891104999827377 ], [ -84.540098000238544, 38.891757999772253 ], [ -84.540089000017701, 38.892092000104569 ], [ -84.54006999975114, 38.892283999697725 ], [ -84.540058999880472, 38.892587999914852 ], [ -84.539945999902571, 38.894128999799904 ], [ -84.539949000275627, 38.894332999923293 ], [ -84.539985000260643, 38.894572999976326 ], [ -84.540170000208576, 38.895128000313576 ], [ -84.540581999937217, 38.896205999999665 ], [ -84.540679000021584, 38.896396000108226 ], [ -84.540781000128831, 38.896557000019428 ], [ -84.540990000366207, 38.896837000089931 ], [ -84.541193999682392, 38.897136999939185 ], [ -84.541286999568811, 38.897343999795396 ], [ -84.541356000064098, 38.897567000076464 ], [ -84.541381000178447, 38.897688000089545 ], [ -84.541412999965502, 38.897970000099868 ], [ -84.541433000057012, 38.898303000135314 ], [ -84.541436000430053, 38.898510000088265 ], [ -84.541443999927651, 38.898681000323855 ], [ -84.541448000125598, 38.89890199972389 ], [ -84.541464000019147, 38.899135000165522 ], [ -84.541535999989151, 38.900101999966616 ], [ -84.541627000225759, 38.900493000185079 ], [ -84.541782999861383, 38.900948999747712 ], [ -84.542018000038013, 38.901470999901925 ], [ -84.542252000389738, 38.901809000188706 ], [ -84.542512999607339, 38.902109000005503 ], [ -84.542930000257172, 38.902460999898736 ], [ -84.543620999645071, 38.90311200023303 ], [ -84.544076999754651, 38.903699000242653 ], [ -84.544323999626869, 38.904115999938988 ], [ -84.544494000404498, 38.904493999941266 ], [ -84.544502999727001, 38.904526000263282 ], [ -84.544598000161557, 38.904845999894285 ], [ -84.544691000047976, 38.905326999780712 ], [ -84.544715000337419, 38.905835999667858 ] ] ] ] } },
{ "type": "Feature", "properties": { "mdshnocar": 1.034 }, "geometry": { "type": "MultiPolygon", "coordinates": [ [ [ [ -84.568690000411365, 39.053134000107498 ], [ -84.56862799958877, 39.053233999945093 ], [ -84.567821999674834, 39.054548999738074 ], [ -84.56769500035152, 39.054755999680545 ], [ -84.567470000220638, 39.055094000132407 ], [ -84.567346000372083, 39.055250000063594 ], [ -84.567287999747435, 39.055324000348705 ], [ -84.567003000240405, 39.055607000044816 ], [ -84.566862999599991, 39.055719000200391 ], [ -84.566707999789301, 39.055829999861665 ], [ -84.566507999772753, 39.055957999820059 ], [ -84.566315000327236, 39.056061999702614 ], [ -84.566080000150578, 39.056171000293837 ], [ -84.565793000095411, 39.05627899970888 ], [ -84.565591000429052, 39.05634100008642 ], [ -84.565547999873033, 39.056353999922415 ], [ -84.565321000092297, 39.056407999859431 ], [ -84.565018000143596, 39.05645999983723 ], [ -84.564722999692506, 39.056491000302131 ], [ -84.564409999698057, 39.056498999969882 ], [ -84.564141000084533, 39.056489999994831 ], [ -84.563920999976517, 39.056468999816111 ], [ -84.563684000150047, 39.056430999975078 ], [ -84.563428000057002, 39.056377999666985 ], [ -84.563163999568047, 39.056312000175346 ], [ -84.562238000003518, 39.0560440003376 ], [ -84.562033999789023, 39.055993999984565 ], [ -84.561766000000404, 39.055939000113433 ], [ -84.5615190001282, 39.055904000236502 ], [ -84.561272000255997, 39.055882000265164 ], [ -84.560975999979988, 39.055877000080443 ], [ -84.560933000322279, 39.055877000080443 ], [ -84.560601000061268, 39.055895999803809 ], [ -84.560271000348379, 39.055944000293714 ], [ -84.559970000049489, 39.056010999745823 ], [ -84.559646000184401, 39.056113000320153 ], [ -84.559474999581852, 39.05617899999779 ], [ -84.559420000228585, 39.056204000113205 ], [ -84.559371999649699, 39.056227000295316 ], [ -84.559318999946257, 39.056251000083051 ], [ -84.559299999679681, 39.056258999777988 ], [ -84.559241000128452, 39.056289000020989 ], [ -84.559113000081936, 39.056355999843333 ], [ -84.558950999700215, 39.056450999857255 ], [ -84.558768000300432, 39.056575999864428 ], [ -84.558579000154538, 39.056724999974485 ], [ -84.558367000442431, 39.056922999896486 ], [ -84.558165999702666, 39.057155999932036 ], [ -84.558026999785497, 39.057355000335612 ], [ -84.557939999746864, 39.057509000266506 ], [ -84.557836999814697, 39.057731000064948 ], [ -84.557744999753197, 39.058027999693572 ], [ -84.557700000445649, 39.05829599967425 ], [ -84.557688999676685, 39.058472000211758 ], [ -84.557697999897528, 39.058706000294592 ], [ -84.557729999684582, 39.058952000082058 ], [ -84.558070000341516, 39.060846999857191 ], [ -84.55811399982413, 39.061086999799848 ], [ -84.558126000418, 39.061152999710792 ], [ -84.558297000122238, 39.062089000302706 ], [ -84.558445000260235, 39.062891000038377 ], [ -84.558661999995223, 39.064074999688664 ], [ -84.558681000261799, 39.064176999773387 ], [ -84.558770999775163, 39.064665000053942 ], [ -84.558789000216834, 39.06476500030098 ], [ -84.55884000027045, 39.065084999720987 ], [ -84.558904999669465, 39.065374999925844 ], [ -84.558975999814578, 39.065762000031789 ], [ -84.559246999976224, 39.067231999962132 ], [ -84.559293999831908, 39.067550999904689 ], [ -84.559308999900495, 39.067820000150419 ], [ -84.559293999831908, 39.068107999992677 ], [ -84.559235000280665, 39.068428999739837 ], [ -84.559135999648149, 39.068740000177407 ], [ -84.558997999555899, 39.069037999654192 ], [ -84.558845000293331, 39.069295999823289 ], [ -84.558635000231035, 39.069569000183662 ], [ -84.558323999886426, 39.069901000156904 ], [ -84.557975999731866, 39.070238999941267 ], [ -84.557531000391265, 39.070668000179822 ], [ -84.557047999619186, 39.071143000320014 ], [ -84.556758000089275, 39.071456000147911 ], [ -84.556609000126358, 39.071636999724646 ], [ -84.555558999814949, 39.07299400019788 ], [ -84.555225999729004, 39.073446999948558 ], [ -84.555100000230638, 39.07363699988052 ], [ -84.554935000374172, 39.073903999823358 ], [ -84.554788999886014, 39.074162000336372 ], [ -84.554646999595775, 39.074443999785693 ], [ -84.554561000280358, 39.074643000274406 ], [ -84.554424999837934, 39.074960000104198 ], [ -84.554295999966513, 39.075336000214165 ], [ -84.554217000323789, 39.075611000296547 ], [ -84.55409799959979, 39.076158999978411 ], [ -84.554039999873467, 39.076611000310542 ], [ -84.554018000132146, 39.077081000121623 ], [ -84.554003000063531, 39.07808500022881 ], [ -84.553972000101396, 39.078505000233456 ], [ -84.553952999834834, 39.078664000016182 ], [ -84.553912999651857, 39.078873999653709 ], [ -84.553870999819054, 39.079041999889995 ], [ -84.553752999818272, 39.079384999740526 ], [ -84.553664000129828, 39.07958400024139 ], [ -84.553567999870367, 39.079761999958073 ], [ -84.55341899990745, 39.07999799984588 ], [ -84.55318200008098, 39.080307000266558 ], [ -84.553045999638542, 39.080454999830785 ], [ -84.5529009998736, 39.080598999919154 ], [ -84.552624999689058, 39.080845000116597 ], [ -84.551883000247528, 39.081429000035726 ], [ -84.551313000335128, 39.081871999853291 ], [ -84.550822000065452, 39.082254999683862 ], [ -84.550633999744477, 39.082401000162427 ], [ -84.550236000259545, 39.082707000013301 ], [ -84.549892000302961, 39.082974999735796 ], [ -84.549594000377127, 39.082838999785288 ], [ -84.549423999599497, 39.082757000272956 ], [ -84.549340999758812, 39.082702000334031 ], [ -84.54928800005537, 39.082659000288558 ], [ -84.549174000252563, 39.082568999670627 ], [ -84.549055000426861, 39.082456000336023 ], [ -84.548966999665012, 39.082344000064076 ], [ -84.548915999611381, 39.082260000092127 ], [ -84.548872999953673, 39.08218800003651 ], [ -84.548719999792795, 39.081866000167132 ], [ -84.548693999853541, 39.081810000282367 ], [ -84.548576999677664, 39.081635999958301 ], [ -84.548492000187167, 39.081549999936193 ], [ -84.54843500028575, 39.081496999659578 ], [ -84.548390999904825, 39.081456000181348 ], [ -84.548319999759727, 39.081403999788392 ], [ -84.548227999698213, 39.081336000074948 ], [ -84.548083999758148, 39.081228999900844 ], [ -84.547686000273217, 39.080988000146114 ], [ -84.547414000286651, 39.080836999721171 ], [ -84.546712999954693, 39.08048199965183 ], [ -84.546582000433432, 39.080404000063112 ], [ -84.546363000150322, 39.080253999753495 ], [ -84.546056999828579, 39.079989000077369 ], [ -84.545891000147222, 39.07982899981733 ], [ -84.545621999635387, 39.079548000251933 ], [ -84.545413000296335, 39.079307000333721 ], [ -84.544987000323985, 39.07880300031772 ], [ -84.544800999652836, 39.078601999718096 ], [ -84.544696000070843, 39.078511000205438 ], [ -84.54443699960477, 39.078306000175964 ], [ -84.544321999977029, 39.07821300028256 ], [ -84.54421300019709, 39.078109000256596 ], [ -84.544080000127707, 39.077938999884047 ], [ -84.543869000240491, 39.077584999885801 ], [ -84.543714000429787, 39.077356999691254 ], [ -84.543448000291022, 39.077089000245643 ], [ -84.543069999999247, 39.076732000105608 ], [ -84.542669999966165, 39.076320000218885 ], [ -84.54249500006398, 39.076110999982895 ], [ -84.542377000063212, 39.075896000328804 ], [ -84.542265999735122, 39.075639999951129 ], [ -84.542151999932315, 39.075331000012554 ], [ -84.541793999732008, 39.074307000072807 ], [ -84.541684999952068, 39.073960999766477 ], [ -84.541612000157144, 39.073639000009258 ], [ -84.541602000111396, 39.073487999896415 ], [ -84.541612999982064, 39.073356000064223 ], [ -84.541643000119279, 39.073232999919171 ], [ -84.541679999929215, 39.073130000296096 ], [ -84.541802000127944, 39.072929000273767 ], [ -84.541987000075864, 39.072724000067247 ], [ -84.542125999993033, 39.0725949997409 ], [ -84.542254999864483, 39.072462000249573 ], [ -84.542339000428385, 39.07236000028108 ], [ -84.542361999994597, 39.072332000058836 ], [ -84.542458000254058, 39.072183000109 ], [ -84.542525000201209, 39.072050999928109 ], [ -84.542567999858917, 39.071930999866396 ], [ -84.542596000346322, 39.071812999781073 ], [ -84.542602000194094, 39.07176599970991 ], [ -84.542612000239856, 39.071683999881714 ], [ -84.542607000216975, 39.071547999786574 ], [ -84.542583999752452, 39.071431999949517 ], [ -84.542526999851034, 39.071291999675907 ], [ -84.542443000185457, 39.07115099972237 ], [ -84.542248000191776, 39.070940000012556 ], [ -84.542156999955168, 39.070862999743241 ], [ -84.5418489999836, 39.070726000052595 ], [ -84.541550000232874, 39.070621000043516 ], [ -84.541325999926883, 39.070551000183166 ], [ -84.541177999788871, 39.070489999839744 ], [ -84.541065999635876, 39.070430000250838 ], [ -84.540975000297593, 39.070367000278914 ], [ -84.54093400028971, 39.070325999912676 ], [ -84.540894999931652, 39.070286000331961 ], [ -84.540827999984501, 39.070182999894911 ], [ -84.540648999884354, 39.069773999790705 ], [ -84.54056000019591, 39.069609000170743 ], [ -84.54049700044672, 39.0695039998947 ], [ -84.540015000397858, 39.068846999762215 ], [ -84.539765999977519, 39.068480999930813 ], [ -84.538845000435842, 39.067100000285684 ], [ -84.538510999626695, 39.066597999895812 ], [ -84.538437000006837, 39.066482000292702 ], [ -84.538309999785227, 39.066236999710796 ], [ -84.53827299997532, 39.066150000278867 ], [ -84.538201999830193, 39.065958000070829 ], [ -84.538135999707961, 39.065747000180735 ], [ -84.538088999852292, 39.065632000054421 ], [ -84.538105999570732, 39.065566000145957 ], [ -84.538122000362577, 39.065129999686533 ], [ -84.538180999913791, 39.064152999889821 ], [ -84.538181999738725, 39.063867999863803 ], [ -84.538191999784459, 39.063699999772005 ], [ -84.538200000180368, 39.063576000029073 ], [ -84.538197999632231, 39.063116000294855 ], [ -84.538216999898808, 39.063061999908101 ], [ -84.538626999977652, 39.062857999856732 ], [ -84.538786999811208, 39.062777999880829 ], [ -84.538958000413743, 39.062685999970803 ], [ -84.539071000391658, 39.06262600002556 ], [ -84.539271000408192, 39.062503000013258 ], [ -84.539374000340359, 39.062413000191732 ], [ -84.539447999960203, 39.062344000088117 ], [ -84.539523000303276, 39.062276000142369 ], [ -84.539672000266194, 39.062092000289127 ], [ -84.539744000236212, 39.061991000211307 ], [ -84.540047000184913, 39.061447000276623 ], [ -84.53978699989392, 39.061057000200407 ], [ -84.539535999823755, 39.060642999682997 ], [ -84.539375000165265, 39.060378000299792 ], [ -84.539345999852955, 39.060333000095191 ], [ -84.539052000125068, 39.059871999896558 ], [ -84.538858999781226, 39.059590000119059 ], [ -84.538467999968987, 39.059076999846994 ], [ -84.538996000048584, 39.058914000182192 ], [ -84.539257999989402, 39.058823999970691 ], [ -84.539720999771674, 39.058650999745701 ], [ -84.539946999727491, 39.058557999760005 ], [ -84.540171999858387, 39.058455000345432 ], [ -84.540788999626443, 39.05813599975609 ], [ -84.541213999773888, 39.057893000080668 ], [ -84.541598999738355, 39.057652999743944 ], [ -84.541852000356656, 39.057480999733322 ], [ -84.542581000277693, 39.056906999958628 ], [ -84.542989999633306, 39.056582000305617 ], [ -84.543564999568574, 39.056130000052761 ], [ -84.546194000095923, 39.054064000317211 ], [ -84.546876000161319, 39.053562999660201 ], [ -84.5473049996084, 39.053252000026411 ], [ -84.547400000042956, 39.053199999779032 ], [ -84.547891000312632, 39.052851000267083 ], [ -84.54801299961305, 39.052756000293165 ], [ -84.548371999638249, 39.052476999697156 ], [ -84.548953000319614, 39.052055999996803 ], [ -84.549420000299861, 39.051762999768201 ], [ -84.549919000067135, 39.051517000049401 ], [ -84.549936999610466, 39.051508000137012 ], [ -84.550134000152283, 39.051427999857779 ], [ -84.550334999993751, 39.051357000118365 ], [ -84.55055099990382, 39.051297000312346 ], [ -84.550854999677426, 39.051231999941827 ], [ -84.550979000424292, 39.051218999860538 ], [ -84.551683000230994, 39.051145000157177 ], [ -84.551951000019585, 39.051141999705614 ], [ -84.552392999885484, 39.051171000344588 ], [ -84.552876999584143, 39.051218999860538 ], [ -84.554624999854468, 39.051480000014713 ], [ -84.556168000085393, 39.051729000289129 ], [ -84.557005999786398, 39.051824000249312 ], [ -84.557045999969375, 39.051829000023389 ], [ -84.557729999684582, 39.051880000210041 ], [ -84.558297999947143, 39.051889000075022 ], [ -84.558944000027523, 39.051869999971174 ], [ -84.558985000035406, 39.051869000295987 ], [ -84.559684999644148, 39.051807999853736 ], [ -84.559743000268796, 39.051803000078166 ], [ -84.562448000065785, 39.051565999707222 ], [ -84.562838999878039, 39.051532000133314 ], [ -84.564567000056897, 39.051401000083217 ], [ -84.565234000053664, 39.051342999679825 ], [ -84.565578999835168, 39.051313000126108 ], [ -84.566177000234973, 39.051236000073665 ], [ -84.566866999797952, 39.051101999718846 ], [ -84.567753000077843, 39.050889999689829 ], [ -84.568035000110143, 39.050807000337663 ], [ -84.568136000392499, 39.051276999668076 ], [ -84.568409000203957, 39.052301000261956 ], [ -84.5684679997552, 39.052534999866801 ], [ -84.568596999626621, 39.052960000233895 ], [ -84.568624000289134, 39.053020000022258 ], [ -84.568649000403482, 39.053075999732194 ], [ -84.568690000411365, 39.053134000107498 ] ] ] ] } },
{ "type": "Feature", "properties": { "mdshnocar": 2.953 }, "geometry": { "type": "MultiPolygon", "coordinates": [ [ [ [ -84.568175999677138, 38.989877999844062 ], [ -84.568085000338868, 38.989934000015673 ], [ -84.568054000376733, 38.989943000089028 ], [ -84.567984999881432, 38.990022000295632 ], [ -84.567917000109389, 38.990080000055329 ], [ -84.567818000375183, 38.990127000018404 ], [ -84.567693999628304, 38.990232000283612 ], [ -84.567580999650403, 38.99032900021728 ], [ -84.567519999551024, 38.990516999918995 ], [ -84.567580999650403, 38.990591000266271 ], [ -84.56755800008419, 38.990685000180676 ], [ -84.567551000411484, 38.990778999970246 ], [ -84.56755800008419, 38.990841999707364 ], [ -84.567580999650403, 38.990896999975078 ], [ -84.5675870003965, 38.991022000043706 ], [ -84.567589000046326, 38.99104099974992 ], [ -84.567527999946947, 38.991171000138664 ], [ -84.56744400028137, 38.991244999802213 ], [ -84.567352000219856, 38.991265999815255 ], [ -84.567252999587339, 38.991362999728288 ], [ -84.567123999715918, 38.991454999652539 ], [ -84.56703199965439, 38.9915340002661 ], [ -84.566749999622104, 38.99181200006273 ], [ -84.566672999629191, 38.991923000269132 ], [ -84.566597000359536, 38.99198899985651 ], [ -84.566269000296472, 38.992166999727345 ], [ -84.566245999831935, 38.992193999790246 ], [ -84.566208000197108, 38.992286999850492 ], [ -84.566208000197108, 38.992363999897961 ], [ -84.566154999595341, 38.992674000275315 ], [ -84.566153999770435, 38.992746000137089 ], [ -84.566145000447918, 38.992795000049632 ], [ -84.56613899970182, 38.992831000277228 ], [ -84.566153999770435, 38.992943999903005 ], [ -84.566177000234973, 38.993065999722745 ], [ -84.566195999603224, 38.993107000250184 ], [ -84.566178999884784, 38.993129000216889 ], [ -84.56616800001413, 38.993209000165102 ], [ -84.566141000249957, 38.993266000299919 ], [ -84.566117999785419, 38.993284000296235 ], [ -84.566046999640321, 38.993309000322249 ], [ -84.565986000439267, 38.993342999980449 ], [ -84.565943999708153, 38.993382999844933 ], [ -84.565896000027564, 38.993421000079216 ], [ -84.565839999951081, 38.993492999879237 ], [ -84.565737000018913, 38.9935469996812 ], [ -84.565701000033911, 38.993577000018796 ], [ -84.565641999584358, 38.993647000058949 ], [ -84.565613999995264, 38.993734000112099 ], [ -84.565516999910884, 38.993890999857108 ], [ -84.565507999690055, 38.993928999818621 ], [ -84.565485999948734, 38.994020000102878 ], [ -84.565417000351772, 38.99419900024381 ], [ -84.565340000358887, 38.994340000211579 ], [ -84.56528699975712, 38.994424000043999 ], [ -84.565208999939316, 38.994481999687238 ], [ -84.56511299967984, 38.994533999856614 ], [ -84.564968999739804, 38.994629999693004 ], [ -84.564837000393638, 38.994739000098434 ], [ -84.564774999571043, 38.994868999978117 ], [ -84.564741999959082, 38.99498599966568 ], [ -84.564729000438604, 38.994997000055989 ], [ -84.564690999905451, 38.995095000220957 ], [ -84.564680999859718, 38.995133000234155 ], [ -84.564690999905451, 38.995266999897346 ], [ -84.564725000240642, 38.995425999981386 ], [ -84.564757999852603, 38.995518999983517 ], [ -84.564823999974848, 38.995621999685532 ], [ -84.564921999884135, 38.995731999730481 ], [ -84.564963999716923, 38.995804999742099 ], [ -84.565022000341557, 38.995912000196903 ], [ -84.565146000190126, 38.996050000244374 ], [ -84.565187000198009, 38.996108999717109 ], [ -84.565198000068662, 38.99612800015219 ], [ -84.565259999992932, 38.996255000283504 ], [ -84.565266999665639, 38.996295999661562 ], [ -84.565330000313139, 38.996392999662142 ], [ -84.565381000366756, 38.996531000167884 ], [ -84.565363999750005, 38.996618000166322 ], [ -84.565372999970833, 38.996713000210939 ], [ -84.565392000237409, 38.996754000021802 ], [ -84.565439999917984, 38.996964000281068 ], [ -84.56548799959856, 38.997115999687679 ], [ -84.565558999743672, 38.99736800017083 ], [ -84.565608999972397, 38.997564999826558 ], [ -84.565655000003161, 38.997828999798713 ], [ -84.565547999873033, 38.99782099977174 ], [ -84.565448000313907, 38.997795999943349 ], [ -84.565345000381768, 38.997746000260044 ], [ -84.565290000130176, 38.997711000181454 ], [ -84.565228000205877, 38.997659999996117 ], [ -84.564751000179925, 38.997136000301815 ], [ -84.564642000399971, 38.997027000097717 ], [ -84.564543999592345, 38.996945000070525 ], [ -84.564439999835287, 38.996893000276458 ], [ -84.564332999705172, 38.996865000156703 ], [ -84.56419899981087, 38.99683999999057 ], [ -84.564069000114529, 38.99683999999057 ], [ -84.563878000318823, 38.996877999764891 ], [ -84.563782000059334, 38.99691799972571 ], [ -84.56370699971626, 38.99696100032169 ], [ -84.56337500035356, 38.997164000314335 ], [ -84.563243000109082, 38.997234000297162 ], [ -84.56310900021478, 38.997280999698219 ], [ -84.562934000312609, 38.997315000240711 ], [ -84.562319000194378, 38.997324000073561 ], [ -84.562248000049266, 38.997906000099611 ], [ -84.56215299961471, 38.998608999833117 ], [ -84.562129000223564, 38.998850999823574 ], [ -84.562121999652575, 38.999228999670009 ], [ -84.562119000177816, 38.999332999975344 ], [ -84.562128000398658, 38.999440999700994 ], [ -84.562233999805557, 39.00022100011666 ], [ -84.562432000172279, 39.001489000011944 ], [ -84.562677000394658, 39.003076000243887 ], [ -84.562772999755808, 39.003724000239274 ], [ -84.562773999580727, 39.003838000277327 ], [ -84.562730999923005, 39.003942999745753 ], [ -84.562701999610695, 39.003978999886606 ], [ -84.562652000280295, 39.004021000027834 ], [ -84.562504999967203, 39.004129999928885 ], [ -84.561637000128982, 39.004701000240097 ], [ -84.561595000296194, 39.004738000337184 ], [ -84.561545999892388, 39.004805000180795 ], [ -84.561498000211799, 39.004920999853773 ], [ -84.561488000166065, 39.00499000020092 ], [ -84.561484999793009, 39.005145999766405 ], [ -84.561510999732292, 39.00594699995716 ], [ -84.561497000386908, 39.006090999821808 ], [ -84.561447999983088, 39.006083000030948 ], [ -84.560873999872726, 39.006071999967958 ], [ -84.560407999717413, 39.006077999812128 ], [ -84.560122000385462, 39.006112999940164 ], [ -84.560001000011653, 39.006135999675784 ], [ -84.559794000322398, 39.006181999822658 ], [ -84.559641999986439, 39.006218000220272 ], [ -84.559246999976224, 39.006320000083875 ], [ -84.558862999836677, 39.006423999738622 ], [ -84.558643999553553, 39.006491000079563 ], [ -84.558322000236601, 39.006602000296382 ], [ -84.558032999633284, 39.006706999850635 ], [ -84.557820000096257, 39.00680099999753 ], [ -84.557740999555236, 39.006846000097852 ], [ -84.55754899993461, 39.006977999994376 ], [ -84.557107999893645, 39.007305000184303 ], [ -84.556874000440231, 39.007447000167467 ], [ -84.556768000135008, 39.007498999883516 ], [ -84.556565999570353, 39.007581999847829 ], [ -84.555777000273153, 39.007849000333835 ], [ -84.555665999945077, 39.007886999779906 ], [ -84.555352999950614, 39.008018000230457 ], [ -84.555267999561792, 39.008061999959679 ], [ -84.555159999606772, 39.008117000106232 ], [ -84.554868000427035, 39.008298000070894 ], [ -84.554817000373404, 39.008339999741949 ], [ -84.554670000060312, 39.00847600010119 ], [ -84.554576000348987, 39.008585000118202 ], [ -84.554538999640755, 39.008639000269355 ], [ -84.554485999937299, 39.008717999847448 ], [ -84.554387000203093, 39.00890699984069 ], [ -84.554260999806388, 39.009149999788001 ], [ -84.554076999683389, 39.009588999702039 ], [ -84.553632000342773, 39.010708000087128 ], [ -84.55313600005023, 39.011978000260299 ], [ -84.552912999569159, 39.012480000087876 ], [ -84.552766000154378, 39.012744999775144 ], [ -84.551812999927336, 39.014338000000514 ], [ -84.551547999613462, 39.014772000215544 ], [ -84.551439999658442, 39.014927000344798 ], [ -84.551335999901355, 39.015039000082709 ], [ -84.551248000037802, 39.015121000077457 ], [ -84.551062000264977, 39.015254000079523 ], [ -84.549255000443409, 39.016292999893061 ], [ -84.548204000307067, 39.016908000240278 ], [ -84.546824000282768, 39.017712999778709 ], [ -84.546522000158987, 39.017871999670128 ], [ -84.545943000025758, 39.018117999982834 ], [ -84.545640999901977, 39.018238000063164 ], [ -84.545378999961159, 39.018351999741434 ], [ -84.544495000229389, 39.018713999864495 ], [ -84.544305000258603, 39.018798000071556 ], [ -84.544143999701802, 39.01888600004856 ], [ -84.543644999934514, 39.019233000270312 ], [ -84.54315700003788, 39.019587999845122 ], [ -84.543004999701907, 39.019723000080702 ], [ -84.542880000028461, 39.019858000058527 ], [ -84.542804999685387, 39.019975000296064 ], [ -84.542762000027679, 39.020059999828277 ], [ -84.542736000088397, 39.020142999708014 ], [ -84.542602000194094, 39.020915999979913 ], [ -84.542555000338453, 39.021081000313103 ], [ -84.542357999796636, 39.021635000217827 ], [ -84.542252000389738, 39.021991999792668 ], [ -84.542222000252508, 39.02205499965369 ], [ -84.542191000290373, 39.022120000348728 ], [ -84.54210400025174, 39.022262999992506 ], [ -84.541876999572693, 39.022542999965388 ], [ -84.541752999724139, 39.022670000133445 ], [ -84.541627000225759, 39.022776000346241 ], [ -84.54141200014061, 39.022921000228592 ], [ -84.541176000139046, 39.02304999988354 ], [ -84.540749000341805, 39.023243999662604 ], [ -84.540643000036567, 39.023301000025349 ], [ -84.540417999905671, 39.0234579997583 ], [ -84.540008999651761, 39.023783999748254 ], [ -84.539705999703074, 39.024004000022217 ], [ -84.539426000218896, 39.024203000308361 ], [ -84.539208999585597, 39.024389999965038 ], [ -84.538765000069887, 39.02480799966682 ], [ -84.538502000304177, 39.025034999930149 ], [ -84.538337000447726, 39.025160999755549 ], [ -84.538298000089668, 39.025185000328271 ], [ -84.538159999997418, 39.025268999825975 ], [ -84.537535999658346, 39.02558900025479 ], [ -84.537323000121319, 39.025687999958819 ], [ -84.5371380001734, 39.025758999675347 ], [ -84.536914999692328, 39.025821000322821 ], [ -84.536687000086687, 39.025864000098395 ], [ -84.536425999970774, 39.025889999820194 ], [ -84.536323999863527, 39.025890999862959 ], [ -84.536087999861977, 39.025884000261009 ], [ -84.53586299973108, 39.025853999666047 ], [ -84.53541900021537, 39.025759999719973 ], [ -84.535003000288768, 39.0256640002548 ], [ -84.534818000340849, 39.025633000217901 ], [ -84.534733999776932, 39.025629000032097 ], [ -84.534522999889745, 39.025619000264335 ], [ -84.534532999935479, 39.02550799988628 ], [ -84.534517999866878, 39.025292999664096 ], [ -84.53449199992761, 39.025078000183832 ], [ -84.534419000132687, 39.024822999838932 ], [ -84.534289000436345, 39.024461999652445 ], [ -84.534177000283336, 39.024225999744189 ], [ -84.534050999886645, 39.024005000091663 ], [ -84.533936000258919, 39.023860000338992 ], [ -84.533788999945827, 39.023644999989855 ], [ -84.533712999777848, 39.023548999746204 ], [ -84.533705000280236, 39.0235409998363 ], [ -84.532035999652607, 39.021848000198666 ], [ -84.531782999932631, 39.021567000160893 ], [ -84.531493000402719, 39.021212000053836 ], [ -84.531161000141694, 39.020747000195456 ], [ -84.531024999699255, 39.020531000031426 ], [ -84.530870999713471, 39.020260000171874 ], [ -84.530717999552579, 39.019960999919952 ], [ -84.530530000129929, 39.019538000209465 ], [ -84.530406000281374, 39.019207000194058 ], [ -84.529895999745122, 39.017747000272799 ], [ -84.52959000032169, 39.016863000260031 ], [ -84.529581000100848, 39.016835999839365 ], [ -84.5295710000551, 39.016810000277644 ], [ -84.529392999779887, 39.016302000103522 ], [ -84.529339000251525, 39.016147999678857 ], [ -84.529195000311475, 39.01573499996163 ], [ -84.529067000264945, 39.015306999832241 ], [ -84.529018999686059, 39.015054000233533 ], [ -84.529006000165595, 39.0148999998829 ], [ -84.529001999967619, 39.014644000316459 ], [ -84.529021000234195, 39.014435999899121 ], [ -84.529066000440039, 39.014197000100445 ], [ -84.529119000143496, 39.014011999730869 ], [ -84.529176999869819, 39.013852000020783 ], [ -84.529248999839851, 39.013690999733363 ], [ -84.529361999817752, 39.013484999741543 ], [ -84.529612999887902, 39.013109999957528 ], [ -84.529925999882352, 39.012687999976308 ], [ -84.530524000282142, 39.011847999707406 ], [ -84.530811000337323, 39.011461999696621 ], [ -84.53099399973712, 39.011215999961323 ], [ -84.53327699975975, 39.008151999923435 ], [ -84.533423000247922, 39.007956000026148 ], [ -84.534446999721766, 39.006586000131243 ], [ -84.534927999945708, 39.00594199972879 ], [ -84.536013000417213, 39.00449000025975 ], [ -84.53611799999922, 39.004347999925301 ], [ -84.536578000306747, 39.00370899977969 ], [ -84.536776999600065, 39.00341000005411 ], [ -84.536959000073253, 39.00310199996801 ], [ -84.537111000409226, 39.002806000181138 ], [ -84.537246999953354, 39.002505999756089 ], [ -84.537375999824761, 39.002180999779831 ], [ -84.53745500036581, 39.00194799995198 ], [ -84.537545999704079, 39.001641000169755 ], [ -84.537667999902808, 39.001105999801219 ], [ -84.537733000200149, 39.000661999696106 ], [ -84.537755999766361, 39.000335000214385 ], [ -84.537764000162284, 38.9998930002807 ], [ -84.53773700039811, 38.999447999826209 ], [ -84.537676000298731, 38.999000999915644 ], [ -84.53761299965123, 38.998677000323688 ], [ -84.537535999658346, 38.998352999946285 ], [ -84.537446000144968, 38.998067000013656 ], [ -84.53732499977113, 38.997741999892895 ], [ -84.537128999952557, 38.997263000020382 ], [ -84.536815999958122, 38.996714999725512 ], [ -84.53638099976493, 38.996039000017753 ], [ -84.535922000180619, 38.995289999668174 ], [ -84.536133999892726, 38.995206999944081 ], [ -84.536313999817779, 38.995125999682067 ], [ -84.536440000214469, 38.995092999962488 ], [ -84.536568000260999, 38.995096999781197 ], [ -84.536749999835891, 38.995165999935089 ], [ -84.537088999769594, 38.995379999822575 ], [ -84.537433999551084, 38.995624999701747 ], [ -84.537535999658346, 38.995713999658683 ], [ -84.537669999552648, 38.995852999861739 ], [ -84.537812999667779, 38.995981000254247 ], [ -84.538020000255315, 38.996014000257915 ], [ -84.53827299997532, 38.996045000014625 ], [ -84.538831000192147, 38.996084999748192 ], [ -84.538926999553297, 38.996086000212522 ], [ -84.539083000087231, 38.996086000212522 ], [ -84.539172999600595, 38.996086999978615 ], [ -84.539381000013051, 38.996098000197783 ], [ -84.539503000211781, 38.996078999754708 ], [ -84.53970700042629, 38.995999000258188 ], [ -84.539844999620229, 38.995933999989745 ], [ -84.539930000009051, 38.995909000192867 ], [ -84.540053999857605, 38.995888000161159 ], [ -84.540130000025599, 38.995882999919964 ], [ -84.540818999763673, 38.995874999672978 ], [ -84.541099000146161, 38.995883999688978 ], [ -84.541546999859804, 38.995886999694072 ], [ -84.541373999607458, 38.995434000279175 ], [ -84.541294000139828, 38.99527900002154 ], [ -84.541253999956851, 38.99520399991016 ], [ -84.541320999904002, 38.995201999654768 ], [ -84.541526999768337, 38.995238000054307 ], [ -84.541587999867701, 38.995235000021701 ], [ -84.541686999601893, 38.995165000155922 ], [ -84.541722999586909, 38.995144999682893 ], [ -84.541808999800622, 38.995096000001112 ], [ -84.541832000265174, 38.995051000106713 ], [ -84.541824999694171, 38.994978999797233 ], [ -84.541869999900001, 38.994890000312218 ], [ -84.54193099999938, 38.994819000321179 ], [ -84.541953999565592, 38.99476500009348 ], [ -84.542145000259609, 38.994526000155268 ], [ -84.542243999993815, 38.994437999889996 ], [ -84.542312999590777, 38.994398999713667 ], [ -84.542437000337657, 38.994311999779839 ], [ -84.542526000026129, 38.994240999907099 ], [ -84.542640999653855, 38.994139999876857 ], [ -84.542731999890449, 38.994037999907427 ], [ -84.542823999951963, 38.993986000071729 ], [ -84.542885000051314, 38.993969999846094 ], [ -84.54298399978552, 38.99395800019812 ], [ -84.543007000250057, 38.993968000254014 ], [ -84.54314399961909, 38.994088000116164 ], [ -84.543235999680604, 38.994170999756292 ], [ -84.543319000419601, 38.994234999757225 ], [ -84.543495000146692, 38.994334000070154 ], [ -84.543557000070962, 38.994348999724657 ], [ -84.543633000238941, 38.994354999864825 ], [ -84.543959999578789, 38.994353000283617 ], [ -84.544243000334319, 38.994350000213487 ], [ -84.544318999603988, 38.99432400006598 ], [ -84.54444900019864, 38.994219000286073 ], [ -84.544510000298004, 38.994187999729469 ], [ -84.544543999734884, 38.994143999749426 ], [ -84.544593999963595, 38.994081999953309 ], [ -84.544723999659936, 38.993941000169698 ], [ -84.544823000292453, 38.993825999747003 ], [ -84.544884000391832, 38.993782000240088 ], [ -84.545035999829466, 38.993605000043203 ], [ -84.545219999952494, 38.993307000013296 ], [ -84.545402000425682, 38.993140000197656 ], [ -84.545524999551006, 38.992984999802921 ], [ -84.545578000152773, 38.992932000081069 ], [ -84.545691999955594, 38.992780999878605 ], [ -84.545830000047857, 38.992640000295722 ], [ -84.545937000177986, 38.992555999742216 ], [ -84.54608899961562, 38.992351999977686 ], [ -84.546173000179522, 38.992250000224047 ], [ -84.546241999776498, 38.992063000061123 ], [ -84.546256999845113, 38.992035999948243 ], [ -84.54626400041613, 38.991996000020706 ], [ -84.546234000278886, 38.991940999908813 ], [ -84.546180999677119, 38.991916999922786 ], [ -84.546119999577769, 38.991907000275297 ], [ -84.546097000011557, 38.991888000103359 ], [ -84.546081000118022, 38.991860999923709 ], [ -84.546081999942942, 38.991816000066876 ], [ -84.546112000080157, 38.991772000008538 ], [ -84.546134999646384, 38.991703999864541 ], [ -84.546189000073056, 38.991601999875215 ], [ -84.546204000141671, 38.991579000302231 ], [ -84.546226999707898, 38.991543999966282 ], [ -84.54626400041613, 38.99149499988583 ], [ -84.546287999807248, 38.991451000326144 ], [ -84.546318999769397, 38.991386999902183 ], [ -84.546372000371164, 38.991290999855941 ], [ -84.546416999678684, 38.991246000334911 ], [ -84.546547000273335, 38.991159000016104 ], [ -84.546624000266235, 38.991087999773015 ], [ -84.546652999680248, 38.991030999978669 ], [ -84.546681000167638, 38.99100099995821 ], [ -84.546760999635268, 38.990937999664396 ], [ -84.546844000374278, 38.990853999883669 ], [ -84.546928000039841, 38.990792999839123 ], [ -84.547073999629717, 38.990693000316199 ], [ -84.547097000094254, 38.990653000327832 ], [ -84.547179999934912, 38.990591000266271 ], [ -84.547348000164419, 38.990517999763775 ], [ -84.547394000195169, 38.990492000303092 ], [ -84.547477999860746, 38.990457999973493 ], [ -84.547547000356033, 38.990422999781416 ], [ -84.547637999694331, 38.990403000062877 ], [ -84.547722000258233, 38.990376999861773 ], [ -84.547843999558665, 38.990353000043569 ], [ -84.547912000229019, 38.990326999824099 ], [ -84.547959000084688, 38.990301000293243 ], [ -84.548011999788145, 38.990284000084614 ], [ -84.548087999956124, 38.990244999713781 ], [ -84.548125999590951, 38.990233000132413 ], [ -84.548400999950573, 38.99010800006679 ], [ -84.548676000310181, 38.989991999847497 ], [ -84.548713999945008, 38.989984000330971 ], [ -84.548781999717079, 38.989900000116265 ], [ -84.548873999778593, 38.989848000033135 ], [ -84.54894200044896, 38.9898309997157 ], [ -84.549072000145316, 38.989747999873302 ], [ -84.549201999841657, 38.989683000147451 ], [ -84.549240000374809, 38.989653000253867 ], [ -84.549293000078237, 38.989640000016728 ], [ -84.549300999575848, 38.989612999677746 ], [ -84.549278000009622, 38.98958100003847 ], [ -84.549346999606598, 38.989520000293219 ], [ -84.549560000041936, 38.989362000067679 ], [ -84.549560999866841, 38.98939299994526 ], [ -84.549582999608162, 38.989407000088278 ], [ -84.549599000399979, 38.989372000074724 ], [ -84.549613999570283, 38.989358999785985 ], [ -84.5496210001413, 38.989336000182355 ], [ -84.549606999897605, 38.98932200002529 ], [ -84.549628999638912, 38.989281999960347 ], [ -84.54966700017205, 38.989256000045643 ], [ -84.549683000065571, 38.989225000108057 ], [ -84.549704999806892, 38.989203000324238 ], [ -84.549713000202814, 38.989175999818556 ], [ -84.550923000347794, 38.988321000123136 ], [ -84.551366999863504, 38.988007999891472 ], [ -84.55165100044394, 38.987806999934236 ], [ -84.553690999894002, 38.987299000242601 ], [ -84.555489000393067, 38.987593000189655 ], [ -84.557193000282467, 38.987936999978743 ], [ -84.55805000025002, 38.988310000091602 ], [ -84.558462999803595, 38.98846899974626 ], [ -84.560305999610165, 38.989436000226029 ], [ -84.560379000303399, 38.989462999934346 ], [ -84.561035000429527, 38.989707000192837 ], [ -84.561203999585615, 38.989756000114681 ], [ -84.563180000359893, 38.989948000051683 ], [ -84.56350599987482, 38.989987999740251 ], [ -84.563844999808524, 38.989906999788836 ], [ -84.563874000120862, 38.989882999811314 ], [ -84.563972000030134, 38.989839999802101 ], [ -84.564071999589245, 38.989828000152116 ], [ -84.564208999856604, 38.989834999831814 ], [ -84.564269999955982, 38.989809999975066 ], [ -84.564353999621559, 38.989756999970254 ], [ -84.564460999751688, 38.989706000336554 ], [ -84.564514000353455, 38.989693000109156 ], [ -84.564659000118397, 38.989713999884501 ], [ -84.564727999715373, 38.989698000089469 ], [ -84.565215999612008, 38.989522999869862 ], [ -84.565376000343903, 38.989453999799956 ], [ -84.565490999971615, 38.989397999946775 ], [ -84.565543999675072, 38.989336000182355 ], [ -84.565604999774436, 38.989296999987353 ], [ -84.565757999935329, 38.989219000231159 ], [ -84.56607099992975, 38.989108999838109 ], [ -84.566291999862685, 38.989000999704764 ], [ -84.566337999893449, 38.988992000209933 ], [ -84.566421999559026, 38.988962999890212 ], [ -84.566497999727019, 38.988950000224584 ], [ -84.566727000055877, 38.988929000222576 ], [ -84.566901999958048, 38.988927999657108 ], [ -84.56692299987445, 38.988939000290799 ], [ -84.566995999669402, 38.988976000251697 ], [ -84.567116000218306, 38.989026999713154 ], [ -84.567322000082626, 38.989129999786677 ], [ -84.56750500038072, 38.98917900010801 ], [ -84.567551000411484, 38.989201999762649 ], [ -84.567595999719018, 38.989266999930166 ], [ -84.56769600017644, 38.989353999781713 ], [ -84.567833000443798, 38.989501000178663 ], [ -84.567847999614074, 38.989464999653713 ], [ -84.567902000040775, 38.989462000074624 ], [ -84.567932000177976, 38.989481000199596 ], [ -84.568000999774966, 38.989550000243163 ], [ -84.568045999980811, 38.989645000000799 ], [ -84.568160999608537, 38.989840999656494 ], [ -84.568175999677138, 38.989877999844062 ] ] ] ] } },
{ "type": "Feature", "properties": { "mdshnocar": 22.027 }, "geometry": { "type": "MultiPolygon", "coordinates": [ [ [ [ -84.510497999587102, 39.07865600007073 ], [ -84.509724000358517, 39.078778999828685 ], [ -84.509058000186641, 39.07888400025179 ], [ -84.508925000117259, 39.07889500014096 ], [ -84.507329000182878, 39.079149999880485 ], [ -84.505729000050565, 39.079391000335036 ], [ -84.505856000272161, 39.079869000265056 ], [ -84.506026000151465, 39.080533000060406 ], [ -84.50618699980997, 39.081152999659125 ], [ -84.506268999825735, 39.081461999902366 ], [ -84.506339000145928, 39.081742000262913 ], [ -84.505754999989833, 39.081819999766964 ], [ -84.50428000042929, 39.082051999963461 ], [ -84.50423299967531, 39.082049000128073 ], [ -84.504143000161932, 39.081931000226646 ], [ -84.503830000167497, 39.081520999921338 ], [ -84.503405000020052, 39.081576000083686 ], [ -84.501994000033605, 39.081756000251751 ], [ -84.501538999748945, 39.081838000230306 ], [ -84.501250000043953, 39.081516000158032 ], [ -84.500802000330268, 39.081020000259329 ], [ -84.500172000143436, 39.080234000338947 ], [ -84.499915000225485, 39.079913999869902 ], [ -84.499892999585853, 39.079886999831494 ], [ -84.499815999592954, 39.079790999998629 ], [ -84.499678000399015, 39.079620000212493 ], [ -84.499449999895077, 39.079334999880352 ], [ -84.499432000351717, 39.079310000285652 ], [ -84.499403999864327, 39.079276000125326 ], [ -84.499122999656905, 39.078925999819404 ], [ -84.499088000395133, 39.078875000341185 ], [ -84.498555000292654, 39.078089000234016 ], [ -84.497771999944931, 39.076930999720815 ], [ -84.497648000096376, 39.076765000077138 ], [ -84.497619999608972, 39.076733000126097 ], [ -84.497539000316422, 39.076640000251473 ], [ -84.496489999829919, 39.075435999987739 ], [ -84.496436000301557, 39.075379999880923 ], [ -84.497088000229724, 39.075290999781664 ], [ -84.497934000326637, 39.075174999820668 ], [ -84.49887400013489, 39.075020000026115 ], [ -84.498910000119892, 39.075033999954059 ], [ -84.498951000127775, 39.075038000132224 ], [ -84.499285999863545, 39.074991000116725 ], [ -84.499730000277552, 39.074923999847634 ], [ -84.500157000074822, 39.07484999988241 ], [ -84.500234999892612, 39.074836999965321 ], [ -84.500312999710417, 39.074824000045879 ], [ -84.500449999977775, 39.074801999693861 ], [ -84.500587000245119, 39.074777999936046 ], [ -84.501177000249001, 39.074691999923182 ], [ -84.501706000153504, 39.074610000007894 ], [ -84.502245999928675, 39.074524999842069 ], [ -84.502788000251996, 39.07443800016528 ], [ -84.503314999608364, 39.07435099968383 ], [ -84.50356999987649, 39.074312000346971 ], [ -84.503824000319696, 39.074272000235823 ], [ -84.504094999583046, 39.074227999878183 ], [ -84.504364999919787, 39.074183000133907 ], [ -84.505118000130281, 39.074066999746314 ], [ -84.505963000402275, 39.07392999999886 ], [ -84.506509000025233, 39.073846999834196 ], [ -84.506760999920303, 39.073806000094912 ], [ -84.506915999731007, 39.073783000060651 ], [ -84.507145999884784, 39.073747999963764 ], [ -84.507566999834268, 39.073673000096299 ], [ -84.507672000314557, 39.074080999863327 ], [ -84.508468000182759, 39.073960999766477 ], [ -84.508633999864117, 39.073935999662524 ], [ -84.50903700027024, 39.073874000091706 ], [ -84.509278000294671, 39.073836999916949 ], [ -84.509298000386167, 39.073987999980417 ], [ -84.509344000416917, 39.074200999756073 ], [ -84.510184999592639, 39.077447999994888 ], [ -84.510497999587102, 39.07865600007073 ] ] ] ] } },
{ "type": "Feature", "properties": { "mdshnocar": 7.026 }, "geometry": { "type": "MultiPolygon", "coordinates": [ [ [ [ -84.520972999891981, 39.038963999775184 ], [ -84.520950000325755, 39.039156999978808 ], [ -84.520905000119924, 39.039305000005626 ], [ -84.520881999655387, 39.039357999869068 ], [ -84.520752999783952, 39.039553999940438 ], [ -84.520698000430684, 39.039646999833892 ], [ -84.520522999630188, 39.039895000114306 ], [ -84.520484000170427, 39.039930000249782 ], [ -84.520285999803733, 39.040134000255712 ], [ -84.520004999596324, 39.040336999834331 ], [ -84.519942999672054, 39.04038799994607 ], [ -84.51967599970834, 39.040566999965023 ], [ -84.519493000308572, 39.040656999721335 ], [ -84.519444999729686, 39.04069200017706 ], [ -84.51936299971392, 39.040739999836852 ], [ -84.519157999674491, 39.040977000252134 ], [ -84.519072000359074, 39.041075000203293 ], [ -84.519034999650856, 39.041124999955159 ], [ -84.518997000016014, 39.041201000040409 ], [ -84.518976000099627, 39.041276000218879 ], [ -84.518950999985265, 39.041335000340496 ], [ -84.518942999589342, 39.041371000284073 ], [ -84.51890599977942, 39.041658000050425 ], [ -84.51890599977942, 39.041749000328494 ], [ -84.518928000419038, 39.041929000203602 ], [ -84.518997000016014, 39.042051999773129 ], [ -84.519099000123262, 39.042252999799963 ], [ -84.519119000214744, 39.042293999724805 ], [ -84.519202999880349, 39.04242199979651 ], [ -84.519364000437136, 39.042631999815121 ], [ -84.519454999775419, 39.042714999703541 ], [ -84.519539000339321, 39.042780000237357 ], [ -84.519706999670504, 39.0428779997806 ], [ -84.519791000234406, 39.042915999937151 ], [ -84.519889999968598, 39.04295000017003 ], [ -84.520240999597874, 39.043010999890193 ], [ -84.520269999910184, 39.043013999989448 ], [ -84.520377999865232, 39.043023000286446 ], [ -84.520416000398384, 39.043037000281032 ], [ -84.520576000231941, 39.043180999964711 ], [ -84.520583999729553, 39.04320299970643 ], [ -84.520546000094726, 39.043225000138939 ], [ -84.520462000429134, 39.043286000319355 ], [ -84.520438999964597, 39.043321999966487 ], [ -84.520417000223276, 39.043410999906861 ], [ -84.52040100032977, 39.043447000187946 ], [ -84.520423999895996, 39.043484000244568 ], [ -84.520454999858117, 39.043515999919656 ], [ -84.520537999698803, 39.043539999840853 ], [ -84.520552999767403, 39.0435669998297 ], [ -84.520546000094726, 39.043603000031332 ], [ -84.520423999895996, 39.043627999714808 ], [ -84.520264000062411, 39.043713999897932 ], [ -84.520103000403921, 39.043743000098338 ], [ -84.520058000198077, 39.043760000017812 ], [ -84.520012000167327, 39.043803999831475 ], [ -84.519982000030112, 39.043807999686294 ], [ -84.519942999672054, 39.043789000199382 ], [ -84.519905000037213, 39.043756000160265 ], [ -84.519684000104277, 39.043634999652475 ], [ -84.519645999571125, 39.043629000204291 ], [ -84.51961499960899, 39.043642000287157 ], [ -84.5196000004387, 39.043669000237024 ], [ -84.519585000370071, 39.043726999965209 ], [ -84.51952000007276, 39.043886999738291 ], [ -84.519529000293588, 39.04391800014082 ], [ -84.519493000308572, 39.043981999780989 ], [ -84.519469999844034, 39.044007999814454 ], [ -84.519438999881899, 39.043994000012297 ], [ -84.519207000078296, 39.044260999747941 ], [ -84.519145999978932, 39.044333000123181 ], [ -84.519012000084643, 39.044488000323483 ], [ -84.519003999688721, 39.044498000212165 ], [ -84.518942999589342, 39.044634000093026 ], [ -84.518925999870902, 39.044803999750293 ], [ -84.518899000106728, 39.044957999841827 ], [ -84.51893599991665, 39.045155000194356 ], [ -84.518970000251826, 39.045222999883876 ], [ -84.518971999901666, 39.045195999830312 ], [ -84.518990000343322, 39.045209000322494 ], [ -84.519099999948182, 39.045215000334196 ], [ -84.519171000093294, 39.045234000135324 ], [ -84.519285999721006, 39.045282000197638 ], [ -84.519478000239957, 39.04532299975989 ], [ -84.519534000316455, 39.045304999750812 ], [ -84.519591000217858, 39.045264999946738 ], [ -84.519598999715456, 39.045255000166577 ], [ -84.519633999875552, 39.045213999867165 ], [ -84.519677000431585, 39.045177999788883 ], [ -84.519718000439454, 39.045156999734679 ], [ -84.519883000295906, 39.045147999709563 ], [ -84.519935999999362, 39.045113999836857 ], [ -84.519941999847134, 39.045106000274885 ], [ -84.52023099955214, 39.045297999978558 ], [ -84.520217000206756, 39.045303999982693 ], [ -84.520171000175992, 39.045303000214624 ], [ -84.52011699974932, 39.045288999971412 ], [ -84.520079000114478, 39.045289999739744 ], [ -84.520018999840033, 39.045318000222927 ], [ -84.520004999596324, 39.045336999996358 ], [ -84.520011000342436, 39.045354999997286 ], [ -84.520141000038777, 39.045528999769871 ], [ -84.520178999673604, 39.04555299970491 ], [ -84.520259000039545, 39.045563999904907 ], [ -84.520290000001694, 39.045584000073958 ], [ -84.520308000443336, 39.045631000135025 ], [ -84.520310999918081, 39.045663999995874 ], [ -84.520226000427584, 39.045961999901792 ], [ -84.520248999993797, 39.046054999732092 ], [ -84.5202139998337, 39.046156000279296 ], [ -84.520156999932283, 39.046381000143342 ], [ -84.520129000343204, 39.046432999830124 ], [ -84.520064999870783, 39.046522999787904 ], [ -84.519970000334538, 39.046706999747776 ], [ -84.519930999976481, 39.046841000069058 ], [ -84.519916999732786, 39.046994000161554 ], [ -84.519904000212307, 39.047021999969346 ], [ -84.5198339998921, 39.047068000028098 ], [ -84.519793999709123, 39.047106999766278 ], [ -84.519730000135027, 39.047270000174208 ], [ -84.519730999959933, 39.047310999977931 ], [ -84.519740000180775, 39.047338999660077 ], [ -84.519681999556141, 39.047431999770389 ], [ -84.519571000126362, 39.047523000284968 ], [ -84.519427000186326, 39.047693999700392 ], [ -84.519191000184776, 39.047912999766979 ], [ -84.519029999627975, 39.048008999706333 ], [ -84.518997000016014, 39.048043000278525 ], [ -84.518858999923751, 39.048159000178821 ], [ -84.518689999869352, 39.048253000331144 ], [ -84.518622999922201, 39.048310999783858 ], [ -84.518565000195878, 39.048338999767203 ], [ -84.518343000438037, 39.04850700013192 ], [ -84.518283000163578, 39.048572999941634 ], [ -84.518223999714024, 39.04866500010197 ], [ -84.518200000322906, 39.048722999913977 ], [ -84.518197999774756, 39.048794999927104 ], [ -84.518216000216427, 39.04891000027061 ], [ -84.518208999645424, 39.048974999987657 ], [ -84.518302000430154, 39.049284000196209 ], [ -84.518343000438037, 39.049517000321977 ], [ -84.518367999654075, 39.049641000338966 ], [ -84.518411000210094, 39.049699999753059 ], [ -84.518474999784203, 39.049852999931346 ], [ -84.518514000142261, 39.049923000084753 ], [ -84.518565000195878, 39.050195000321459 ], [ -84.518308000277926, 39.050549999959976 ], [ -84.518165999987701, 39.050745999675776 ], [ -84.518085999621761, 39.050832000262055 ], [ -84.518007999803956, 39.050915999971124 ], [ -84.517680999565812, 39.051211999976729 ], [ -84.517524000105297, 39.051335000125661 ], [ -84.516771999719708, 39.051814000002508 ], [ -84.516749999978387, 39.051828000347626 ], [ -84.516689999703956, 39.051865999875183 ], [ -84.51653800026628, 39.051942000264226 ], [ -84.515971999653544, 39.052185999858921 ], [ -84.515599000282961, 39.052346999673084 ], [ -84.515164999914674, 39.052490999910837 ], [ -84.514651999903705, 39.052655000114697 ], [ -84.514158000159284, 39.052812999874284 ], [ -84.513995999777592, 39.052864999709001 ], [ -84.513485000314716, 39.053028000083181 ], [ -84.51304199972563, 39.053170999973247 ], [ -84.512004000008091, 39.053501999983553 ], [ -84.511362000125672, 39.053711000200543 ], [ -84.511025999666685, 39.053820000235149 ], [ -84.509902999560325, 39.054178000112337 ], [ -84.50880200009361, 39.054534999932379 ], [ -84.507880999653622, 39.054814999704689 ], [ -84.507561999811386, 39.054905999775329 ], [ -84.507237000121364, 39.054981999683122 ], [ -84.505992999641208, 39.055222000029801 ], [ -84.505719000004831, 39.055296999970878 ], [ -84.505494999698826, 39.055382000272814 ], [ -84.503534999716393, 39.056265999859079 ], [ -84.50330399973771, 39.056369999985584 ], [ -84.502708999710947, 39.056671999887115 ], [ -84.502162000263098, 39.057001999928822 ], [ -84.502018000323062, 39.057096000169999 ], [ -84.501983000162951, 39.057119000061562 ], [ -84.501475999999755, 39.056353999922415 ], [ -84.501259000264767, 39.056026000270364 ], [ -84.501136000241118, 39.055824000054109 ], [ -84.500935000399679, 39.055464999828807 ], [ -84.500685999979339, 39.054966000003049 ], [ -84.500726999987208, 39.054945000068628 ], [ -84.50068799962915, 39.054861999901448 ], [ -84.500449000152869, 39.054285000144255 ], [ -84.500213999976211, 39.053643000311325 ], [ -84.500020999632369, 39.053115000338593 ], [ -84.499822000339051, 39.052568999655449 ], [ -84.499414999734952, 39.051432999659895 ], [ -84.499384999597751, 39.051350000248235 ], [ -84.499322999673467, 39.051178000232412 ], [ -84.499290000061507, 39.051074000133205 ], [ -84.499244000030743, 39.050963999660382 ], [ -84.498845999647486, 39.049840000293827 ], [ -84.500397000274319, 39.049668999795117 ], [ -84.500439999932027, 39.0496469999742 ], [ -84.500512999726965, 39.049635999712393 ], [ -84.500343999672566, 39.049706999786672 ], [ -84.500525000320849, 39.049660000344893 ], [ -84.500793999934359, 39.049589000223307 ], [ -84.501188000119654, 39.049522999967742 ], [ -84.501456999733179, 39.049477999821519 ], [ -84.50185199974338, 39.049436999880406 ], [ -84.502064000353812, 39.049424000166319 ], [ -84.502409000135302, 39.049417999814551 ], [ -84.502492999800879, 39.049417000104654 ], [ -84.503177000414411, 39.04941099975224 ], [ -84.503492999883591, 39.049398999743531 ], [ -84.50393300009965, 39.049325000226176 ], [ -84.504145999636663, 39.049270999756359 ], [ -84.504369000117734, 39.049195999694277 ], [ -84.504523999928438, 39.049131999894577 ], [ -84.504672000066449, 39.049056999684836 ], [ -84.504739999838506, 39.049023000298348 ], [ -84.504948000250963, 39.04889500032742 ], [ -84.50517599985659, 39.048735999757085 ], [ -84.50524199997885, 39.048688999669103 ], [ -84.506006999884903, 39.04813400000593 ], [ -84.507331999657623, 39.047168999824521 ], [ -84.508654999780518, 39.046206999678759 ], [ -84.508704000184323, 39.046168999897176 ], [ -84.508735999971378, 39.046145999927639 ], [ -84.508836000428786, 39.046074999762133 ], [ -84.50888300028447, 39.046041000335606 ], [ -84.509007000133025, 39.045950999763718 ], [ -84.509040999569891, 39.045926000204645 ], [ -84.511409999806247, 39.044204000241869 ], [ -84.511475999928493, 39.044156999929115 ], [ -84.511496999844894, 39.044189999780848 ], [ -84.512998000243002, 39.04310199982087 ], [ -84.514954000027487, 39.041705999751699 ], [ -84.515046000088986, 39.041638999985238 ], [ -84.515179999983289, 39.041544000280361 ], [ -84.517189000369541, 39.040112000256052 ], [ -84.518216000216427, 39.039396999677422 ], [ -84.51839899961621, 39.039253999809773 ], [ -84.518704000113061, 39.03899100011737 ], [ -84.51900000038907, 39.038757000297608 ], [ -84.520088000335321, 39.037967999711 ], [ -84.520163999604989, 39.037911999884535 ], [ -84.520202000138141, 39.03795599985159 ], [ -84.520232000275357, 39.037975000209464 ], [ -84.520408999827367, 39.038054999677243 ], [ -84.520426000444118, 39.038074000008507 ], [ -84.520613999866782, 39.038249000138528 ], [ -84.520644999828932, 39.038290000293749 ], [ -84.520767000027647, 39.038405000295796 ], [ -84.52084400002056, 39.038510000073465 ], [ -84.520896999723988, 39.038602000082719 ], [ -84.520904000295019, 39.038633000013363 ], [ -84.520896999723988, 39.038656000335699 ], [ -84.520942999754766, 39.038774000021363 ], [ -84.520966000219289, 39.038863999968427 ], [ -84.520972999891981, 39.038963999775184 ] ] ] ] } },
{ "type": "Feature", "properties": { "mdshnocar": 9.235 }, "geometry": { "type": "MultiPolygon", "coordinates": [ [ [ [ -84.520163999604989, 39.037911999884535 ], [ -84.520088000335321, 39.037967999711 ], [ -84.51900000038907, 39.038757000297608 ], [ -84.518704000113061, 39.03899100011737 ], [ -84.51839899961621, 39.039253999809773 ], [ -84.518216000216427, 39.039396999677422 ], [ -84.517189000369541, 39.040112000256052 ], [ -84.515179999983289, 39.041544000280361 ], [ -84.515046000088986, 39.041638999985238 ], [ -84.514954000027487, 39.041705999751699 ], [ -84.512998000243002, 39.04310199982087 ], [ -84.511496999844894, 39.044189999780848 ], [ -84.511475999928493, 39.044156999929115 ], [ -84.511409999806247, 39.044204000241869 ], [ -84.509040999569891, 39.045926000204645 ], [ -84.509007000133025, 39.045950999763718 ], [ -84.50888300028447, 39.046041000335606 ], [ -84.508836000428786, 39.046074999762133 ], [ -84.508735999971378, 39.046145999927639 ], [ -84.508704000184323, 39.046168999897176 ], [ -84.508654999780518, 39.046206999678759 ], [ -84.507331999657623, 39.047168999824521 ], [ -84.506006999884903, 39.04813400000593 ], [ -84.50524199997885, 39.048688999669103 ], [ -84.50517599985659, 39.048735999757085 ], [ -84.504948000250963, 39.04889500032742 ], [ -84.504739999838506, 39.049023000298348 ], [ -84.504672000066449, 39.049056999684836 ], [ -84.504523999928438, 39.049131999894577 ], [ -84.504369000117734, 39.049195999694277 ], [ -84.504145999636663, 39.049270999756359 ], [ -84.50393300009965, 39.049325000226176 ], [ -84.503492999883591, 39.049398999743531 ], [ -84.503177000414411, 39.04941099975224 ], [ -84.502492999800879, 39.049417000104654 ], [ -84.502409000135302, 39.049417999814551 ], [ -84.502064000353812, 39.049424000166319 ], [ -84.50185199974338, 39.049436999880406 ], [ -84.501456999733179, 39.049477999821519 ], [ -84.501188000119654, 39.049522999967742 ], [ -84.500793999934359, 39.049589000223307 ], [ -84.500525000320849, 39.049660000344893 ], [ -84.500343999672566, 39.049706999786672 ], [ -84.500512999726965, 39.049635999712393 ], [ -84.500439999932027, 39.0496469999742 ], [ -84.500397000274319, 39.049668999795117 ], [ -84.498845999647486, 39.049840000293827 ], [ -84.498435999568656, 39.048682999952504 ], [ -84.498401000306885, 39.048588999674784 ], [ -84.498311999720102, 39.048320999829002 ], [ -84.498298000374717, 39.048266999986886 ], [ -84.498274999910194, 39.048228000191521 ], [ -84.498013999794267, 39.047494999978099 ], [ -84.498086999589205, 39.047505999875732 ], [ -84.498562999790266, 39.047494999978099 ], [ -84.499230999611953, 39.047484999816014 ], [ -84.499746999995978, 39.047463000012542 ], [ -84.500588000070024, 39.047439000028781 ], [ -84.500603000138653, 39.046980000253484 ], [ -84.500602000313748, 39.046741000249042 ], [ -84.500619999857079, 39.046263999661619 ], [ -84.500648000344498, 39.045539000208933 ], [ -84.500550000435197, 39.045465000135913 ], [ -84.500383999855529, 39.045319999758689 ], [ -84.500269000227803, 39.045164999988621 ], [ -84.500222000372148, 39.045063000346019 ], [ -84.500176000341398, 39.04496000008546 ], [ -84.499622000322532, 39.043410999906861 ], [ -84.499584999614271, 39.043312999707581 ], [ -84.499427000328851, 39.043084999743051 ], [ -84.499146999946362, 39.042716000205949 ], [ -84.498939000432216, 39.042439000033859 ], [ -84.498556000117574, 39.041915999805518 ], [ -84.49822800005451, 39.041472999675783 ], [ -84.497937999626288, 39.041084000049629 ], [ -84.497490999737522, 39.040489000223019 ], [ -84.49714099993318, 39.040020000119782 ], [ -84.496827000113825, 39.039587999698092 ], [ -84.496683000173761, 39.039396999677422 ], [ -84.496309000079961, 39.038894999784119 ], [ -84.496253999828369, 39.03882900000265 ], [ -84.49616599996483, 39.038644999757743 ], [ -84.496077000276358, 39.038443999932376 ], [ -84.496030000420703, 39.038334000025408 ], [ -84.495979000367072, 39.038181000015925 ], [ -84.495857000168328, 39.037783000140429 ], [ -84.495743000365536, 39.037389000334663 ], [ -84.495719999900984, 39.037323999725281 ], [ -84.495695999611542, 39.03722700003572 ], [ -84.495584000356857, 39.036411999780285 ], [ -84.495560000067428, 39.035757999839653 ], [ -84.495554000219641, 39.035604999834483 ], [ -84.495564000265375, 39.035401000010083 ], [ -84.495574000311123, 39.03516399973109 ], [ -84.495569000288242, 39.035057000039529 ], [ -84.495553000394722, 39.034944000000223 ], [ -84.495528000280373, 39.034833000310584 ], [ -84.495433999670723, 39.034576999651264 ], [ -84.495410000279591, 39.034511999944108 ], [ -84.495246000248045, 39.03424199987623 ], [ -84.495037999835588, 39.033970000315485 ], [ -84.494775000069865, 39.033651000081584 ], [ -84.494723000191343, 39.033588000088258 ], [ -84.494749000130597, 39.033581999786918 ], [ -84.494857000085645, 39.033581999786918 ], [ -84.494979000284374, 39.033591999823699 ], [ -84.495150999813518, 39.033601999859052 ], [ -84.495844999574459, 39.033637000320553 ], [ -84.496026000222756, 39.033651000081584 ], [ -84.496422000057862, 39.033684999888536 ], [ -84.496930999870884, 39.033734000053578 ], [ -84.497405000422134, 39.033757999808671 ], [ -84.49791400023517, 39.033743000137129 ], [ -84.498452000360487, 39.033699000337862 ], [ -84.49892099999056, 39.033635999689523 ], [ -84.499228999962128, 39.033581999786918 ], [ -84.499752999843778, 39.033439999949437 ], [ -84.500133999610284, 39.033283999995589 ], [ -84.500295999991977, 39.033235000216344 ], [ -84.500461999673334, 39.033239999910549 ], [ -84.500593999917811, 39.033259000140966 ], [ -84.500751000276665, 39.033328000053238 ], [ -84.501024000088123, 39.03345499968529 ], [ -84.501053000400447, 39.033403000215181 ], [ -84.501178999898841, 39.033087999976999 ], [ -84.501306999945356, 39.033123999935746 ], [ -84.501815999758364, 39.033269000223434 ], [ -84.503066000086335, 39.03358600022046 ], [ -84.503281999996403, 39.033634999756337 ], [ -84.503722000212463, 39.033754000082681 ], [ -84.503677000006604, 39.034194999914114 ], [ -84.503606999686411, 39.03488799987057 ], [ -84.503570999701395, 39.035256999820518 ], [ -84.503338000072901, 39.035246000108913 ], [ -84.50322400027008, 39.036066000049345 ], [ -84.503213000399413, 39.036137999705403 ], [ -84.503203000353679, 39.036216000064123 ], [ -84.503475000340245, 39.036243000060843 ], [ -84.503646999869375, 39.036237999881315 ], [ -84.503815000098868, 39.036209999985871 ], [ -84.504066999993952, 39.03618800015996 ], [ -84.504189000192682, 39.036149999873558 ], [ -84.504708000051465, 39.036094000001839 ], [ -84.505098999863705, 39.036084000319121 ], [ -84.505226000085315, 39.036081999824226 ], [ -84.505471000307708, 39.036119000249116 ], [ -84.505790999974835, 39.036135000011946 ], [ -84.505965999877034, 39.036134000114117 ], [ -84.506050000440922, 39.036122999841297 ], [ -84.506202999703476, 39.036112000264495 ], [ -84.506416000138813, 39.036121000045227 ], [ -84.506515999697939, 39.036146000282898 ], [ -84.506659999637975, 39.036148999975936 ], [ -84.50692699960166, 39.036122999841297 ], [ -84.507018999663174, 39.036107000075695 ], [ -84.507140999861917, 39.03610099998825 ], [ -84.507499999887116, 39.036103999683142 ], [ -84.507674999789288, 39.036112000264495 ], [ -84.507729000215974, 39.036127000130982 ], [ -84.507827999950166, 39.036191999748191 ], [ -84.507904000118145, 39.036230000012011 ], [ -84.507934000255389, 39.036252999721057 ], [ -84.508042000210423, 39.036299999709968 ], [ -84.50833099991543, 39.036356000116207 ], [ -84.508468000182759, 39.036408000204453 ], [ -84.508637000237172, 39.036443999867423 ], [ -84.508956999904299, 39.036549999660124 ], [ -84.50907099970712, 39.036563000347854 ], [ -84.50913299963139, 39.036566999914918 ], [ -84.509269999898748, 39.036605999868236 ], [ -84.509566999999691, 39.036719999930433 ], [ -84.509625999550906, 39.036750000099879 ], [ -84.509685999825365, 39.036776999892552 ], [ -84.509844999834016, 39.036837000170259 ], [ -84.510002000192856, 39.036894000038004 ], [ -84.510099000277236, 39.036929000264564 ], [ -84.510124000391585, 39.036938999827697 ], [ -84.510260999760632, 39.036996000310879 ], [ -84.510306999791382, 39.037029000018784 ], [ -84.510376000286669, 39.037061999711263 ], [ -84.510444999883646, 39.037077000073864 ], [ -84.510521000051625, 39.037083000078439 ], [ -84.510649999923046, 39.037121999746965 ], [ -84.511032000412783, 39.037360000317051 ], [ -84.511162000109124, 39.037426000075222 ], [ -84.511291999805465, 39.037508999799826 ], [ -84.511367999973444, 39.03754700005311 ], [ -84.511748999739964, 39.03766799982381 ], [ -84.511855999870093, 39.037693000211952 ], [ -84.511925000365366, 39.03771700001802 ], [ -84.511978000068808, 39.037727000167408 ], [ -84.512008000206052, 39.037740999815938 ], [ -84.512199000001758, 39.037789999959521 ], [ -84.512275999994642, 39.037818999800649 ], [ -84.512405999690984, 39.037851999821939 ], [ -84.512497999752497, 39.037865000270067 ], [ -84.512566000422879, 39.037883000081585 ], [ -84.512610999730413, 39.037901999761381 ], [ -84.512723999708314, 39.037927000066688 ], [ -84.512756000393679, 39.037927999939143 ], [ -84.512778000134986, 39.037931000254289 ], [ -84.512802000424429, 39.037943000117899 ], [ -84.512870000196486, 39.03794900004894 ], [ -84.513146000381013, 39.038003999974656 ], [ -84.513275000252449, 39.03806100029653 ], [ -84.513519999576502, 39.038069999829041 ], [ -84.513568999980322, 39.038080999798765 ], [ -84.513603000315513, 39.038095000074911 ], [ -84.513702999874624, 39.038123999790855 ], [ -84.513854000385663, 39.03814700027894 ], [ -84.513946000447191, 39.038152000323372 ], [ -84.513977000409326, 39.03815699966971 ], [ -84.514061000074904, 39.038186000057969 ], [ -84.51412999967188, 39.038191999968362 ], [ -84.514183000273647, 39.038179000278106 ], [ -84.514214000235782, 39.038184000320278 ], [ -84.514244000372997, 39.038198999746932 ], [ -84.514275000335161, 39.038203999787648 ], [ -84.514579999933673, 39.038206000222516 ], [ -84.514877999859507, 39.038175999973532 ], [ -84.515015000126866, 39.038182999753637 ], [ -84.515181999633114, 39.038182999753637 ], [ -84.515373000327131, 39.038169000192688 ], [ -84.515549000054236, 39.038168000323637 ], [ -84.515640000290844, 39.038155999800431 ], [ -84.515717000283729, 39.03815800023667 ], [ -84.515882000140166, 39.03814099966695 ], [ -84.516128000187479, 39.038107999780628 ], [ -84.51630399991457, 39.038097999685156 ], [ -84.516342000447722, 39.038090000026429 ], [ -84.516487000212663, 39.038084000107368 ], [ -84.51680799970471, 39.0380500003237 ], [ -84.516852999910554, 39.038051000194422 ], [ -84.517028999637645, 39.038027999675137 ], [ -84.517067000170812, 39.038014999954697 ], [ -84.517240000423172, 39.038005999717427 ], [ -84.517524000105297, 39.037976000081287 ], [ -84.517654999626558, 39.037969000280626 ], [ -84.517890999628094, 39.037898000269891 ], [ -84.51811800030714, 39.037860000205328 ], [ -84.518347999562593, 39.037827000187818 ], [ -84.518692000417488, 39.037797999652213 ], [ -84.518776000083065, 39.037785999763926 ], [ -84.51893599991665, 39.037771000249656 ], [ -84.5189819999474, 39.037750000086959 ], [ -84.519104000146129, 39.03774800033694 ], [ -84.519202999880349, 39.037763999730927 ], [ -84.519248999911085, 39.037765000303452 ], [ -84.519402000071963, 39.037789999959521 ], [ -84.519515999874798, 39.037801999847069 ], [ -84.519576999974163, 39.037789999959521 ], [ -84.519745000203656, 39.037789000085063 ], [ -84.520012000167327, 39.037829999809439 ], [ -84.520125999970148, 39.037882000208491 ], [ -84.520163999604989, 39.037911999884535 ] ] ] ] } }
]
}
