{
"type": "FeatureCollection",
"name": "transit",
"crs": { "type": "name", "properties": { "name": "urn:ogc:def:crs:OGC:1.3:CRS84" } },
"features": [
{ "type": "Feature", "properties": { "name": null }, "geometry": { "type": "Point", "coordinates": [ -84.5143681, 39.0888064 ] } },
{ "type": "Feature", "properties": { "name": "Ft. Wright Transit Hub" }, "geometry": { "type": "Point", "coordinates": [ -84.53023, 39.0357343 ] } },
{ "type": "Feature", "properties": { "name": null }, "geometry": { "type": "Point", "coordinates": [ -84.5294904, 39.03803 ] } },
{ "type": "Feature", "properties": { "name": "Covington Transit Center" }, "geometry": { "type": "Point", "coordinates": [ -84.5106065, 39.0888384 ] } },
{ "type": "Feature", "properties": { "name": "Village Green Park and Ride" }, "geometry": { "type": "Point", "coordinates": [ -84.4015488, 38.986386 ] } },
{ "type": "Feature", "properties": { "name": "Pete Rose Way & Mehring Way" }, "geometry": { "type": "Point", "coordinates": [ -84.503046, 39.099434 ] } },
{ "type": "Feature", "properties": { "name": "Pete Rose Way 537" }, "geometry": { "type": "Point", "coordinates": [ -84.502195, 39.099988 ] } },
{ "type": "Feature", "properties": { "name": null }, "geometry": { "type": "Point", "coordinates": [ -84.5142115, 39.0866115 ] } },
{ "type": "Feature", "properties": { "name": "Third & Johnson" }, "geometry": { "type": "Point", "coordinates": [ -84.5158584, 39.0874278 ] } },
{ "type": "Feature", "properties": { "name": "Third & Bakewell" }, "geometry": { "type": "Point", "coordinates": [ -84.5186806, 39.0874486 ] } },
{ "type": "Feature", "properties": { "name": "Third & Johnson" }, "geometry": { "type": "Point", "coordinates": [ -84.5162446, 39.0875363 ] } },
{ "type": "Feature", "properties": { "name": null }, "geometry": { "type": "Point", "coordinates": [ -84.5201821, 39.0853165 ] } },
{ "type": "Feature", "properties": { "name": "Madison & 4th" }, "geometry": { "type": "Point", "coordinates": [ -84.5108996, 39.0871385 ] } },
{ "type": "Feature", "properties": { "name": "Main Terminal" }, "geometry": { "type": "Point", "coordinates": [ -84.655688, 39.0558696 ] } },
{ "type": "Feature", "properties": { "name": null }, "geometry": { "type": "Point", "coordinates": [ -84.5112138, 39.0989522 ] } },
{ "type": "Feature", "properties": { "name": null }, "geometry": { "type": "Point", "coordinates": [ -84.5082311, 39.0993847 ] } },
{ "type": "Feature", "properties": { "name": "Transit Center" }, "geometry": { "type": "Point", "coordinates": [ -84.5114137, 39.0980222 ] } },
{ "type": "Feature", "properties": { "name": null }, "geometry": { "type": "Point", "coordinates": [ -84.4965132, 39.0939479 ] } },
{ "type": "Feature", "properties": { "name": null }, "geometry": { "type": "Point", "coordinates": [ -84.4958123, 39.0917018 ] } },
{ "type": "Feature", "properties": { "name": "York at 3rd" }, "geometry": { "type": "Point", "coordinates": [ -84.4969978, 39.0930217 ] } },
{ "type": "Feature", "properties": { "name": "Scott @ Sixth" }, "geometry": { "type": "Point", "coordinates": [ -84.5088663, 39.0846943 ] } },
{ "type": "Feature", "properties": { "name": null }, "geometry": { "type": "Point", "coordinates": [ -84.5074905, 39.0793933 ] } },
{ "type": "Feature", "properties": { "name": "Dixie @ Gateway Steps" }, "geometry": { "type": "Point", "coordinates": [ -84.5269154, 39.0706044 ] } },
{ "type": "Feature", "properties": { "name": null }, "geometry": { "type": "Point", "coordinates": [ -84.5286152, 39.0685112 ] } },
{ "type": "Feature", "properties": { "name": null }, "geometry": { "type": "Point", "coordinates": [ -84.5481336, 39.0551428 ] } },
{ "type": "Feature", "properties": { "name": null }, "geometry": { "type": "Point", "coordinates": [ -84.5059105, 39.0667213 ] } },
{ "type": "Feature", "properties": { "name": "Main Terminal" }, "geometry": { "type": "Point", "coordinates": [ -84.6561595, 39.0545947 ] } },
{ "type": "Feature", "properties": { "name": "Concourse B" }, "geometry": { "type": "Point", "coordinates": [ -84.656185, 39.0510079 ] } },
{ "type": "Feature", "properties": { "name": "Concourse A" }, "geometry": { "type": "Point", "coordinates": [ -84.6561679, 39.0530315 ] } },
{ "type": "Feature", "properties": { "name": "Kenton Dr & Carroll Dr" }, "geometry": { "type": "Point", "coordinates": [ -84.4652432, 39.0341349 ] } },
{ "type": "Feature", "properties": { "name": null }, "geometry": { "type": "Point", "coordinates": [ -84.6550765, 39.0555052 ] } },
{ "type": "Feature", "properties": { "name": "Shelby St & Main St" }, "geometry": { "type": "Point", "coordinates": [ -84.5601654, 39.0833778 ] } },
{ "type": "Feature", "properties": { "name": "Shelby St & Pleasant St" }, "geometry": { "type": "Point", "coordinates": [ -84.5593262, 39.0839729 ] } },
{ "type": "Feature", "properties": { "name": "Boone St & Pleasant St" }, "geometry": { "type": "Point", "coordinates": [ -84.5587921, 39.0832787 ] } },
{ "type": "Feature", "properties": { "name": "Shelby St & Steve Tanner St" }, "geometry": { "type": "Point", "coordinates": [ -84.5609589, 39.0828514 ] } },
{ "type": "Feature", "properties": { "name": "Boone St & Steve Tanner St" }, "geometry": { "type": "Point", "coordinates": [ -84.5600967, 39.0823898 ] } },
{ "type": "Feature", "properties": { "name": "Oak at Pleasant" }, "geometry": { "type": "Point", "coordinates": [ -84.5585701, 39.0845798 ] } },
{ "type": "Feature", "properties": { "name": "Oak St & Helen St" }, "geometry": { "type": "Point", "coordinates": [ -84.5537872, 39.0901833 ] } },
{ "type": "Feature", "properties": { "name": "Oak St & Deverill St" }, "geometry": { "type": "Point", "coordinates": [ -84.556015, 39.0877342 ] } },
{ "type": "Feature", "properties": { "name": "Oak St & Lagoon St" }, "geometry": { "type": "Point", "coordinates": [ -84.5576401, 39.0857124 ] } },
{ "type": "Feature", "properties": { "name": "Oak St & Deverill St" }, "geometry": { "type": "Point", "coordinates": [ -84.5561295, 39.0873909 ] } },
{ "type": "Feature", "properties": { "name": "Adela Ave & Elm St" }, "geometry": { "type": "Point", "coordinates": [ -84.553215, 39.0920792 ] } },
{ "type": "Feature", "properties": { "name": "Adela Ave & Elm St" }, "geometry": { "type": "Point", "coordinates": [ -84.5530396, 39.092186 ] } },
{ "type": "Feature", "properties": { "name": "Adela Ave & Oak St" }, "geometry": { "type": "Point", "coordinates": [ -84.5525513, 39.0916977 ] } },
{ "type": "Feature", "properties": { "name": "Elm & Kenner" }, "geometry": { "type": "Point", "coordinates": [ -84.5501862, 39.0930672 ] } },
{ "type": "Feature", "properties": { "name": "Elm St & Oldham St" }, "geometry": { "type": "Point", "coordinates": [ -84.55159, 39.0928116 ] } },
{ "type": "Feature", "properties": { "name": "Elm St & Oldham St" }, "geometry": { "type": "Point", "coordinates": [ -84.5518875, 39.092617 ] } },
{ "type": "Feature", "properties": { "name": "Elm St & Kenner St" }, "geometry": { "type": "Point", "coordinates": [ -84.5503387, 39.0931587 ] } },
{ "type": "Feature", "properties": { "name": "Oak St & Helen St" }, "geometry": { "type": "Point", "coordinates": [ -84.553772, 39.0900269 ] } },
{ "type": "Feature", "properties": { "name": "Oak St & Ludford St" }, "geometry": { "type": "Point", "coordinates": [ -84.5551529, 39.088707 ] } },
{ "type": "Feature", "properties": { "name": "Oak St & Adela Ave" }, "geometry": { "type": "Point", "coordinates": [ -84.5523834, 39.0915642 ] } },
{ "type": "Feature", "properties": { "name": "Elm St & Locust St" }, "geometry": { "type": "Point", "coordinates": [ -84.5450821, 39.0945129 ] } },
{ "type": "Feature", "properties": { "name": "Elm St & Carneal St" }, "geometry": { "type": "Point", "coordinates": [ -84.5466614, 39.0940552 ] } },
{ "type": "Feature", "properties": { "name": "Alberta St & Highway Ave" }, "geometry": { "type": "Point", "coordinates": [ -84.5393906, 39.0896111 ] } },
{ "type": "Feature", "properties": { "name": "Elm & Kenner" }, "geometry": { "type": "Point", "coordinates": [ -84.5490036, 39.093544 ] } },
{ "type": "Feature", "properties": { "name": "Davies St & Elm St" }, "geometry": { "type": "Point", "coordinates": [ -84.5484009, 39.0935783 ] } },
{ "type": "Feature", "properties": { "name": "Elm St & Euclid St" }, "geometry": { "type": "Point", "coordinates": [ -84.5478363, 39.0938568 ] } },
{ "type": "Feature", "properties": { "name": "Elm St & Carneal St" }, "geometry": { "type": "Point", "coordinates": [ -84.5462036, 39.0943565 ] } },
{ "type": "Feature", "properties": { "name": "Locust St & Elm St" }, "geometry": { "type": "Point", "coordinates": [ -84.5450363, 39.0946922 ] } },
{ "type": "Feature", "properties": { "name": "Highway Ave & Elm St" }, "geometry": { "type": "Point", "coordinates": [ -84.5424652, 39.0951271 ] } },
{ "type": "Feature", "properties": { "name": "Highway Ave & Louise Ct" }, "geometry": { "type": "Point", "coordinates": [ -84.5405579, 39.0943909 ] } },
{ "type": "Feature", "properties": { "name": "Highway Ave & Louise Ct" }, "geometry": { "type": "Point", "coordinates": [ -84.5407104, 39.0941925 ] } },
{ "type": "Feature", "properties": { "name": "Highway Ave & Montrose St" }, "geometry": { "type": "Point", "coordinates": [ -84.5409164, 39.0930214 ] } },
{ "type": "Feature", "properties": { "name": "Montrose St & Highway Ave" }, "geometry": { "type": "Point", "coordinates": [ -84.5407486, 39.0930328 ] } },
{ "type": "Feature", "properties": { "name": "Audrey Ave & Montclair Ave" }, "geometry": { "type": "Point", "coordinates": [ -84.5408249, 39.0914421 ] } },
{ "type": "Feature", "properties": { "name": "Audrey Ave & Montclair Ave" }, "geometry": { "type": "Point", "coordinates": [ -84.540657, 39.0914726 ] } },
{ "type": "Feature", "properties": { "name": "Highway Ave & Uphill St" }, "geometry": { "type": "Point", "coordinates": [ -84.5400925, 39.0900383 ] } },
{ "type": "Feature", "properties": { "name": "Highway Ave & Alberta St" }, "geometry": { "type": "Point", "coordinates": [ -84.539505, 39.0895348 ] } },
{ "type": "Feature", "properties": { "name": "Highway Ave & West St" }, "geometry": { "type": "Point", "coordinates": [ -84.5381851, 39.0888023 ] } },
{ "type": "Feature", "properties": { "name": "Highway Ave & West St" }, "geometry": { "type": "Point", "coordinates": [ -84.5379105, 39.0888596 ] } },
{ "type": "Feature", "properties": { "name": "Philadelphia at 3rd White Castle" }, "geometry": { "type": "Point", "coordinates": [ -84.5192032, 39.0876999 ] } },
{ "type": "Feature", "properties": { "name": "W 3rd St & Philadelphia St" }, "geometry": { "type": "Point", "coordinates": [ -84.5228577, 39.0876541 ] } },
{ "type": "Feature", "properties": { "name": "W 3rd St & Philadelphia St" }, "geometry": { "type": "Point", "coordinates": [ -84.5204773, 39.0876465 ] } },
{ "type": "Feature", "properties": { "name": "W 3rd St & Philadelphia St" }, "geometry": { "type": "Point", "coordinates": [ -84.5215607, 39.0875435 ] } },
{ "type": "Feature", "properties": { "name": "W 3rd St & Crescent Ave" }, "geometry": { "type": "Point", "coordinates": [ -84.5245209, 39.0877075 ] } },
{ "type": "Feature", "properties": { "name": "W 3rd St & Crescent Ave" }, "geometry": { "type": "Point", "coordinates": [ -84.524086, 39.0875244 ] } },
{ "type": "Feature", "properties": { "name": "W 3rd St & Philadelphia St" }, "geometry": { "type": "Point", "coordinates": [ -84.5205994, 39.0875435 ] } },
{ "type": "Feature", "properties": { "name": "W 3rd St & Philadelphia St" }, "geometry": { "type": "Point", "coordinates": [ -84.5217819, 39.0876503 ] } },
{ "type": "Feature", "properties": { "name": "Highway Ave & Linden Grove Cem" }, "geometry": { "type": "Point", "coordinates": [ -84.5361023, 39.0887833 ] } },
{ "type": "Feature", "properties": { "name": "Highway Ave & Parkway Ave" }, "geometry": { "type": "Point", "coordinates": [ -84.5353851, 39.0886002 ] } },
{ "type": "Feature", "properties": { "name": "Highway at Altamount" }, "geometry": { "type": "Point", "coordinates": [ -84.5344925, 39.089138 ] } },
{ "type": "Feature", "properties": { "name": "Highway at Altamount" }, "geometry": { "type": "Point", "coordinates": [ -84.5341492, 39.0890694 ] } },
{ "type": "Feature", "properties": { "name": "Clark St & Highway Ave" }, "geometry": { "type": "Point", "coordinates": [ -84.5326233, 39.089489 ] } },
{ "type": "Feature", "properties": { "name": "Highway Ave & Parkway Ave" }, "geometry": { "type": "Point", "coordinates": [ -84.53228, 39.0896454 ] } },
{ "type": "Feature", "properties": { "name": "Highway Ave & Hathaway Ct" }, "geometry": { "type": "Point", "coordinates": [ -84.5319061, 39.0902328 ] } },
{ "type": "Feature", "properties": { "name": "Parkway Ave & Highway Ave" }, "geometry": { "type": "Point", "coordinates": [ -84.530571, 39.0905304 ] } },
{ "type": "Feature", "properties": { "name": "Highway Ave & Spring St" }, "geometry": { "type": "Point", "coordinates": [ -84.5275192, 39.0894432 ] } },
{ "type": "Feature", "properties": { "name": "Highway Ave & Western Ave" }, "geometry": { "type": "Point", "coordinates": [ -84.5255966, 39.0886917 ] } },
{ "type": "Feature", "properties": { "name": "Highway Ave & Western Ave" }, "geometry": { "type": "Point", "coordinates": [ -84.5257416, 39.0886192 ] } },
{ "type": "Feature", "properties": { "name": "Alexandria Pike & Overlook Dr" }, "geometry": { "type": "Point", "coordinates": [ -84.4686966, 39.0697899 ] } },
{ "type": "Feature", "properties": { "name": "Alexandria Pike & Custis Ave" }, "geometry": { "type": "Point", "coordinates": [ -84.4705505, 39.0714607 ] } },
{ "type": "Feature", "properties": { "name": "Alexandria Pike & Willow St" }, "geometry": { "type": "Point", "coordinates": [ -84.4740906, 39.0742302 ] } },
{ "type": "Feature", "properties": { "name": "Alexandria Pike & Moock Rd" }, "geometry": { "type": "Point", "coordinates": [ -84.4667053, 39.0687408 ] } },
{ "type": "Feature", "properties": { "name": "Alexandria Pike & Moock Rd" }, "geometry": { "type": "Point", "coordinates": [ -84.467186, 39.0687294 ] } },
{ "type": "Feature", "properties": { "name": "Alexandria Pike & Overlook Dr" }, "geometry": { "type": "Point", "coordinates": [ -84.4689255, 39.0697823 ] } },
{ "type": "Feature", "properties": { "name": "Alexandria Pike & Custis Ave" }, "geometry": { "type": "Point", "coordinates": [ -84.4706802, 39.0718842 ] } },
{ "type": "Feature", "properties": { "name": "Joyce Ave & Alexandria Pike" }, "geometry": { "type": "Point", "coordinates": [ -84.471138, 39.0723763 ] } },
{ "type": "Feature", "properties": { "name": "Alexandria Pike & Joyce Ave" }, "geometry": { "type": "Point", "coordinates": [ -84.4714966, 39.0725632 ] } },
{ "type": "Feature", "properties": { "name": "Electric Ave & Ridgeway Ave" }, "geometry": { "type": "Point", "coordinates": [ -84.4752884, 39.0746193 ] } },
{ "type": "Feature", "properties": { "name": "Electric Ave & Ridgeway Ave" }, "geometry": { "type": "Point", "coordinates": [ -84.4750977, 39.0746765 ] } },
{ "type": "Feature", "properties": { "name": "Monmouth St & 21st St" }, "geometry": { "type": "Point", "coordinates": [ -84.4797134, 39.0782852 ] } },
{ "type": "Feature", "properties": { "name": "Monmouth St & New Linden Rd" }, "geometry": { "type": "Point", "coordinates": [ -84.4806061, 39.0792809 ] } },
{ "type": "Feature", "properties": { "name": "Alexandria Pike & Willow St" }, "geometry": { "type": "Point", "coordinates": [ -84.4736938, 39.0741882 ] } },
{ "type": "Feature", "properties": { "name": "Alexandria Pike & Bluegrass Ave" }, "geometry": { "type": "Point", "coordinates": [ -84.4763718, 39.0752335 ] } },
{ "type": "Feature", "properties": { "name": "Alexandria Pike & Bluegrass Ave" }, "geometry": { "type": "Point", "coordinates": [ -84.4770126, 39.0755005 ] } },
{ "type": "Feature", "properties": { "name": "Alexandria Pike & Dexter Rd" }, "geometry": { "type": "Point", "coordinates": [ -84.4777527, 39.0765228 ] } },
{ "type": "Feature", "properties": { "name": "Alexandria Pike & Dexter Rd" }, "geometry": { "type": "Point", "coordinates": [ -84.477684, 39.0761833 ] } },
{ "type": "Feature", "properties": { "name": "Monmouth St & Carroll Ave" }, "geometry": { "type": "Point", "coordinates": [ -84.4789276, 39.0775948 ] } },
{ "type": "Feature", "properties": { "name": "Monmouth St & Carroll Ave" }, "geometry": { "type": "Point", "coordinates": [ -84.4788513, 39.0773735 ] } },
{ "type": "Feature", "properties": { "name": "Zott St & Monmouth St" }, "geometry": { "type": "Point", "coordinates": [ -84.4801788, 39.0785522 ] } },
{ "type": "Feature", "properties": { "name": "Monmouth St & 19th St" }, "geometry": { "type": "Point", "coordinates": [ -84.4811172, 39.0796165 ] } },
{ "type": "Feature", "properties": { "name": "Monmouth St & 19th St" }, "geometry": { "type": "Point", "coordinates": [ -84.4811783, 39.0799637 ] } },
{ "type": "Feature", "properties": { "name": "Monmouth St & E 11th St" }, "geometry": { "type": "Point", "coordinates": [ -84.4876556, 39.0863571 ] } },
{ "type": "Feature", "properties": { "name": "E 11th St & John St" }, "geometry": { "type": "Point", "coordinates": [ -84.4884567, 39.0855255 ] } },
{ "type": "Feature", "properties": { "name": "Newport Shopping Center" }, "geometry": { "type": "Point", "coordinates": [ -84.4803009, 39.0831985 ] } },
{ "type": "Feature", "properties": { "name": "Monmouth & 16th St" }, "geometry": { "type": "Point", "coordinates": [ -84.4841003, 39.0838013 ] } },
{ "type": "Feature", "properties": { "name": "16th @ Monmouth" }, "geometry": { "type": "Point", "coordinates": [ -84.4843063, 39.0840874 ] } },
{ "type": "Feature", "properties": { "name": "Monmouth St & E 7th St" }, "geometry": { "type": "Point", "coordinates": [ -84.4924927, 39.0905609 ] } },
{ "type": "Feature", "properties": { "name": "Monmouth St & E 9th St" }, "geometry": { "type": "Point", "coordinates": [ -84.4899216, 39.0881691 ] } },
{ "type": "Feature", "properties": { "name": "Monmouth St & E 5th St" }, "geometry": { "type": "Point", "coordinates": [ -84.4943314, 39.092556 ] } },
{ "type": "Feature", "properties": { "name": "3rd & York Newport" }, "geometry": { "type": "Point", "coordinates": [ -84.4964981, 39.0938988 ] } },
{ "type": "Feature", "properties": { "name": "Taylor-Southgate & E Pete Rose W" }, "geometry": { "type": "Point", "coordinates": [ -84.5037231, 39.0985565 ] } },
{ "type": "Feature", "properties": { "name": "Broadway & E 2nd St" }, "geometry": { "type": "Point", "coordinates": [ -84.5054016, 39.0991135 ] } },
{ "type": "Feature", "properties": { "name": "York St & W 7th St" }, "geometry": { "type": "Point", "coordinates": [ -84.4942551, 39.0899887 ] } },
{ "type": "Feature", "properties": { "name": "York St & W 8th St" }, "geometry": { "type": "Point", "coordinates": [ -84.4928055, 39.0884514 ] } },
{ "type": "Feature", "properties": { "name": "York St & E 9th St" }, "geometry": { "type": "Point", "coordinates": [ -84.4916611, 39.0871887 ] } },
{ "type": "Feature", "properties": { "name": "York St & E 10th St" }, "geometry": { "type": "Point", "coordinates": [ -84.4906444, 39.0860589 ] } },
{ "type": "Feature", "properties": { "name": "Race @ Third, Cincinnati" }, "geometry": { "type": "Point", "coordinates": [ -84.5140994, 39.0985543 ] } },
{ "type": "Feature", "properties": { "name": "Vine St & 2nd St" }, "geometry": { "type": "Point", "coordinates": [ -84.5126536, 39.0977932 ] } },
{ "type": "Feature", "properties": { "name": "Madison @ Sterrett" }, "geometry": { "type": "Point", "coordinates": [ -84.5051117, 39.0643234 ] } },
{ "type": "Feature", "properties": { "name": "Madison Ave & E 24th St" }, "geometry": { "type": "Point", "coordinates": [ -84.5050201, 39.0632401 ] } },
{ "type": "Feature", "properties": { "name": "Madison Ave & Wallace Ave" }, "geometry": { "type": "Point", "coordinates": [ -84.5055923, 39.0656052 ] } },
{ "type": "Feature", "properties": { "name": "Madison @ 24th" }, "geometry": { "type": "Point", "coordinates": [ -84.5048065, 39.0629578 ] } },
{ "type": "Feature", "properties": { "name": "Madison Ave & Sterrett Ave" }, "geometry": { "type": "Point", "coordinates": [ -84.5052261, 39.0640945 ] } },
{ "type": "Feature", "properties": { "name": "Madison Ave & Catalpa St" }, "geometry": { "type": "Point", "coordinates": [ -84.504776, 39.0623169 ] } },
{ "type": "Feature", "properties": { "name": "Madison @ Catalpa" }, "geometry": { "type": "Point", "coordinates": [ -84.5046539, 39.0624008 ] } },
{ "type": "Feature", "properties": { "name": "Madison @ Wallace" }, "geometry": { "type": "Point", "coordinates": [ -84.5054016, 39.0654793 ] } },
{ "type": "Feature", "properties": { "name": "25 @ Madison" }, "geometry": { "type": "Point", "coordinates": [ -84.5039597, 39.0609436 ] } },
{ "type": "Feature", "properties": { "name": "Madison @ 26th" }, "geometry": { "type": "Point", "coordinates": [ -84.5032806, 39.0603371 ] } },
{ "type": "Feature", "properties": { "name": "26th Madison" }, "geometry": { "type": "Point", "coordinates": [ -84.5027542, 39.0594788 ] } },
{ "type": "Feature", "properties": { "name": "Madison Ct & Madison Ave" }, "geometry": { "type": "Point", "coordinates": [ -84.5016708, 39.0573769 ] } },
{ "type": "Feature", "properties": { "name": "James Ave & Winchester St" }, "geometry": { "type": "Point", "coordinates": [ -84.5018005, 39.0571671 ] } },
{ "type": "Feature", "properties": { "name": "Holmes High Sshool" }, "geometry": { "type": "Point", "coordinates": [ -84.5040741, 39.0607986 ] } },
{ "type": "Feature", "properties": { "name": "Decoursey Ave & Madison Ave" }, "geometry": { "type": "Point", "coordinates": [ -84.5035095, 39.0563164 ] } },
{ "type": "Feature", "properties": { "name": "Decoursey Ave & Madison Ave" }, "geometry": { "type": "Point", "coordinates": [ -84.5035782, 39.0561485 ] } },
{ "type": "Feature", "properties": { "name": "James Ave & Eastern Ave" }, "geometry": { "type": "Point", "coordinates": [ -84.5003204, 39.0575714 ] } },
{ "type": "Feature", "properties": { "name": "James @ Eastern" }, "geometry": { "type": "Point", "coordinates": [ -84.5001678, 39.0576172 ] } },
{ "type": "Feature", "properties": { "name": "Decoursey @ 31st" }, "geometry": { "type": "Point", "coordinates": [ -84.5031509, 39.053215 ] } },
{ "type": "Feature", "properties": { "name": "Decoursey Ave & W 31st St" }, "geometry": { "type": "Point", "coordinates": [ -84.5032959, 39.053196 ] } },
{ "type": "Feature", "properties": { "name": "30th @ Frazier" }, "geometry": { "type": "Point", "coordinates": [ -84.5021439, 39.0542488 ] } },
{ "type": "Feature", "properties": { "name": "E 30th St & Decoursey Ave" }, "geometry": { "type": "Point", "coordinates": [ -84.5031891, 39.0539131 ] } },
{ "type": "Feature", "properties": { "name": "30th @ 31st" }, "geometry": { "type": "Point", "coordinates": [ -84.5010452, 39.0547409 ] } },
{ "type": "Feature", "properties": { "name": "E 30th St & E 31st St" }, "geometry": { "type": "Point", "coordinates": [ -84.501503, 39.0546722 ] } },
{ "type": "Feature", "properties": { "name": "Decoursey @ 32nd" }, "geometry": { "type": "Point", "coordinates": [ -84.5030136, 39.0521927 ] } },
{ "type": "Feature", "properties": { "name": "Decoursey @ 36th" }, "geometry": { "type": "Point", "coordinates": [ -84.5031357, 39.0486183 ] } },
{ "type": "Feature", "properties": { "name": "Decoursey Ave & W 36th St" }, "geometry": { "type": "Point", "coordinates": [ -84.5032654, 39.0488129 ] } },
{ "type": "Feature", "properties": { "name": "Decoursey at 34th St" }, "geometry": { "type": "Point", "coordinates": [ -84.5032425, 39.0505867 ] } },
{ "type": "Feature", "properties": { "name": "W 43rd St & Winston Ave" }, "geometry": { "type": "Point", "coordinates": [ -84.506485, 39.0417252 ] } },
{ "type": "Feature", "properties": { "name": "Rittes Corner" }, "geometry": { "type": "Point", "coordinates": [ -84.5032787, 39.0470986 ] } },
{ "type": "Feature", "properties": { "name": "Rittes Corner" }, "geometry": { "type": "Point", "coordinates": [ -84.5038528, 39.0464211 ] } },
{ "type": "Feature", "properties": { "name": "Winston @ 38th" }, "geometry": { "type": "Point", "coordinates": [ -84.5037689, 39.046257 ] } },
{ "type": "Feature", "properties": { "name": "Winston @ 39th" }, "geometry": { "type": "Point", "coordinates": [ -84.5042343, 39.0453262 ] } },
{ "type": "Feature", "properties": { "name": "Winston Ave & W 39th St" }, "geometry": { "type": "Point", "coordinates": [ -84.5044327, 39.0455666 ] } },
{ "type": "Feature", "properties": { "name": "Latonia Plaza" }, "geometry": { "type": "Point", "coordinates": [ -84.5052032, 39.0441017 ] } },
{ "type": "Feature", "properties": { "name": "Winston @ 42nd" }, "geometry": { "type": "Point", "coordinates": [ -84.5059052, 39.0423317 ] } },
{ "type": "Feature", "properties": { "name": "Winston @ 43rd" }, "geometry": { "type": "Point", "coordinates": [ -84.5065002, 39.0412331 ] } },
{ "type": "Feature", "properties": { "name": "Winston @ 40th" }, "geometry": { "type": "Point", "coordinates": [ -84.5050507, 39.0438118 ] } },
{ "type": "Feature", "properties": { "name": "Winston @ 41st" }, "geometry": { "type": "Point", "coordinates": [ -84.5053711, 39.0432625 ] } },
{ "type": "Feature", "properties": { "name": "Latonia Center on Winston" }, "geometry": { "type": "Point", "coordinates": [ -84.5080032, 39.0390015 ] } },
{ "type": "Feature", "properties": { "name": "Winston @ Doris" }, "geometry": { "type": "Point", "coordinates": [ -84.5070343, 39.0402908 ] } },
{ "type": "Feature", "properties": { "name": "Winston @ Janet" }, "geometry": { "type": "Point", "coordinates": [ -84.5078812, 39.0388031 ] } },
{ "type": "Feature", "properties": { "name": "Winston Ave & Howard Litzler Dr" }, "geometry": { "type": "Point", "coordinates": [ -84.5090179, 39.0377159 ] } },
{ "type": "Feature", "properties": { "name": "Winston @ Church" }, "geometry": { "type": "Point", "coordinates": [ -84.5090485, 39.0372772 ] } },
{ "type": "Feature", "properties": { "name": "W Grand Ave & Taylor Mill Rd" }, "geometry": { "type": "Point", "coordinates": [ -84.5108643, 39.0356903 ] } },
{ "type": "Feature", "properties": { "name": "Taylor Mill @ Grand" }, "geometry": { "type": "Point", "coordinates": [ -84.5106049, 39.0355453 ] } },
{ "type": "Feature", "properties": { "name": "Parkview Dr & Promontory Dr" }, "geometry": { "type": "Point", "coordinates": [ -84.5114975, 39.0340576 ] } },
{ "type": "Feature", "properties": { "name": "Magellan at Crosby" }, "geometry": { "type": "Point", "coordinates": [ -84.5175858, 39.0273857 ] } },
{ "type": "Feature", "properties": { "name": "Crosby at Megellan" }, "geometry": { "type": "Point", "coordinates": [ -84.51754, 39.0275764 ] } },
{ "type": "Feature", "properties": { "name": "Howe Dr & Magellan Way" }, "geometry": { "type": "Point", "coordinates": [ -84.5164261, 39.0330925 ] } },
{ "type": "Feature", "properties": { "name": "Howe Dr & Magellan Way" }, "geometry": { "type": "Point", "coordinates": [ -84.5166245, 39.0330658 ] } },
{ "type": "Feature", "properties": { "name": "Howe Dr & Crosby Pkwy" }, "geometry": { "type": "Point", "coordinates": [ -84.5140305, 39.0321274 ] } },
{ "type": "Feature", "properties": { "name": "Howe Dr & Crosby Pkwy" }, "geometry": { "type": "Point", "coordinates": [ -84.514122, 39.0321007 ] } },
{ "type": "Feature", "properties": { "name": "Ft. Wright WalMart" }, "geometry": { "type": "Point", "coordinates": [ -84.5344772, 39.0365067 ] } },
{ "type": "Feature", "properties": { "name": "Valley Plaza Pkwy & Highland Ave" }, "geometry": { "type": "Point", "coordinates": [ -84.5336685, 39.0351219 ] } },
{ "type": "Feature", "properties": { "name": "Valley Plaza at Tire Discounters" }, "geometry": { "type": "Point", "coordinates": [ -84.5357413, 39.0335471 ] } },
{ "type": "Feature", "properties": { "name": "Ft.Wright Wal-Mart" }, "geometry": { "type": "Point", "coordinates": [ -84.533577, 39.0353622 ] } },
{ "type": "Feature", "properties": { "name": "3475 Valley Plaza" }, "geometry": { "type": "Point", "coordinates": [ -84.5353285, 39.0336865 ] } },
{ "type": "Feature", "properties": { "name": "I-471 and Southgate" }, "geometry": { "type": "Point", "coordinates": [ -84.4623032, 39.0648003 ] } },
{ "type": "Feature", "properties": { "name": "Alexandria Pike & Blossom Ln" }, "geometry": { "type": "Point", "coordinates": [ -84.454567, 39.063942 ] } },
{ "type": "Feature", "properties": { "name": "Alexandria Pike & Grandview Ave" }, "geometry": { "type": "Point", "coordinates": [ -84.4529343, 39.0626602 ] } },
{ "type": "Feature", "properties": { "name": "Cannon Ridge & Alexandria Pike" }, "geometry": { "type": "Point", "coordinates": [ -84.4596024, 39.0648117 ] } },
{ "type": "Feature", "properties": { "name": "Alexandria Pike & Beverly Hills" }, "geometry": { "type": "Point", "coordinates": [ -84.4614639, 39.0645332 ] } },
{ "type": "Feature", "properties": { "name": "Blossom Ln & Alexandria Pike" }, "geometry": { "type": "Point", "coordinates": [ -84.4547501, 39.0638084 ] } },
{ "type": "Feature", "properties": { "name": "Alexandria Pike & Grandview Ave" }, "geometry": { "type": "Point", "coordinates": [ -84.4526978, 39.0626869 ] } },
{ "type": "Feature", "properties": { "name": "Alexandria Pike & S Ft Thomas Av" }, "geometry": { "type": "Point", "coordinates": [ -84.451561, 39.0591545 ] } },
{ "type": "Feature", "properties": { "name": "Alexandria Pike & Grant St" }, "geometry": { "type": "Point", "coordinates": [ -84.4510956, 39.0588226 ] } },
{ "type": "Feature", "properties": { "name": "Alexandria Pike & Grant St" }, "geometry": { "type": "Point", "coordinates": [ -84.4507751, 39.0582466 ] } },
{ "type": "Feature", "properties": { "name": "Alexandria Pike & Crowell Ave" }, "geometry": { "type": "Point", "coordinates": [ -84.4492035, 39.0542564 ] } },
{ "type": "Feature", "properties": { "name": "Alexandria Pike & Arlington Ave" }, "geometry": { "type": "Point", "coordinates": [ -84.4497528, 39.0567169 ] } },
{ "type": "Feature", "properties": { "name": "Arlington Ave & Alexandria Pike" }, "geometry": { "type": "Point", "coordinates": [ -84.4496155, 39.0568085 ] } },
{ "type": "Feature", "properties": { "name": "Arlington Ave & Alexandria Pike" }, "geometry": { "type": "Point", "coordinates": [ -84.4495468, 39.0553551 ] } },
{ "type": "Feature", "properties": { "name": "Hawthorne Ave & Alexandria Pike" }, "geometry": { "type": "Point", "coordinates": [ -84.4493408, 39.0552444 ] } },
{ "type": "Feature", "properties": { "name": "Alexandria Pike & Crowell Ave" }, "geometry": { "type": "Point", "coordinates": [ -84.4494705, 39.054615 ] } },
{ "type": "Feature", "properties": { "name": "Alexandria Pike & Riverview Ln" }, "geometry": { "type": "Point", "coordinates": [ -84.4504161, 39.0581545 ] } },
{ "type": "Feature", "properties": { "name": "Alexandria Pike & 3 Mile Rd" }, "geometry": { "type": "Point", "coordinates": [ -84.4470978, 39.0514374 ] } },
{ "type": "Feature", "properties": { "name": "Veterans Dr & Alexandria Pike" }, "geometry": { "type": "Point", "coordinates": [ -84.4473343, 39.0513382 ] } },
{ "type": "Feature", "properties": { "name": "U.S. 27 at Holly Woods" }, "geometry": { "type": "Point", "coordinates": [ -84.4478989, 39.0527 ] } },
{ "type": "Feature", "properties": { "name": "US 27 at Holly Woods" }, "geometry": { "type": "Point", "coordinates": [ -84.447876, 39.0529022 ] } },
{ "type": "Feature", "properties": { "name": "Frank Dr & Main Ave" }, "geometry": { "type": "Point", "coordinates": [ -84.4464417, 39.0486526 ] } },
{ "type": "Feature", "properties": { "name": "Alexandria Pike & Main Ave" }, "geometry": { "type": "Point", "coordinates": [ -84.4461136, 39.0476685 ] } },
{ "type": "Feature", "properties": { "name": "Maple Pl & Alexandria Pike" }, "geometry": { "type": "Point", "coordinates": [ -84.4458847, 39.047699 ] } },
{ "type": "Feature", "properties": { "name": "Alexandria Pike & Rose Ave" }, "geometry": { "type": "Point", "coordinates": [ -84.4457703, 39.0465736 ] } },
{ "type": "Feature", "properties": { "name": "Frank Dr & Main Ave" }, "geometry": { "type": "Point", "coordinates": [ -84.4462128, 39.0486946 ] } },
{ "type": "Feature", "properties": { "name": "Rose Ave & Alexandria Pike" }, "geometry": { "type": "Point", "coordinates": [ -84.4456024, 39.0467949 ] } },
{ "type": "Feature", "properties": { "name": "Renshaw Rd & Alexandria Pike" }, "geometry": { "type": "Point", "coordinates": [ -84.4483109, 39.0430756 ] } },
{ "type": "Feature", "properties": { "name": "Alexandria Pike & Renshaw Rd" }, "geometry": { "type": "Point", "coordinates": [ -84.4482422, 39.0428352 ] } },
{ "type": "Feature", "properties": { "name": "Dale Rd & Alexandria Pike" }, "geometry": { "type": "Point", "coordinates": [ -84.4469528, 39.0442047 ] } },
{ "type": "Feature", "properties": { "name": "Alexandria Pike & Steelman Ave" }, "geometry": { "type": "Point", "coordinates": [ -84.4460373, 39.0448074 ] } },
{ "type": "Feature", "properties": { "name": "Alexandria Pike & Steelman Ave" }, "geometry": { "type": "Point", "coordinates": [ -84.4458008, 39.0448418 ] } },
{ "type": "Feature", "properties": { "name": "Camp Rd & Alexandria Pike" }, "geometry": { "type": "Point", "coordinates": [ -84.4509354, 39.0383301 ] } },
{ "type": "Feature", "properties": { "name": "Bramble Ave & Alexandria Pike" }, "geometry": { "type": "Point", "coordinates": [ -84.4487915, 39.0416298 ] } },
{ "type": "Feature", "properties": { "name": "Alexandria Pike & Camp Rd" }, "geometry": { "type": "Point", "coordinates": [ -84.4509408, 39.0381172 ] } },
{ "type": "Feature", "properties": { "name": "Alexandria Pike & Blange Rd" }, "geometry": { "type": "Point", "coordinates": [ -84.4490662, 39.0397568 ] } },
{ "type": "Feature", "properties": { "name": "Alexandria Pike & Sunset Dr" }, "geometry": { "type": "Point", "coordinates": [ -84.4525833, 39.0373535 ] } },
{ "type": "Feature", "properties": { "name": "Alexandria Pike & Sunset Dr" }, "geometry": { "type": "Point", "coordinates": [ -84.4528198, 39.0370636 ] } },
{ "type": "Feature", "properties": { "name": "US 27 & Nunn Dr" }, "geometry": { "type": "Point", "coordinates": [ -84.4540634, 39.0347023 ] } },
{ "type": "Feature", "properties": { "name": "U.S. 27 at Nunn Dr" }, "geometry": { "type": "Point", "coordinates": [ -84.4537659, 39.0350075 ] } },
{ "type": "Feature", "properties": { "name": "Alexandria Pike & Blange Rd" }, "geometry": { "type": "Point", "coordinates": [ -84.4487305, 39.0410957 ] } },
{ "type": "Feature", "properties": { "name": "Alexandria Pike & Johns Hill Rd" }, "geometry": { "type": "Point", "coordinates": [ -84.4519348, 39.0316696 ] } },
{ "type": "Feature", "properties": { "name": "Alexandria Pike & Marshall Ln" }, "geometry": { "type": "Point", "coordinates": [ -84.4533157, 39.033371 ] } },
{ "type": "Feature", "properties": { "name": "Alexandria Pike & Blange Rd" }, "geometry": { "type": "Point", "coordinates": [ -84.4492798, 39.0398407 ] } },
{ "type": "Feature", "properties": { "name": "Campbell and Kenton" }, "geometry": { "type": "Point", "coordinates": [ -84.4671249, 39.0313187 ] } },
{ "type": "Feature", "properties": { "name": "Kenton Dr & Grant Dr" }, "geometry": { "type": "Point", "coordinates": [ -84.4671235, 39.0298759 ] } },
{ "type": "Feature", "properties": { "name": "Kenton Dr & Grant Dr" }, "geometry": { "type": "Point", "coordinates": [ -84.4669652, 39.0297989 ] } },
{ "type": "Feature", "properties": { "name": "NKU Kenton & Campbell" }, "geometry": { "type": "Point", "coordinates": [ -84.4670258, 39.0312614 ] } },
{ "type": "Feature", "properties": { "name": "Kenton Dr & Carroll Dr" }, "geometry": { "type": "Point", "coordinates": [ -84.4650574, 39.0344849 ] } },
{ "type": "Feature", "properties": { "name": "Faren Dr & Wilson Rd" }, "geometry": { "type": "Point", "coordinates": [ -84.4549942, 39.0349426 ] } },
{ "type": "Feature", "properties": { "name": "Faren Dr & Wilson Rd" }, "geometry": { "type": "Point", "coordinates": [ -84.4552307, 39.0345879 ] } },
{ "type": "Feature", "properties": { "name": "Johns Hill Rd & Kenton Dr" }, "geometry": { "type": "Point", "coordinates": [ -84.4670379, 39.0280839 ] } },
{ "type": "Feature", "properties": { "name": "Kenton Dr & Johns Hill Rd" }, "geometry": { "type": "Point", "coordinates": [ -84.4676037, 39.0279647 ] } },
{ "type": "Feature", "properties": { "name": "ML Collins at U.S. 27" }, "geometry": { "type": "Point", "coordinates": [ -84.4521027, 39.0279007 ] } },
{ "type": "Feature", "properties": { "name": "Martha Layne Co & Alexandria" }, "geometry": { "type": "Point", "coordinates": [ -84.4521561, 39.027668 ] } },
{ "type": "Feature", "properties": { "name": "Martha Layne Co & Grey Stable" }, "geometry": { "type": "Point", "coordinates": [ -84.4574585, 39.0263252 ] } },
{ "type": "Feature", "properties": { "name": "Martha Layne Co & Highland Meado" }, "geometry": { "type": "Point", "coordinates": [ -84.455925, 39.0256271 ] } },
{ "type": "Feature", "properties": { "name": "Martha Layne Co & Alexandria" }, "geometry": { "type": "Point", "coordinates": [ -84.4528732, 39.0270691 ] } },
{ "type": "Feature", "properties": { "name": "Martha Layne Collins & Johns Hill" }, "geometry": { "type": "Point", "coordinates": [ -84.4597015, 39.0275192 ] } },
{ "type": "Feature", "properties": { "name": "Martha Layne Co & Grey Stable" }, "geometry": { "type": "Point", "coordinates": [ -84.4570999, 39.0262756 ] } },
{ "type": "Feature", "properties": { "name": "Martha Layne Co & Highland Meado" }, "geometry": { "type": "Point", "coordinates": [ -84.4560013, 39.0258064 ] } },
{ "type": "Feature", "properties": { "name": "Martha Layne Co & Alexandria" }, "geometry": { "type": "Point", "coordinates": [ -84.4529953, 39.027153 ] } },
{ "type": "Feature", "properties": { "name": "Alexandria Pike & Neltner Dr" }, "geometry": { "type": "Point", "coordinates": [ -84.4492798, 39.0274391 ] } },
{ "type": "Feature", "properties": { "name": "Furniture Fair Park & Ride" }, "geometry": { "type": "Point", "coordinates": [ -84.4480896, 39.0262947 ] } },
{ "type": "Feature", "properties": { "name": "Alexandria Pike & Industrial Rd" }, "geometry": { "type": "Point", "coordinates": [ -84.4464874, 39.0257988 ] } },
{ "type": "Feature", "properties": { "name": "Alexandria Pike & Neltner Dr" }, "geometry": { "type": "Point", "coordinates": [ -84.4482422, 39.0267601 ] } },
{ "type": "Feature", "properties": { "name": "Sturbridge Dr & Alexandria Pike" }, "geometry": { "type": "Point", "coordinates": [ -84.4274292, 39.0066452 ] } },
{ "type": "Feature", "properties": { "name": "Rose Pl & Alexandria Pike" }, "geometry": { "type": "Point", "coordinates": [ -84.4265289, 39.0062141 ] } },
{ "type": "Feature", "properties": { "name": "Blossom Dr & Alexandria Pike" }, "geometry": { "type": "Point", "coordinates": [ -84.4276352, 39.0073814 ] } },
{ "type": "Feature", "properties": { "name": "Alexandria Pike & Marian Dr" }, "geometry": { "type": "Point", "coordinates": [ -84.4399643, 39.0216331 ] } },
{ "type": "Feature", "properties": { "name": "Alexandria Pike & Old Winters Ln" }, "geometry": { "type": "Point", "coordinates": [ -84.4431229, 39.0244522 ] } },
{ "type": "Feature", "properties": { "name": "Alexandria Pike & Marian Dr" }, "geometry": { "type": "Point", "coordinates": [ -84.4414291, 39.0228233 ] } },
{ "type": "Feature", "properties": { "name": "Alexandria Pike & Old Winters Ln" }, "geometry": { "type": "Point", "coordinates": [ -84.4448624, 39.0250015 ] } },
{ "type": "Feature", "properties": { "name": "Alexandria Pike & Buning Ln" }, "geometry": { "type": "Point", "coordinates": [ -84.4376373, 39.0196495 ] } },
{ "type": "Feature", "properties": { "name": "Ripple Creek Rd & Alexandria Pik" }, "geometry": { "type": "Point", "coordinates": [ -84.4349442, 39.0171318 ] } },
{ "type": "Feature", "properties": { "name": "Alexandria Pike & Marian Dr" }, "geometry": { "type": "Point", "coordinates": [ -84.4403534, 39.0223465 ] } },
{ "type": "Feature", "properties": { "name": "US 27 & East Alexandria" }, "geometry": { "type": "Point", "coordinates": [ -84.435997, 39.0186005 ] } },
{ "type": "Feature", "properties": { "name": "Alexandria Pike & Perkins Dr" }, "geometry": { "type": "Point", "coordinates": [ -84.4336243, 39.0152931 ] } },
{ "type": "Feature", "properties": { "name": "Alexandria Pike & Springside Dr" }, "geometry": { "type": "Point", "coordinates": [ -84.4320526, 39.0129776 ] } },
{ "type": "Feature", "properties": { "name": "Alexandria Pike & Murnan Rd" }, "geometry": { "type": "Point", "coordinates": [ -84.4348373, 39.0174484 ] } },
{ "type": "Feature", "properties": { "name": "US 27 E Alexandria" }, "geometry": { "type": "Point", "coordinates": [ -84.4359894, 39.0181885 ] } },
{ "type": "Feature", "properties": { "name": "Downing St & Alexandria Pike" }, "geometry": { "type": "Point", "coordinates": [ -84.4378433, 39.0201721 ] } },
{ "type": "Feature", "properties": { "name": "Alexandria Pike & Old Winters Ln" }, "geometry": { "type": "Point", "coordinates": [ -84.4429779, 39.0240097 ] } },
{ "type": "Feature", "properties": { "name": "Alexandria Pike & Springside Dr" }, "geometry": { "type": "Point", "coordinates": [ -84.4324112, 39.0128403 ] } },
{ "type": "Feature", "properties": { "name": "Summit Ln & Alexandria Pike" }, "geometry": { "type": "Point", "coordinates": [ -84.4307005, 39.0104244 ] } },
{ "type": "Feature", "properties": { "name": "Ripple Creek Rd & Alexandria Pik" }, "geometry": { "type": "Point", "coordinates": [ -84.4296112, 39.0097618 ] } },
{ "type": "Feature", "properties": { "name": "Plaza Dr & Alexandria Pike" }, "geometry": { "type": "Point", "coordinates": [ -84.4246445, 39.0040283 ] } },
{ "type": "Feature", "properties": { "name": "Alexandria Pike & Harvest Trl" }, "geometry": { "type": "Point", "coordinates": [ -84.4182358, 38.9991341 ] } },
{ "type": "Feature", "properties": { "name": "Alexandria Pike & Harvest Trl" }, "geometry": { "type": "Point", "coordinates": [ -84.4184265, 38.9988594 ] } },
{ "type": "Feature", "properties": { "name": "Harvest Trl & Alexandria Pike" }, "geometry": { "type": "Point", "coordinates": [ -84.4172974, 38.9981766 ] } },
{ "type": "Feature", "properties": { "name": "Low Gap Rd & Alexandria Pike" }, "geometry": { "type": "Point", "coordinates": [ -84.4096375, 38.9918709 ] } },
{ "type": "Feature", "properties": { "name": "Alexandria Pike & N Viewpoint Dr" }, "geometry": { "type": "Point", "coordinates": [ -84.4044113, 38.9866943 ] } },
{ "type": "Feature", "properties": { "name": "Low Gap Rd & Alexandria Pike" }, "geometry": { "type": "Point", "coordinates": [ -84.4094315, 38.9922104 ] } },
{ "type": "Feature", "properties": { "name": "Alexandria Pike & Harvest Trl" }, "geometry": { "type": "Point", "coordinates": [ -84.4161682, 38.9961128 ] } },
{ "type": "Feature", "properties": { "name": "Alexandria Pike & N Viewpoint Dr" }, "geometry": { "type": "Point", "coordinates": [ -84.4043274, 38.9870148 ] } },
{ "type": "Feature", "properties": { "name": "Backus Dr & Alexandria Pike" }, "geometry": { "type": "Point", "coordinates": [ -84.4062195, 38.9892502 ] } },
{ "type": "Feature", "properties": { "name": "Wallace Ave & Greenup St" }, "geometry": { "type": "Point", "coordinates": [ -84.5018845, 39.0654831 ] } },
{ "type": "Feature", "properties": { "name": "Eastern Ave & Wallace Ave" }, "geometry": { "type": "Point", "coordinates": [ -84.4986467, 39.0654355 ] } },
{ "type": "Feature", "properties": { "name": "Wallace @ Greenup" }, "geometry": { "type": "Point", "coordinates": [ -84.5020447, 39.0654068 ] } },
{ "type": "Feature", "properties": { "name": "Wallace @ Sterrett" }, "geometry": { "type": "Point", "coordinates": [ -84.5004578, 39.0653534 ] } },
{ "type": "Feature", "properties": { "name": "Wallace Ave at Eastern" }, "geometry": { "type": "Point", "coordinates": [ -84.4986762, 39.0652897 ] } },
{ "type": "Feature", "properties": { "name": "Wallace Ave & Sterrett Ave" }, "geometry": { "type": "Point", "coordinates": [ -84.5003052, 39.0654373 ] } },
{ "type": "Feature", "properties": { "name": "Eastern @ 18th" }, "geometry": { "type": "Point", "coordinates": [ -84.498558, 39.0699959 ] } },
{ "type": "Feature", "properties": { "name": "Eastern Ave & E 18th St" }, "geometry": { "type": "Point", "coordinates": [ -84.4986725, 39.0701485 ] } },
{ "type": "Feature", "properties": { "name": "Eastern @ 19th" }, "geometry": { "type": "Point", "coordinates": [ -84.4985809, 39.0692787 ] } },
{ "type": "Feature", "properties": { "name": "Eastern Ave & E 19th St" }, "geometry": { "type": "Point", "coordinates": [ -84.4986725, 39.0694275 ] } },
{ "type": "Feature", "properties": { "name": "Eastern @ Delmar" }, "geometry": { "type": "Point", "coordinates": [ -84.4985733, 39.068512 ] } },
{ "type": "Feature", "properties": { "name": "Eastern Ave & E 21st St" }, "geometry": { "type": "Point", "coordinates": [ -84.498703, 39.0669556 ] } },
{ "type": "Feature", "properties": { "name": "Providence Pavilion" }, "geometry": { "type": "Point", "coordinates": [ -84.4985809, 39.0675163 ] } },
{ "type": "Feature", "properties": { "name": "Eastern Ave & Delmar Pl" }, "geometry": { "type": "Point", "coordinates": [ -84.4986649, 39.0686264 ] } },
{ "type": "Feature", "properties": { "name": "Eastern @ 21st" }, "geometry": { "type": "Point", "coordinates": [ -84.4985886, 39.0668106 ] } },
{ "type": "Feature", "properties": { "name": "Providence Pavilion" }, "geometry": { "type": "Point", "coordinates": [ -84.4986954, 39.0676956 ] } },
{ "type": "Feature", "properties": { "name": "Eastern @ Patton" }, "geometry": { "type": "Point", "coordinates": [ -84.4985275, 39.0728645 ] } },
{ "type": "Feature", "properties": { "name": "Eastern Ave & Patton St" }, "geometry": { "type": "Point", "coordinates": [ -84.498642, 39.0730476 ] } },
{ "type": "Feature", "properties": { "name": "Eastern @ 17th" }, "geometry": { "type": "Point", "coordinates": [ -84.4985367, 39.0714038 ] } },
{ "type": "Feature", "properties": { "name": "Eastern Ave & E 17th St" }, "geometry": { "type": "Point", "coordinates": [ -84.498679, 39.0716038 ] } },
{ "type": "Feature", "properties": { "name": null }, "geometry": { "type": "Point", "coordinates": [ -84.5028604, 39.0745169 ] } },
{ "type": "Feature", "properties": { "name": "15th @ Garrard" }, "geometry": { "type": "Point", "coordinates": [ -84.5026932, 39.0745239 ] } },
{ "type": "Feature", "properties": { "name": "15th @ Wheeler" }, "geometry": { "type": "Point", "coordinates": [ -84.5004578, 39.0748825 ] } },
{ "type": "Feature", "properties": { "name": "E 15th St & Wheeler St" }, "geometry": { "type": "Point", "coordinates": [ -84.5006332, 39.0747414 ] } },
{ "type": "Feature", "properties": { "name": "E 15th St & Kendall St" }, "geometry": { "type": "Point", "coordinates": [ -84.5016251, 39.0745544 ] } },
{ "type": "Feature", "properties": { "name": "Eastern Ave & Oliver St" }, "geometry": { "type": "Point", "coordinates": [ -84.4986267, 39.0737762 ] } },
{ "type": "Feature", "properties": { "name": "Eastern @ Oliver" }, "geometry": { "type": "Point", "coordinates": [ -84.4985275, 39.0735893 ] } },
{ "type": "Feature", "properties": { "name": "Eastern @ 15th" }, "geometry": { "type": "Point", "coordinates": [ -84.4987717, 39.0749397 ] } },
{ "type": "Feature", "properties": { "name": "Greenup @ Robbins" }, "geometry": { "type": "Point", "coordinates": [ -84.5059357, 39.0804405 ] } },
{ "type": "Feature", "properties": { "name": "Greenup @ 11th" }, "geometry": { "type": "Point", "coordinates": [ -84.5055695, 39.0790863 ] } },
{ "type": "Feature", "properties": { "name": "Garrard at 13th St." }, "geometry": { "type": "Point", "coordinates": [ -84.5035019, 39.0769997 ] } },
{ "type": "Feature", "properties": { "name": "Garrard St & E 12th St" }, "geometry": { "type": "Point", "coordinates": [ -84.5038452, 39.0782394 ] } },
{ "type": "Feature", "properties": { "name": "Byrd St & Garrard St" }, "geometry": { "type": "Point", "coordinates": [ -84.5031357, 39.0755348 ] } },
{ "type": "Feature", "properties": { "name": "Greenup @ Martin Luther King Jr." }, "geometry": { "type": "Point", "coordinates": [ -84.5053406, 39.0781136 ] } },
{ "type": "Feature", "properties": { "name": "E 12th St & Greenup St" }, "geometry": { "type": "Point", "coordinates": [ -84.5055161, 39.0781441 ] } },
{ "type": "Feature", "properties": { "name": "Greenup & 7th" }, "geometry": { "type": "Point", "coordinates": [ -84.506809, 39.0838757 ] } },
{ "type": "Feature", "properties": { "name": "Greenup at 9th" }, "geometry": { "type": "Point", "coordinates": [ -84.5067886, 39.0817131 ] } },
{ "type": "Feature", "properties": { "name": "Greenup at 8th" }, "geometry": { "type": "Point", "coordinates": [ -84.5064926, 39.0826454 ] } },
{ "type": "Feature", "properties": { "name": "4th @ Scott" }, "geometry": { "type": "Point", "coordinates": [ -84.509201, 39.0873795 ] } },
{ "type": "Feature", "properties": { "name": "G reenup @ 5th" }, "geometry": { "type": "Point", "coordinates": [ -84.5073929, 39.0861473 ] } },
{ "type": "Feature", "properties": { "name": "Greenup @ 6th" }, "geometry": { "type": "Point", "coordinates": [ -84.5071106, 39.0850067 ] } },
{ "type": "Feature", "properties": { "name": "Scott at 7th St" }, "geometry": { "type": "Point", "coordinates": [ -84.5085983, 39.0838013 ] } },
{ "type": "Feature", "properties": { "name": "Scott Blvd & E 8th St" }, "geometry": { "type": "Point", "coordinates": [ -84.5082855, 39.0825615 ] } },
{ "type": "Feature", "properties": { "name": "Scott Blvd & E 9th St" }, "geometry": { "type": "Point", "coordinates": [ -84.5080261, 39.0815773 ] } },
{ "type": "Feature", "properties": { "name": "8th St at Scott St" }, "geometry": { "type": "Point", "coordinates": [ -84.5077209, 39.0804443 ] } },
{ "type": "Feature", "properties": { "name": "Scott @ Fifth" }, "geometry": { "type": "Point", "coordinates": [ -84.5092163, 39.0862274 ] } },
{ "type": "Feature", "properties": { "name": "525 Scott St. Gateway" }, "geometry": { "type": "Point", "coordinates": [ -84.5089645, 39.0852852 ] } },
{ "type": "Feature", "properties": { "name": "15th @ Greenup" }, "geometry": { "type": "Point", "coordinates": [ -84.5042114, 39.0742874 ] } },
{ "type": "Feature", "properties": { "name": "Greenup @ Pleasant" }, "geometry": { "type": "Point", "coordinates": [ -84.5048447, 39.0762138 ] } },
{ "type": "Feature", "properties": { "name": "Greenup @ Byrd" }, "geometry": { "type": "Point", "coordinates": [ -84.5045395, 39.0750885 ] } },
{ "type": "Feature", "properties": { "name": "Scott Blvd & E 20th St" }, "geometry": { "type": "Point", "coordinates": [ -84.5043716, 39.067318 ] } },
{ "type": "Feature", "properties": { "name": "E 20th St & Scott Blvd" }, "geometry": { "type": "Point", "coordinates": [ -84.5041733, 39.0672836 ] } },
{ "type": "Feature", "properties": { "name": "20th @ Scott" }, "geometry": { "type": "Point", "coordinates": [ -84.5043716, 39.0671387 ] } },
{ "type": "Feature", "properties": { "name": "Madison Ave & Rogers St" }, "geometry": { "type": "Point", "coordinates": [ -84.5083313, 39.0547295 ] } },
{ "type": "Feature", "properties": { "name": "Madison Ave & Ashland Ave" }, "geometry": { "type": "Point", "coordinates": [ -84.5134583, 39.0531044 ] } },
{ "type": "Feature", "properties": { "name": "Madison Ave & Iowa Ave" }, "geometry": { "type": "Point", "coordinates": [ -84.5097504, 39.0542793 ] } },
{ "type": "Feature", "properties": { "name": "Madison Ave & Iowa Ave" }, "geometry": { "type": "Point", "coordinates": [ -84.5100555, 39.0540695 ] } },
{ "type": "Feature", "properties": { "name": "Madison Ave & Rosina Ave" }, "geometry": { "type": "Point", "coordinates": [ -84.512085, 39.0534248 ] } },
{ "type": "Feature", "properties": { "name": "Madison Ave & Birch Ave" }, "geometry": { "type": "Point", "coordinates": [ -84.508873, 39.0544586 ] } },
{ "type": "Feature", "properties": { "name": "Madison at Rosina" }, "geometry": { "type": "Point", "coordinates": [ -84.5135956, 39.0529366 ] } },
{ "type": "Feature", "properties": { "name": "Madison Ave & Rogers St" }, "geometry": { "type": "Point", "coordinates": [ -84.5080948, 39.0546951 ] } },
{ "type": "Feature", "properties": { "name": "Madison at Rosina" }, "geometry": { "type": "Point", "coordinates": [ -84.5116043, 39.0536919 ] } },
{ "type": "Feature", "properties": { "name": "Madison Pike & Howard Litzler Dr" }, "geometry": { "type": "Point", "coordinates": [ -84.5208664, 39.0468025 ] } },
{ "type": "Feature", "properties": { "name": "Madison Pike & Howard Litzler Dr" }, "geometry": { "type": "Point", "coordinates": [ -84.5206528, 39.0466919 ] } },
{ "type": "Feature", "properties": { "name": "Madison Ave & Alexandria Ave" }, "geometry": { "type": "Point", "coordinates": [ -84.5153122, 39.0523796 ] } },
{ "type": "Feature", "properties": { "name": "Madison Ave & Alexandria Ave" }, "geometry": { "type": "Point", "coordinates": [ -84.5153198, 39.0525131 ] } },
{ "type": "Feature", "properties": { "name": "Horsebranch Rd & Rhine Valley Ln" }, "geometry": { "type": "Point", "coordinates": [ -84.5549774, 39.0178108 ] } },
{ "type": "Feature", "properties": { "name": "Horsebranch Rd & Rhine Valley Ln" }, "geometry": { "type": "Point", "coordinates": [ -84.5550308, 39.0179787 ] } },
{ "type": "Feature", "properties": { "name": "Horsebranch Rd & Orphanage Rd" }, "geometry": { "type": "Point", "coordinates": [ -84.544548, 39.0276871 ] } },
{ "type": "Feature", "properties": { "name": "Horsebranch Rd & Orphanage Rd" }, "geometry": { "type": "Point", "coordinates": [ -84.5444031, 39.0278397 ] } },
{ "type": "Feature", "properties": { "name": "Madison Pike & Kyles Ln" }, "geometry": { "type": "Point", "coordinates": [ -84.5259323, 39.0413742 ] } },
{ "type": "Feature", "properties": { "name": "Madison Pike & Kyles Ln" }, "geometry": { "type": "Point", "coordinates": [ -84.5256577, 39.0412407 ] } },
{ "type": "Feature", "properties": { "name": "Nicklaus Ln & Palmer Ct" }, "geometry": { "type": "Point", "coordinates": [ -84.5644608, 39.0143356 ] } },
{ "type": "Feature", "properties": { "name": "Thomas More Pkwy S Loop Gateway" }, "geometry": { "type": "Point", "coordinates": [ -84.5586166, 39.0120659 ] } },
{ "type": "Feature", "properties": { "name": "S Loop Rd & Medical Village Dr" }, "geometry": { "type": "Point", "coordinates": [ -84.5640564, 39.0095444 ] } },
{ "type": "Feature", "properties": { "name": "S Loop Rd & Thomas More Pkwy" }, "geometry": { "type": "Point", "coordinates": [ -84.5597229, 39.0112648 ] } },
{ "type": "Feature", "properties": { "name": "S Loop Rd & Medical Village Dr" }, "geometry": { "type": "Point", "coordinates": [ -84.5649185, 39.0097275 ] } },
{ "type": "Feature", "properties": { "name": "Medical Village Dr & S Loop Rd" }, "geometry": { "type": "Point", "coordinates": [ -84.5653076, 39.0125618 ] } },
{ "type": "Feature", "properties": { "name": "Legends Way & Thomas More Pkwy" }, "geometry": { "type": "Point", "coordinates": [ -84.5611102, 39.0183257 ] } },
{ "type": "Feature", "properties": { "name": "Legends Way & Thomas More Pkwy" }, "geometry": { "type": "Point", "coordinates": [ -84.5608341, 39.0181792 ] } },
{ "type": "Feature", "properties": { "name": "Thomas More Pkwy & Villa Madonna" }, "geometry": { "type": "Point", "coordinates": [ -84.569664, 39.0233917 ] } },
{ "type": "Feature", "properties": { "name": "Renaissance Dr & Thomas More Pk" }, "geometry": { "type": "Point", "coordinates": [ -84.567688, 39.024128 ] } },
{ "type": "Feature", "properties": { "name": "Thomas More Pkwy & Villa Madonna" }, "geometry": { "type": "Point", "coordinates": [ -84.5691833, 39.0234413 ] } },
{ "type": "Feature", "properties": { "name": "Thomas More Pkwy & Renaissance D" }, "geometry": { "type": "Point", "coordinates": [ -84.5676346, 39.0243187 ] } },
{ "type": "Feature", "properties": { "name": "Town Center Blvd & Dixie Hwy" }, "geometry": { "type": "Point", "coordinates": [ -84.5796204, 39.0261154 ] } },
{ "type": "Feature", "properties": { "name": "Town Center Blvd & Dixie Hwy" }, "geometry": { "type": "Point", "coordinates": [ -84.5793915, 39.0261459 ] } },
{ "type": "Feature", "properties": { "name": "Crestview Hills Shopping" }, "geometry": { "type": "Point", "coordinates": [ -84.5762863, 39.0262146 ] } },
{ "type": "Feature", "properties": { "name": "Crestview Hills Shopping" }, "geometry": { "type": "Point", "coordinates": [ -84.5760498, 39.0262413 ] } },
{ "type": "Feature", "properties": { "name": "Crestview Town Center" }, "geometry": { "type": "Point", "coordinates": [ -84.5814972, 39.026104 ] } },
{ "type": "Feature", "properties": { "name": "Dixie @ Winding Way" }, "geometry": { "type": "Point", "coordinates": [ -84.5814743, 39.0265846 ] } },
{ "type": "Feature", "properties": { "name": "Dixie @ Kenton Lands" }, "geometry": { "type": "Point", "coordinates": [ -84.588768, 39.021019 ] } },
{ "type": "Feature", "properties": { "name": "Dixie @ Edgewood" }, "geometry": { "type": "Point", "coordinates": [ -84.5858917, 39.0221825 ] } },
{ "type": "Feature", "properties": { "name": "Dixie @ Kenton Lands" }, "geometry": { "type": "Point", "coordinates": [ -84.5889206, 39.0212669 ] } },
{ "type": "Feature", "properties": { "name": "Dixie @ Edgewood" }, "geometry": { "type": "Point", "coordinates": [ -84.5860672, 39.0224075 ] } },
{ "type": "Feature", "properties": { "name": "Dixie @ Whitehouse" }, "geometry": { "type": "Point", "coordinates": [ -84.573967, 39.0299721 ] } },
{ "type": "Feature", "properties": { "name": "Dixie @ Lookout Farm" }, "geometry": { "type": "Point", "coordinates": [ -84.5738068, 39.0303497 ] } },
{ "type": "Feature", "properties": { "name": "Dixie @ Geisen" }, "geometry": { "type": "Point", "coordinates": [ -84.5704422, 39.0316315 ] } },
{ "type": "Feature", "properties": { "name": "Dixie @ Lane" }, "geometry": { "type": "Point", "coordinates": [ -84.5705414, 39.0317726 ] } },
{ "type": "Feature", "properties": { "name": "Dixie @ East Lakeside" }, "geometry": { "type": "Point", "coordinates": [ -84.565918, 39.0336227 ] } },
{ "type": "Feature", "properties": { "name": "Dixie @ West Lakeside" }, "geometry": { "type": "Point", "coordinates": [ -84.5656128, 39.0340233 ] } },
{ "type": "Feature", "properties": { "name": "Dixie @ Turkeyfoot" }, "geometry": { "type": "Point", "coordinates": [ -84.5680847, 39.0326881 ] } },
{ "type": "Feature", "properties": { "name": "Dixie @ Hudson Ave" }, "geometry": { "type": "Point", "coordinates": [ -84.5676651, 39.0330658 ] } },
{ "type": "Feature", "properties": { "name": "Dixie @ Orphanage" }, "geometry": { "type": "Point", "coordinates": [ -84.5610352, 39.0361137 ] } },
{ "type": "Feature", "properties": { "name": "Dixie @ Buttermilk" }, "geometry": { "type": "Point", "coordinates": [ -84.5611496, 39.0362625 ] } },
{ "type": "Feature", "properties": { "name": "Dixie @ Pleasant Ridge" }, "geometry": { "type": "Point", "coordinates": [ -84.5572128, 39.0387802 ] } },
{ "type": "Feature", "properties": { "name": "Dixie @ Pleasant Ridge" }, "geometry": { "type": "Point", "coordinates": [ -84.5572433, 39.0389862 ] } },
{ "type": "Feature", "properties": { "name": "Dixie @ Highland" }, "geometry": { "type": "Point", "coordinates": [ -84.5550613, 39.0409584 ] } },
{ "type": "Feature", "properties": { "name": "Dixie @ Highland Cemetery" }, "geometry": { "type": "Point", "coordinates": [ -84.55233, 39.0468597 ] } },
{ "type": "Feature", "properties": { "name": "Dixie @ Highland Cemetery" }, "geometry": { "type": "Point", "coordinates": [ -84.5520401, 39.0467377 ] } },
{ "type": "Feature", "properties": { "name": "Dixie @ Fort Mitchell" }, "geometry": { "type": "Point", "coordinates": [ -84.5496199, 39.0537201 ] } },
{ "type": "Feature", "properties": { "name": "Dixie @ Fort Mitchell (In)" }, "geometry": { "type": "Point", "coordinates": [ -84.549736, 39.0532837 ] } },
{ "type": "Feature", "properties": { "name": "Dixie @ Fortside  (In)" }, "geometry": { "type": "Point", "coordinates": [ -84.5457306, 39.0565529 ] } },
{ "type": "Feature", "properties": { "name": "Dixie @ Fortside Outbound" }, "geometry": { "type": "Point", "coordinates": [ -84.5456848, 39.056694 ] } },
{ "type": "Feature", "properties": { "name": "Dixie @ St.James" }, "geometry": { "type": "Point", "coordinates": [ -84.5354538, 39.0636902 ] } },
{ "type": "Feature", "properties": { "name": "Dixie @ Ashwood Circle (In)" }, "geometry": { "type": "Point", "coordinates": [ -84.5407951, 39.0597026 ] } },
{ "type": "Feature", "properties": { "name": "Dixie @ Ashwood Circle Outbound" }, "geometry": { "type": "Point", "coordinates": [ -84.5407257, 39.0603447 ] } },
{ "type": "Feature", "properties": { "name": "Dixie @ Sleepy Hollow Outbound" }, "geometry": { "type": "Point", "coordinates": [ -84.5379868, 39.0633049 ] } },
{ "type": "Feature", "properties": { "name": "Dixie @ Sleepy Hollow  (In)" }, "geometry": { "type": "Point", "coordinates": [ -84.5380249, 39.0630569 ] } },
{ "type": "Feature", "properties": { "name": "Dixie @ Hilton  (Notre Dame)" }, "geometry": { "type": "Point", "coordinates": [ -84.5350647, 39.0636368 ] } },
{ "type": "Feature", "properties": { "name": "Dixie @ St. Joseph" }, "geometry": { "type": "Point", "coordinates": [ -84.5305634, 39.0661316 ] } },
{ "type": "Feature", "properties": { "name": "Dixie @ St.Joseph" }, "geometry": { "type": "Point", "coordinates": [ -84.5306396, 39.0663223 ] } },
{ "type": "Feature", "properties": { "name": "Dixie @ Arlington" }, "geometry": { "type": "Point", "coordinates": [ -84.5289307, 39.0684013 ] } },
{ "type": "Feature", "properties": { "name": "Dixie @ South Arlington" }, "geometry": { "type": "Point", "coordinates": [ -84.5286407, 39.0684547 ] } },
{ "type": "Feature", "properties": { "name": "Dixie @ Gateway Steps  (In)" }, "geometry": { "type": "Point", "coordinates": [ -84.5257747, 39.0718563 ] } },
{ "type": "Feature", "properties": { "name": "Pike @ Montague  (In)" }, "geometry": { "type": "Point", "coordinates": [ -84.5233383, 39.0753174 ] } },
{ "type": "Feature", "properties": { "name": "Pike @ Montague  (Out)" }, "geometry": { "type": "Point", "coordinates": [ -84.5236282, 39.0755348 ] } },
{ "type": "Feature", "properties": { "name": "Pike @ Hermes" }, "geometry": { "type": "Point", "coordinates": [ -84.5224762, 39.0761452 ] } },
{ "type": "Feature", "properties": { "name": "Pike @ Lewis" }, "geometry": { "type": "Point", "coordinates": [ -84.5216119, 39.0771535 ] } },
{ "type": "Feature", "properties": { "name": "550 Pike  Covington" }, "geometry": { "type": "Point", "coordinates": [ -84.5191345, 39.077507 ] } },
{ "type": "Feature", "properties": { "name": "Pike at Short Main" }, "geometry": { "type": "Point", "coordinates": [ -84.5173874, 39.0780411 ] } },
{ "type": "Feature", "properties": { "name": "Pike @ Main" }, "geometry": { "type": "Point", "coordinates": [ -84.5167999, 39.0787315 ] } },
{ "type": "Feature", "properties": { "name": "Pike @ Lee" }, "geometry": { "type": "Point", "coordinates": [ -84.5161362, 39.0793457 ] } },
{ "type": "Feature", "properties": { "name": "Pike @ Holman  (In)" }, "geometry": { "type": "Point", "coordinates": [ -84.5151062, 39.0803986 ] } },
{ "type": "Feature", "properties": { "name": "Pike @ Holman  (Out)" }, "geometry": { "type": "Point", "coordinates": [ -84.5153168, 39.0803767 ] } },
{ "type": "Feature", "properties": { "name": "Shawnee Ave & S Ft Thomas Ave" }, "geometry": { "type": "Point", "coordinates": [ -84.4481496, 39.0630526 ] } },
{ "type": "Feature", "properties": { "name": "Brentwood Pl & S Ft Thomas Ave" }, "geometry": { "type": "Point", "coordinates": [ -84.4484558, 39.0621376 ] } },
{ "type": "Feature", "properties": { "name": "S Ft Thomas Ave & Grandview Ave" }, "geometry": { "type": "Point", "coordinates": [ -84.4488068, 39.0620537 ] } },
{ "type": "Feature", "properties": { "name": "S Ft Thomas Ave & Warren Ct" }, "geometry": { "type": "Point", "coordinates": [ -84.4499588, 39.0612984 ] } },
{ "type": "Feature", "properties": { "name": "S Ft Thomas Ave & Warren Ct" }, "geometry": { "type": "Point", "coordinates": [ -84.4501038, 39.0609665 ] } },
{ "type": "Feature", "properties": { "name": "Southview Ave & S Ft Thomas Ave" }, "geometry": { "type": "Point", "coordinates": [ -84.4483316, 39.0631716 ] } },
{ "type": "Feature", "properties": { "name": "S Ft Thomas Ave & N Crescent Ave" }, "geometry": { "type": "Point", "coordinates": [ -84.4478302, 39.070118 ] } },
{ "type": "Feature", "properties": { "name": "S Ft Thomas Ave & N Crescent Ave" }, "geometry": { "type": "Point", "coordinates": [ -84.4479294, 39.0698853 ] } },
{ "type": "Feature", "properties": { "name": "S Ft Thomas Ave & S Crescent Ave" }, "geometry": { "type": "Point", "coordinates": [ -84.447464, 39.0687599 ] } },
{ "type": "Feature", "properties": { "name": "S Ft Thomas Ave & S Crescent Ave" }, "geometry": { "type": "Point", "coordinates": [ -84.4475784, 39.0686722 ] } },
{ "type": "Feature", "properties": { "name": "S Ft Thomas Ave & Tower Pl" }, "geometry": { "type": "Point", "coordinates": [ -84.4471512, 39.0673943 ] } },
{ "type": "Feature", "properties": { "name": "S Ft Thomas Ave & Midway Ct" }, "geometry": { "type": "Point", "coordinates": [ -84.4463425, 39.0651588 ] } },
{ "type": "Feature", "properties": { "name": "S Ft Thomas Ave & Midway Ct" }, "geometry": { "type": "Point", "coordinates": [ -84.4467316, 39.0643425 ] } },
{ "type": "Feature", "properties": { "name": "Pearson St & S Ft Thomas Ave" }, "geometry": { "type": "Point", "coordinates": [ -84.4470901, 39.0676155 ] } },
{ "type": "Feature", "properties": { "name": "N Ft Thomas Ave & Mayo Ave" }, "geometry": { "type": "Point", "coordinates": [ -84.4504318, 39.0863228 ] } },
{ "type": "Feature", "properties": { "name": "N Ft Thomas Ave & Mayo Ave" }, "geometry": { "type": "Point", "coordinates": [ -84.4505005, 39.0864372 ] } },
{ "type": "Feature", "properties": { "name": "N Ft Thomas Ave & Taylor Ave" }, "geometry": { "type": "Point", "coordinates": [ -84.4529953, 39.0854568 ] } },
{ "type": "Feature", "properties": { "name": "N Ft Thomas Ave & Taylor Ave" }, "geometry": { "type": "Point", "coordinates": [ -84.4529114, 39.0851784 ] } },
{ "type": "Feature", "properties": { "name": "N Montrose Ave & N Ft Thomas Ave" }, "geometry": { "type": "Point", "coordinates": [ -84.4519653, 39.0836868 ] } },
{ "type": "Feature", "properties": { "name": "Highland at Ft. Thomas" }, "geometry": { "type": "Point", "coordinates": [ -84.4485092, 39.0801468 ] } },
{ "type": "Feature", "properties": { "name": "Ft Thomas at Highland" }, "geometry": { "type": "Point", "coordinates": [ -84.4485016, 39.0797997 ] } },
{ "type": "Feature", "properties": { "name": "St Nicholas Pl & S Ft Thomas Av" }, "geometry": { "type": "Point", "coordinates": [ -84.4479752, 39.0776138 ] } },
{ "type": "Feature", "properties": { "name": "Montvale Ct & S Ft Thomas Ave" }, "geometry": { "type": "Point", "coordinates": [ -84.4478683, 39.0778809 ] } },
{ "type": "Feature", "properties": { "name": "S Ft Thomas Ave & Tremont Ave" }, "geometry": { "type": "Point", "coordinates": [ -84.4472885, 39.0742264 ] } },
{ "type": "Feature", "properties": { "name": "E Villa Pl & S Ft Thomas Ave" }, "geometry": { "type": "Point", "coordinates": [ -84.4463806, 39.0727272 ] } },
{ "type": "Feature", "properties": { "name": "S Ft Thomas Ave & Rossmore Ave" }, "geometry": { "type": "Point", "coordinates": [ -84.4460373, 39.0711823 ] } },
{ "type": "Feature", "properties": { "name": "S Ft Thomas Ave & Chalfonte Pl" }, "geometry": { "type": "Point", "coordinates": [ -84.4472275, 39.0764427 ] } },
{ "type": "Feature", "properties": { "name": "Linden Ave & S Ft Thomas Ave" }, "geometry": { "type": "Point", "coordinates": [ -84.4472504, 39.0754471 ] } },
{ "type": "Feature", "properties": { "name": "S Ft Thomas Ave & Klainecrest Av" }, "geometry": { "type": "Point", "coordinates": [ -84.4462509, 39.0721664 ] } },
{ "type": "Feature", "properties": { "name": "S Ft Thomas Ave & Lockwood Ave" }, "geometry": { "type": "Point", "coordinates": [ -84.446785, 39.0707092 ] } },
{ "type": "Feature", "properties": { "name": "S Ft Thomas Ave & Linden Ave" }, "geometry": { "type": "Point", "coordinates": [ -84.4470291, 39.0753517 ] } },
{ "type": "Feature", "properties": { "name": "S Ft Thomas Ave & Lockwood Ave" }, "geometry": { "type": "Point", "coordinates": [ -84.4470901, 39.0707703 ] } },
{ "type": "Feature", "properties": { "name": "S Ft Thomas Ave & Chalfonte Pl" }, "geometry": { "type": "Point", "coordinates": [ -84.4470367, 39.0765839 ] } },
{ "type": "Feature", "properties": { "name": "S Ft Thomas Ave & Bivouac Ave" }, "geometry": { "type": "Point", "coordinates": [ -84.4458389, 39.0710716 ] } },
{ "type": "Feature", "properties": { "name": "S Ft Thomas Ave & E Villa Pl" }, "geometry": { "type": "Point", "coordinates": [ -84.4466171, 39.0727081 ] } },
{ "type": "Feature", "properties": { "name": "N Ft Thomas Ave & Dixie Pl" }, "geometry": { "type": "Point", "coordinates": [ -84.4474869, 39.0905762 ] } },
{ "type": "Feature", "properties": { "name": "Dixie Pl & N Ft Thomas Ave" }, "geometry": { "type": "Point", "coordinates": [ -84.4476547, 39.0906181 ] } },
{ "type": "Feature", "properties": { "name": "N Ft Thomas Ave & W Southgate Av" }, "geometry": { "type": "Point", "coordinates": [ -84.4478073, 39.0931244 ] } },
{ "type": "Feature", "properties": { "name": "E Southgate Ave & N Ft Thomas Av" }, "geometry": { "type": "Point", "coordinates": [ -84.4475937, 39.0930862 ] } },
{ "type": "Feature", "properties": { "name": "Clover Ridge Ave & Capri Dr" }, "geometry": { "type": "Point", "coordinates": [ -84.4556046, 39.0955086 ] } },
{ "type": "Feature", "properties": { "name": "Cliffview Ave & N Ft Thomas Ave" }, "geometry": { "type": "Point", "coordinates": [ -84.4472122, 39.0922928 ] } },
{ "type": "Feature", "properties": { "name": "Rossford Ave & Wesly Hills Dr" }, "geometry": { "type": "Point", "coordinates": [ -84.4516907, 39.0970459 ] } },
{ "type": "Feature", "properties": { "name": "N Ft Thomas Ave & Rossford Ave" }, "geometry": { "type": "Point", "coordinates": [ -84.4501038, 39.0972404 ] } },
{ "type": "Feature", "properties": { "name": "Ft Thomas at Rossford" }, "geometry": { "type": "Point", "coordinates": [ -84.450386, 39.0963554 ] } },
{ "type": "Feature", "properties": { "name": "Clover Ridge Ave & Capri Dr" }, "geometry": { "type": "Point", "coordinates": [ -84.4551392, 39.0960312 ] } },
{ "type": "Feature", "properties": { "name": "N Ft Thomas Ave & Tower Hill Rd" }, "geometry": { "type": "Point", "coordinates": [ -84.4508591, 39.0945129 ] } },
{ "type": "Feature", "properties": { "name": "N Ft Thomas Ave & Holly Ln" }, "geometry": { "type": "Point", "coordinates": [ -84.448616, 39.0937614 ] } },
{ "type": "Feature", "properties": { "name": "N Ft Thomas Ave & Earnscliffe Ct" }, "geometry": { "type": "Point", "coordinates": [ -84.4509201, 39.0948067 ] } },
{ "type": "Feature", "properties": { "name": "N Ft Thomas Ave & Bellaire Pl" }, "geometry": { "type": "Point", "coordinates": [ -84.4479675, 39.09375 ] } },
{ "type": "Feature", "properties": { "name": "N Ft Thomas Ave & Rossford Ave" }, "geometry": { "type": "Point", "coordinates": [ -84.4499664, 39.0974236 ] } },
{ "type": "Feature", "properties": { "name": "Ross at Fort Thomas" }, "geometry": { "type": "Point", "coordinates": [ -84.4500732, 39.0964317 ] } },
{ "type": "Feature", "properties": { "name": "N Ft Thomas Ave & Hartweg Ave" }, "geometry": { "type": "Point", "coordinates": [ -84.4473572, 39.0917702 ] } },
{ "type": "Feature", "properties": { "name": "Clover Ridge Ave & Winding Way" }, "geometry": { "type": "Point", "coordinates": [ -84.4573288, 39.0930672 ] } },
{ "type": "Feature", "properties": { "name": "Clover Ridge Ave & Winding Way" }, "geometry": { "type": "Point", "coordinates": [ -84.4574203, 39.0931168 ] } },
{ "type": "Feature", "properties": { "name": "Arno Ave & Clover Ridge Ave" }, "geometry": { "type": "Point", "coordinates": [ -84.4529343, 39.0964203 ] } },
{ "type": "Feature", "properties": { "name": "N Ft Thomas Ave & Burnet Ridge" }, "geometry": { "type": "Point", "coordinates": [ -84.4479065, 39.0889893 ] } },
{ "type": "Feature", "properties": { "name": "N Ft Thomas Ave & Memorial Pkwy" }, "geometry": { "type": "Point", "coordinates": [ -84.4490051, 39.0869408 ] } },
{ "type": "Feature", "properties": { "name": "N Ft Thomas Ave & Memorial Pkwy" }, "geometry": { "type": "Point", "coordinates": [ -84.4491193, 39.0870088 ] } },
{ "type": "Feature", "properties": { "name": "N Ft Thomas Ave & Waterworks Rd" }, "geometry": { "type": "Point", "coordinates": [ -84.4481125, 39.0889854 ] } },
{ "type": "Feature", "properties": { "name": "Clover Ridge Ave & Memorial Pkwy" }, "geometry": { "type": "Point", "coordinates": [ -84.456955, 39.0912361 ] } },
{ "type": "Feature", "properties": { "name": "Scenic View Dr & Rock Hill Ln" }, "geometry": { "type": "Point", "coordinates": [ -84.4656296, 39.0953102 ] } },
{ "type": "Feature", "properties": { "name": "Scenic View Dr & Rock Hill Ln" }, "geometry": { "type": "Point", "coordinates": [ -84.4660645, 39.0955315 ] } },
{ "type": "Feature", "properties": { "name": "Memorial Pkwy & Oakwood Dr" }, "geometry": { "type": "Point", "coordinates": [ -84.4617538, 39.0938416 ] } },
{ "type": "Feature", "properties": { "name": "Memorial Pkwy & Wessex Pl" }, "geometry": { "type": "Point", "coordinates": [ -84.4618683, 39.0923805 ] } },
{ "type": "Feature", "properties": { "name": "Memorial Pkwy & Wessex Pl" }, "geometry": { "type": "Point", "coordinates": [ -84.461319, 39.0914726 ] } },
{ "type": "Feature", "properties": { "name": "Clover Ridge Ave & Memorial Pkwy" }, "geometry": { "type": "Point", "coordinates": [ -84.4570618, 39.0910835 ] } },
{ "type": "Feature", "properties": { "name": "E 10th St & N Grand Ave" }, "geometry": { "type": "Point", "coordinates": [ -84.4807739, 39.0925179 ] } },
{ "type": "Feature", "properties": { "name": "E 10th St & Park Ave" }, "geometry": { "type": "Point", "coordinates": [ -84.4835052, 39.090126 ] } },
{ "type": "Feature", "properties": { "name": "E 10th St & Arnold Aly" }, "geometry": { "type": "Point", "coordinates": [ -84.4842606, 39.0898323 ] } },
{ "type": "Feature", "properties": { "name": "E 10th St & N Grand Ave" }, "geometry": { "type": "Point", "coordinates": [ -84.4817352, 39.0921593 ] } },
{ "type": "Feature", "properties": { "name": "E 10th St & Vine St" }, "geometry": { "type": "Point", "coordinates": [ -84.4825592, 39.0911903 ] } },
{ "type": "Feature", "properties": { "name": "Memorial Pkwy & Taylor Ave" }, "geometry": { "type": "Point", "coordinates": [ -84.4725037, 39.0959435 ] } },
{ "type": "Feature", "properties": { "name": "10th @ Washington" }, "geometry": { "type": "Point", "coordinates": [ -84.4866257, 39.0885925 ] } },
{ "type": "Feature", "properties": { "name": "Washington Ave & E 9th St" }, "geometry": { "type": "Point", "coordinates": [ -84.4876251, 39.0895691 ] } },
{ "type": "Feature", "properties": { "name": "Washington Ave & E 4th St" }, "geometry": { "type": "Point", "coordinates": [ -84.4920654, 39.0944557 ] } },
{ "type": "Feature", "properties": { "name": "Boone & E 10th St" }, "geometry": { "type": "Point", "coordinates": [ -84.4852676, 39.0891037 ] } },
{ "type": "Feature", "properties": { "name": "Boone & E 10th St" }, "geometry": { "type": "Point", "coordinates": [ -84.4853564, 39.0893217 ] } },
{ "type": "Feature", "properties": { "name": "Washington at 10th st" }, "geometry": { "type": "Point", "coordinates": [ -84.4869995, 39.0886841 ] } },
{ "type": "Feature", "properties": { "name": "Washington Ave & E 8th St" }, "geometry": { "type": "Point", "coordinates": [ -84.4886627, 39.0907402 ] } },
{ "type": "Feature", "properties": { "name": "8th @ Washington" }, "geometry": { "type": "Point", "coordinates": [ -84.4889832, 39.0908737 ] } },
{ "type": "Feature", "properties": { "name": "Washington Ave & E 9th St" }, "geometry": { "type": "Point", "coordinates": [ -84.4879532, 39.0897141 ] } },
{ "type": "Feature", "properties": { "name": "Memorial Pkwy & Wilson Rd" }, "geometry": { "type": "Point", "coordinates": [ -84.4751511, 39.0929146 ] } },
{ "type": "Feature", "properties": { "name": "Memorial Pkwy & Wilson Rd" }, "geometry": { "type": "Point", "coordinates": [ -84.4744263, 39.0941391 ] } },
{ "type": "Feature", "properties": { "name": "Memorial Pkwy & Wilson Rd" }, "geometry": { "type": "Point", "coordinates": [ -84.4744492, 39.0939026 ] } },
{ "type": "Feature", "properties": { "name": "Memorial Pkwy & Wilson Rd" }, "geometry": { "type": "Point", "coordinates": [ -84.4748459, 39.0930367 ] } },
{ "type": "Feature", "properties": { "name": "Taylor Mill Rd & Rusconi Dr" }, "geometry": { "type": "Point", "coordinates": [ -84.5036469, 38.9576111 ] } },
{ "type": "Feature", "properties": { "name": "Cherokee Park & Ride" }, "geometry": { "type": "Point", "coordinates": [ -84.5087967, 38.9446983 ] } },
{ "type": "Feature", "properties": { "name": "Taylor Mill Rd & Klette Rd" }, "geometry": { "type": "Point", "coordinates": [ -84.5037003, 38.9657326 ] } },
{ "type": "Feature", "properties": { "name": "Lakefield Dr & Taylor Mill Rd" }, "geometry": { "type": "Point", "coordinates": [ -84.5057297, 38.9493637 ] } },
{ "type": "Feature", "properties": { "name": "Taylor Mill Rd & Lakefield Dr" }, "geometry": { "type": "Point", "coordinates": [ -84.5055313, 38.9493256 ] } },
{ "type": "Feature", "properties": { "name": "Taylor Mill Rd & Rusconi Dr" }, "geometry": { "type": "Point", "coordinates": [ -84.5037231, 38.9578247 ] } },
{ "type": "Feature", "properties": { "name": "Taylor Mill Rd & Klette Rd" }, "geometry": { "type": "Point", "coordinates": [ -84.5037918, 38.9662209 ] } },
{ "type": "Feature", "properties": { "name": "Taylor Mill Rd & Calvary Christian" }, "geometry": { "type": "Point", "coordinates": [ -84.501773, 38.9768849 ] } },
{ "type": "Feature", "properties": { "name": "Pine Rd & Clubhouse Dr" }, "geometry": { "type": "Point", "coordinates": [ -84.5026428, 38.9718678 ] } },
{ "type": "Feature", "properties": { "name": "Taylor Mill Rd & Hands Pike" }, "geometry": { "type": "Point", "coordinates": [ -84.5022722, 38.9730275 ] } },
{ "type": "Feature", "properties": { "name": "Taylor Mill Rd & Senour Rd" }, "geometry": { "type": "Point", "coordinates": [ -84.5028486, 38.9702434 ] } },
{ "type": "Feature", "properties": { "name": "Clover Dr & Taylor Mill Rd" }, "geometry": { "type": "Point", "coordinates": [ -84.5016487, 38.9822188 ] } },
{ "type": "Feature", "properties": { "name": "Taylor Mill Rd & Clover Dr" }, "geometry": { "type": "Point", "coordinates": [ -84.5019531, 38.9819183 ] } },
{ "type": "Feature", "properties": { "name": "Hands Pike & Taylor Mill Rd" }, "geometry": { "type": "Point", "coordinates": [ -84.502673, 38.9735336 ] } },
{ "type": "Feature", "properties": { "name": "Taylor Mill Rd & Heathermoor Blv" }, "geometry": { "type": "Point", "coordinates": [ -84.5038681, 38.9873695 ] } },
{ "type": "Feature", "properties": { "name": "Taylor Mill Rd & Clubhouse Dr" }, "geometry": { "type": "Point", "coordinates": [ -84.5030489, 38.9714329 ] } },
{ "type": "Feature", "properties": { "name": "Taylor Mill Rd & Brandtly Ridge" }, "geometry": { "type": "Point", "coordinates": [ -84.5015515, 38.9807339 ] } },
{ "type": "Feature", "properties": { "name": "Taylor Mill Rd & Wayskin Dr" }, "geometry": { "type": "Point", "coordinates": [ -84.5015411, 38.9796638 ] } },
{ "type": "Feature", "properties": { "name": "Taylor Mill Rd & Calvary Christian" }, "geometry": { "type": "Point", "coordinates": [ -84.5021769, 38.9763001 ] } },
{ "type": "Feature", "properties": { "name": "Brandtly Ridge Dr & Taylor Mill" }, "geometry": { "type": "Point", "coordinates": [ -84.5012714, 38.9811252 ] } },
{ "type": "Feature", "properties": { "name": "Taylor Mill Rd & Heathermoor Blv" }, "geometry": { "type": "Point", "coordinates": [ -84.5034652, 38.9877171 ] } },
{ "type": "Feature", "properties": { "name": "Sipple Dr & Taylor Mill Rd" }, "geometry": { "type": "Point", "coordinates": [ -84.5016069, 38.9791387 ] } },
{ "type": "Feature", "properties": { "name": "Senour Rd & Taylor Mill Rd" }, "geometry": { "type": "Point", "coordinates": [ -84.503215, 38.9706234 ] } },
{ "type": "Feature", "properties": { "name": "Taylor Mill Rd & Ridgeway Dr" }, "geometry": { "type": "Point", "coordinates": [ -84.4933548, 39.0003357 ] } },
{ "type": "Feature", "properties": { "name": "Wolf Rd & Taylor Mill Rd" }, "geometry": { "type": "Point", "coordinates": [ -84.4972992, 38.9959717 ] } },
{ "type": "Feature", "properties": { "name": "Taylor Mill Rd & Janet Dr" }, "geometry": { "type": "Point", "coordinates": [ -84.4945526, 39.0035324 ] } },
{ "type": "Feature", "properties": { "name": "Taylor Mill Rd & Forest Ln" }, "geometry": { "type": "Point", "coordinates": [ -84.4935226, 39.0003052 ] } },
{ "type": "Feature", "properties": { "name": "Taylor Mill Rd & Old Taylor Mill" }, "geometry": { "type": "Point", "coordinates": [ -84.5039597, 38.9887314 ] } },
{ "type": "Feature", "properties": { "name": "Taylor Mill Rd & Wolf Rd" }, "geometry": { "type": "Point", "coordinates": [ -84.497406, 38.9960747 ] } },
{ "type": "Feature", "properties": { "name": "Taylor Mill Rd & Carol Dr" }, "geometry": { "type": "Point", "coordinates": [ -84.4996414, 38.9933701 ] } },
{ "type": "Feature", "properties": { "name": "Jefferson Pl & Taylor Mill Rd" }, "geometry": { "type": "Point", "coordinates": [ -84.4989929, 38.9942474 ] } },
{ "type": "Feature", "properties": { "name": "Janet Dr & Taylor Mill Rd" }, "geometry": { "type": "Point", "coordinates": [ -84.4948044, 39.0037346 ] } },
{ "type": "Feature", "properties": { "name": "Taylor Mill at St Mathews" }, "geometry": { "type": "Point", "coordinates": [ -84.4969788, 38.9968414 ] } },
{ "type": "Feature", "properties": { "name": "Lone Oak Dr & Taylor Mill Rd" }, "geometry": { "type": "Point", "coordinates": [ -84.4949112, 39.0046387 ] } },
{ "type": "Feature", "properties": { "name": "Taylor Mill Rd & Lone Oak Dr" }, "geometry": { "type": "Point", "coordinates": [ -84.4947357, 39.0046539 ] } },
{ "type": "Feature", "properties": { "name": "Taylor Mill at St Matthews" }, "geometry": { "type": "Point", "coordinates": [ -84.4962997, 38.9977989 ] } },
{ "type": "Feature", "properties": { "name": "Taylor Mill Rd & Valley Square D" }, "geometry": { "type": "Point", "coordinates": [ -84.4930725, 39.0100021 ] } },
{ "type": "Feature", "properties": { "name": "Taylor Mill Rd & Sunset Dr" }, "geometry": { "type": "Point", "coordinates": [ -84.493988, 39.0062065 ] } },
{ "type": "Feature", "properties": { "name": "Taylor Mill Rd & Colonial Ct" }, "geometry": { "type": "Point", "coordinates": [ -84.4929123, 39.0090027 ] } },
{ "type": "Feature", "properties": { "name": "Taylor Mill Rd & Sharon Dr" }, "geometry": { "type": "Point", "coordinates": [ -84.4941025, 39.0139084 ] } },
{ "type": "Feature", "properties": { "name": "Sharon Dr & Taylor Mill Rd" }, "geometry": { "type": "Point", "coordinates": [ -84.4940796, 39.013546 ] } },
{ "type": "Feature", "properties": { "name": "Taylor Mill Rd & Colonial Ct" }, "geometry": { "type": "Point", "coordinates": [ -84.4930344, 39.0090485 ] } },
{ "type": "Feature", "properties": { "name": "Millvalley Dr & Taylor Mill Rd" }, "geometry": { "type": "Point", "coordinates": [ -84.4936066, 39.0107994 ] } },
{ "type": "Feature", "properties": { "name": "Millvalley Dr & Taylor Mill Rd" }, "geometry": { "type": "Point", "coordinates": [ -84.4934082, 39.0108566 ] } },
{ "type": "Feature", "properties": { "name": "Rosewood Ct & Taylor Mill Rd" }, "geometry": { "type": "Point", "coordinates": [ -84.4937973, 39.0126266 ] } },
{ "type": "Feature", "properties": { "name": "Sunset Dr & Taylor Mill Rd" }, "geometry": { "type": "Point", "coordinates": [ -84.4941177, 39.0063515 ] } },
{ "type": "Feature", "properties": { "name": "Walnut St & Taylor Mill Rd" }, "geometry": { "type": "Point", "coordinates": [ -84.5059433, 39.0179253 ] } },
{ "type": "Feature", "properties": { "name": "Taylor Mill Rd & Old Taylor Mill" }, "geometry": { "type": "Point", "coordinates": [ -84.5071869, 39.0179787 ] } },
{ "type": "Feature", "properties": { "name": "Taylor Mill Rd & Lorraine Ct" }, "geometry": { "type": "Point", "coordinates": [ -84.4968872, 39.015583 ] } },
{ "type": "Feature", "properties": { "name": "Wischer Dr & Taylor Mill Rd" }, "geometry": { "type": "Point", "coordinates": [ -84.4992294, 39.0164566 ] } },
{ "type": "Feature", "properties": { "name": "Taylor Mill Rd & Vogelpohl Ct" }, "geometry": { "type": "Point", "coordinates": [ -84.4980392, 39.0158615 ] } },
{ "type": "Feature", "properties": { "name": "Taylor Mill Rd & Winston Hill Dr" }, "geometry": { "type": "Point", "coordinates": [ -84.5015717, 39.0172081 ] } },
{ "type": "Feature", "properties": { "name": "Redbud Dr & Taylor Mill Rd" }, "geometry": { "type": "Point", "coordinates": [ -84.503273, 39.0176849 ] } },
{ "type": "Feature", "properties": { "name": "Taylor Mill Rd & Old Taylor Mill" }, "geometry": { "type": "Point", "coordinates": [ -84.5071716, 39.0177116 ] } },
{ "type": "Feature", "properties": { "name": "Taylor Mill Rd & Oak Rd" }, "geometry": { "type": "Point", "coordinates": [ -84.504509, 39.0179443 ] } },
{ "type": "Feature", "properties": { "name": "Taylor Mill Rd & Wischer Dr" }, "geometry": { "type": "Point", "coordinates": [ -84.4991531, 39.0162544 ] } },
{ "type": "Feature", "properties": { "name": "Taylor Mill Rd & Mason Rd" }, "geometry": { "type": "Point", "coordinates": [ -84.5116653, 39.027916 ] } },
{ "type": "Feature", "properties": { "name": "Taylor Mill Rd & Mason Rd" }, "geometry": { "type": "Point", "coordinates": [ -84.5119171, 39.0276375 ] } },
{ "type": "Feature", "properties": { "name": "N Grand Ave & Churchill Dr" }, "geometry": { "type": "Point", "coordinates": [ -84.4689636, 39.0814743 ] } },
{ "type": "Feature", "properties": { "name": "N Grand Ave & Highland Ave" }, "geometry": { "type": "Point", "coordinates": [ -84.4633026, 39.0763588 ] } },
{ "type": "Feature", "properties": { "name": "Highland Ave & S Grand Ave" }, "geometry": { "type": "Point", "coordinates": [ -84.4621735, 39.075779 ] } },
{ "type": "Feature", "properties": { "name": "Highland Ave & Newman Ave" }, "geometry": { "type": "Point", "coordinates": [ -84.4609985, 39.0759354 ] } },
{ "type": "Feature", "properties": { "name": "Highland Ave & Ridgewood Pl" }, "geometry": { "type": "Point", "coordinates": [ -84.4579849, 39.0749283 ] } },
{ "type": "Feature", "properties": { "name": "Highland Ave & S Grand Ave" }, "geometry": { "type": "Point", "coordinates": [ -84.4618936, 39.0757169 ] } },
{ "type": "Feature", "properties": { "name": "N Grand Ave & Churchill Dr" }, "geometry": { "type": "Point", "coordinates": [ -84.4689255, 39.0817642 ] } },
{ "type": "Feature", "properties": { "name": "Churchill Dr & N Grand Ave" }, "geometry": { "type": "Point", "coordinates": [ -84.4671402, 39.0803261 ] } },
{ "type": "Feature", "properties": { "name": "N Grand Ave & Churchill Dr" }, "geometry": { "type": "Point", "coordinates": [ -84.4673157, 39.0801659 ] } },
{ "type": "Feature", "properties": { "name": "Gaddis Dr & Rosewood Ln" }, "geometry": { "type": "Point", "coordinates": [ -84.4634094, 39.0768509 ] } },
{ "type": "Feature", "properties": { "name": "On Grand Ave. (Hospital)" }, "geometry": { "type": "Point", "coordinates": [ -84.4653015, 39.0786018 ] } },
{ "type": "Feature", "properties": { "name": "St Elizabeth Ft.Thom Grand" }, "geometry": { "type": "Point", "coordinates": [ -84.4650192, 39.0786934 ] } },
{ "type": "Feature", "properties": { "name": "Highland Ave & Newman Ave" }, "geometry": { "type": "Point", "coordinates": [ -84.4605408, 39.0761757 ] } },
{ "type": "Feature", "properties": { "name": "Highland Ave & Highview Dr" }, "geometry": { "type": "Point", "coordinates": [ -84.4595337, 39.0762978 ] } },
{ "type": "Feature", "properties": { "name": "Highland Ave & Sweet Briar Ave" }, "geometry": { "type": "Point", "coordinates": [ -84.4557114, 39.075634 ] } },
{ "type": "Feature", "properties": { "name": "Highland Ave & Pentland Pl" }, "geometry": { "type": "Point", "coordinates": [ -84.4553757, 39.0758553 ] } },
{ "type": "Feature", "properties": { "name": "Highland Ave & James Ave" }, "geometry": { "type": "Point", "coordinates": [ -84.4536133, 39.0765533 ] } },
{ "type": "Feature", "properties": { "name": "Highland at Ft Thomas" }, "geometry": { "type": "Point", "coordinates": [ -84.449501, 39.0780983 ] } },
{ "type": "Feature", "properties": { "name": "Highland Ave & Mayfield Ave" }, "geometry": { "type": "Point", "coordinates": [ -84.4508438, 39.0776482 ] } },
{ "type": "Feature", "properties": { "name": "Highland Ave & Trinity Pl" }, "geometry": { "type": "Point", "coordinates": [ -84.4505768, 39.0776711 ] } },
{ "type": "Feature", "properties": { "name": "Highland Ave & E Vernon Ln" }, "geometry": { "type": "Point", "coordinates": [ -84.4518967, 39.0771065 ] } },
{ "type": "Feature", "properties": { "name": "Highland at Ft Thomas" }, "geometry": { "type": "Point", "coordinates": [ -84.4494476, 39.0782623 ] } },
{ "type": "Feature", "properties": { "name": "Carothers Rd & N Grand Ave" }, "geometry": { "type": "Point", "coordinates": [ -84.4775314, 39.0863266 ] } },
{ "type": "Feature", "properties": { "name": "Carothers Rd & N Grand Ave" }, "geometry": { "type": "Point", "coordinates": [ -84.477684, 39.0865135 ] } },
{ "type": "Feature", "properties": { "name": "Birch St & Prospect St" }, "geometry": { "type": "Point", "coordinates": [ -84.4797897, 39.0855904 ] } },
{ "type": "Feature", "properties": { "name": "Birch St & Prospect St" }, "geometry": { "type": "Point", "coordinates": [ -84.4796448, 39.0858727 ] } },
{ "type": "Feature", "properties": { "name": "Dave Cowens Dr & Park Ave" }, "geometry": { "type": "Point", "coordinates": [ -84.4929352, 39.0981598 ] } },
{ "type": "Feature", "properties": { "name": "Dave Cowens Dr & Washington Ave" }, "geometry": { "type": "Point", "coordinates": [ -84.4936066, 39.0972557 ] } },
{ "type": "Feature", "properties": { "name": "Holman Ave & W 17th St" }, "geometry": { "type": "Point", "coordinates": [ -84.5117645, 39.0699425 ] } },
{ "type": "Feature", "properties": { "name": "Holman Ave & W 17th St" }, "geometry": { "type": "Point", "coordinates": [ -84.5119019, 39.0698547 ] } },
{ "type": "Feature", "properties": { "name": "W 12th St & Holman Ave" }, "geometry": { "type": "Point", "coordinates": [ -84.5136261, 39.07724 ] } },
{ "type": "Feature", "properties": { "name": "Holman Ave & W 13th St" }, "geometry": { "type": "Point", "coordinates": [ -84.5134125, 39.0757828 ] } },
{ "type": "Feature", "properties": { "name": "Holman Ave & W 12th St" }, "geometry": { "type": "Point", "coordinates": [ -84.5137321, 39.0770301 ] } },
{ "type": "Feature", "properties": { "name": "Holman Ave & Berry St" }, "geometry": { "type": "Point", "coordinates": [ -84.5142059, 39.078743 ] } },
{ "type": "Feature", "properties": { "name": "Holman Ave & W 14th St" }, "geometry": { "type": "Point", "coordinates": [ -84.51297, 39.0747147 ] } },
{ "type": "Feature", "properties": { "name": "Holman at Pike" }, "geometry": { "type": "Point", "coordinates": [ -84.5149536, 39.0802498 ] } },
{ "type": "Feature", "properties": { "name": "Holman Ave & W 13th St" }, "geometry": { "type": "Point", "coordinates": [ -84.5132217, 39.0756454 ] } },
{ "type": "Feature", "properties": { "name": "Holman at Pike" }, "geometry": { "type": "Point", "coordinates": [ -84.5149155, 39.0804329 ] } },
{ "type": "Feature", "properties": { "name": "Linden Ave & Holman Ave" }, "geometry": { "type": "Point", "coordinates": [ -84.5126724, 39.0728874 ] } },
{ "type": "Feature", "properties": { "name": "Holman Ave & W Robbins St" }, "geometry": { "type": "Point", "coordinates": [ -84.5145798, 39.0792923 ] } },
{ "type": "Feature", "properties": { "name": "Holman Ave & W 14th St" }, "geometry": { "type": "Point", "coordinates": [ -84.5131302, 39.0747261 ] } },
{ "type": "Feature", "properties": { "name": "Holman Ave & Linden Ave" }, "geometry": { "type": "Point", "coordinates": [ -84.5124969, 39.0728035 ] } },
{ "type": "Feature", "properties": { "name": "W 16th St & Holman Ave" }, "geometry": { "type": "Point", "coordinates": [ -84.5122147, 39.0710144 ] } },
{ "type": "Feature", "properties": { "name": "W 16th St & Holman Ave" }, "geometry": { "type": "Point", "coordinates": [ -84.5120163, 39.0709114 ] } },
{ "type": "Feature", "properties": { "name": "Holman Ave & W Robbins St" }, "geometry": { "type": "Point", "coordinates": [ -84.514389, 39.0790939 ] } },
{ "type": "Feature", "properties": { "name": "Holman Ave & W 18th St" }, "geometry": { "type": "Point", "coordinates": [ -84.5113144, 39.0682526 ] } },
{ "type": "Feature", "properties": { "name": "Holman at 19th St." }, "geometry": { "type": "Point", "coordinates": [ -84.5103989, 39.0667 ] } },
{ "type": "Feature", "properties": { "name": "Holman at 19th" }, "geometry": { "type": "Point", "coordinates": [ -84.5104294, 39.0664978 ] } },
{ "type": "Feature", "properties": { "name": "W 19th St & Howell St" }, "geometry": { "type": "Point", "coordinates": [ -84.5119247, 39.0657959 ] } },
{ "type": "Feature", "properties": { "name": "W 19th St & Howell St" }, "geometry": { "type": "Point", "coordinates": [ -84.512001, 39.0656776 ] } },
{ "type": "Feature", "properties": { "name": "W 18th St & Holman Ave" }, "geometry": { "type": "Point", "coordinates": [ -84.5115204, 39.0683708 ] } },
{ "type": "Feature", "properties": { "name": "Highland Pike & Franklin St" }, "geometry": { "type": "Point", "coordinates": [ -84.514534, 39.0651932 ] } },
{ "type": "Feature", "properties": { "name": "Franklin St & Highland Pike" }, "geometry": { "type": "Point", "coordinates": [ -84.5145569, 39.0650826 ] } },
{ "type": "Feature", "properties": { "name": "Highland Pike & Benton Rd" }, "geometry": { "type": "Point", "coordinates": [ -84.5161972, 39.0645027 ] } },
{ "type": "Feature", "properties": { "name": "Highland Ave & Benton Rd" }, "geometry": { "type": "Point", "coordinates": [ -84.5164032, 39.0643387 ] } },
{ "type": "Feature", "properties": { "name": "Highland Ave & Rays Ln" }, "geometry": { "type": "Point", "coordinates": [ -84.5208817, 39.0632477 ] } },
{ "type": "Feature", "properties": { "name": "Highland Ave & Rays Ln" }, "geometry": { "type": "Point", "coordinates": [ -84.5207138, 39.0631866 ] } },
{ "type": "Feature", "properties": { "name": "Highland Ave & Lorup Ave" }, "geometry": { "type": "Point", "coordinates": [ -84.5384979, 39.0492401 ] } },
{ "type": "Feature", "properties": { "name": "Highland Ave & Highland Pike" }, "geometry": { "type": "Point", "coordinates": [ -84.5387573, 39.0491753 ] } },
{ "type": "Feature", "properties": { "name": "7848 Mall Road" }, "geometry": { "type": "Point", "coordinates": [ -84.6516037, 38.9920578 ] } },
{ "type": "Feature", "properties": { "name": "Mall @ Plaza" }, "geometry": { "type": "Point", "coordinates": [ -84.6516876, 38.9914169 ] } },
{ "type": "Feature", "properties": { "name": "Mall @ Heights" }, "geometry": { "type": "Point", "coordinates": [ -84.6506653, 38.9872894 ] } },
{ "type": "Feature", "properties": { "name": "Mall @ Heights  (In)" }, "geometry": { "type": "Point", "coordinates": [ -84.6510086, 38.9872208 ] } },
{ "type": "Feature", "properties": { "name": "Mall @ Steinberg" }, "geometry": { "type": "Point", "coordinates": [ -84.6513214, 38.9892273 ] } },
{ "type": "Feature", "properties": { "name": "8125 Mall Road" }, "geometry": { "type": "Point", "coordinates": [ -84.6504211, 38.9836922 ] } },
{ "type": "Feature", "properties": { "name": "1870 Mall Road" }, "geometry": { "type": "Point", "coordinates": [ -84.6500626, 38.9834251 ] } },
{ "type": "Feature", "properties": { "name": "City Heights- Todd at Benton" }, "geometry": { "type": "Point", "coordinates": [ -84.5126114, 39.0579414 ] } },
{ "type": "Feature", "properties": { "name": "Hanser at Highland" }, "geometry": { "type": "Point", "coordinates": [ -84.5226974, 39.0567017 ] } },
{ "type": "Feature", "properties": { "name": "Highland Ave & Henry Clay Ave" }, "geometry": { "type": "Point", "coordinates": [ -84.5232315, 39.0592003 ] } },
{ "type": "Feature", "properties": { "name": "Highland Ave & Emery Dr" }, "geometry": { "type": "Point", "coordinates": [ -84.5230637, 39.0593872 ] } },
{ "type": "Feature", "properties": { "name": "Emery Dr & Highland Ave" }, "geometry": { "type": "Point", "coordinates": [ -84.5231628, 39.0608177 ] } },
{ "type": "Feature", "properties": { "name": "Monte Ln & Janes Ln" }, "geometry": { "type": "Point", "coordinates": [ -84.5195389, 39.0559044 ] } },
{ "type": "Feature", "properties": { "name": "Monte Ln & Vivian Pl" }, "geometry": { "type": "Point", "coordinates": [ -84.5196838, 39.0557251 ] } },
{ "type": "Feature", "properties": { "name": "Highland at Hanser" }, "geometry": { "type": "Point", "coordinates": [ -84.5220413, 39.0562401 ] } },
{ "type": "Feature", "properties": { "name": "Highland Ave & Emery Dr" }, "geometry": { "type": "Point", "coordinates": [ -84.5230026, 39.0607605 ] } },
{ "type": "Feature", "properties": { "name": "Monte Ln & Rose Ln" }, "geometry": { "type": "Point", "coordinates": [ -84.5181427, 39.0567055 ] } },
{ "type": "Feature", "properties": { "name": "Monte Ln & Rose Ln" }, "geometry": { "type": "Point", "coordinates": [ -84.5182343, 39.0565567 ] } },
{ "type": "Feature", "properties": { "name": "Monte Ln & Benton Rd" }, "geometry": { "type": "Point", "coordinates": [ -84.5155792, 39.058197 ] } },
{ "type": "Feature", "properties": { "name": "White Ct & Monte Ln" }, "geometry": { "type": "Point", "coordinates": [ -84.5153732, 39.0582199 ] } },
{ "type": "Feature", "properties": { "name": "Phelps Ln & Welsh Dr" }, "geometry": { "type": "Point", "coordinates": [ -84.5135498, 39.0585136 ] } },
{ "type": "Feature", "properties": { "name": "Phelps Ln & White Ct" }, "geometry": { "type": "Point", "coordinates": [ -84.5137329, 39.0580406 ] } },
{ "type": "Feature", "properties": { "name": "Alden Ct & Welsh Dr" }, "geometry": { "type": "Point", "coordinates": [ -84.5126266, 39.0586815 ] } },
{ "type": "Feature", "properties": { "name": "Highland Pike & Highland Ave" }, "geometry": { "type": "Point", "coordinates": [ -84.5248489, 39.0554886 ] } },
{ "type": "Feature", "properties": { "name": "Highland Ave & Wrights Point Dr" }, "geometry": { "type": "Point", "coordinates": [ -84.52845, 39.05439 ] } },
{ "type": "Feature", "properties": { "name": "Highland Ave & Kyles Ln" }, "geometry": { "type": "Point", "coordinates": [ -84.5341415, 39.0518532 ] } },
{ "type": "Feature", "properties": { "name": "Highland Ave & Ashlawn Pl" }, "geometry": { "type": "Point", "coordinates": [ -84.536499, 39.0508995 ] } },
{ "type": "Feature", "properties": { "name": "Highland Ave & Ashlawn Pl" }, "geometry": { "type": "Point", "coordinates": [ -84.5366211, 39.0509148 ] } },
{ "type": "Feature", "properties": { "name": "Florence Mall (Sears)" }, "geometry": { "type": "Point", "coordinates": [ -84.6512222, 38.9969826 ] } },
{ "type": "Feature", "properties": { "name": "Mall Road @ Cayton (Out)" }, "geometry": { "type": "Point", "coordinates": [ -84.65271, 38.9938278 ] } },
{ "type": "Feature", "properties": { "name": "Mall Road @ Cayton (In)" }, "geometry": { "type": "Point", "coordinates": [ -84.6532364, 38.99403 ] } },
{ "type": "Feature", "properties": { "name": "7663 Mall Road" }, "geometry": { "type": "Point", "coordinates": [ -84.6537552, 38.9979515 ] } },
{ "type": "Feature", "properties": { "name": "Dixie @ Garvey" }, "geometry": { "type": "Point", "coordinates": [ -84.6054382, 39.013485 ] } },
{ "type": "Feature", "properties": { "name": "Dixie at Bartlett" }, "geometry": { "type": "Point", "coordinates": [ -84.6027145, 39.0158424 ] } },
{ "type": "Feature", "properties": { "name": "Dixie at May" }, "geometry": { "type": "Point", "coordinates": [ -84.6033554, 39.0152092 ] } },
{ "type": "Feature", "properties": { "name": "Dixie @ McAlpin" }, "geometry": { "type": "Point", "coordinates": [ -84.6055832, 39.0135422 ] } },
{ "type": "Feature", "properties": { "name": "US Hwy 42 & Circle Dr" }, "geometry": { "type": "Point", "coordinates": [ -84.6337967, 38.9940033 ] } },
{ "type": "Feature", "properties": { "name": "US Hwy 42 & Ewing Blvd" }, "geometry": { "type": "Point", "coordinates": [ -84.6371078, 38.9904594 ] } },
{ "type": "Feature", "properties": { "name": "US Hwy 42 across  New Uri Ave" }, "geometry": { "type": "Point", "coordinates": [ -84.6314011, 38.9959831 ] } },
{ "type": "Feature", "properties": { "name": "US Hwy 42 & Boone Co. Library" }, "geometry": { "type": "Point", "coordinates": [ -84.631331, 38.99578 ] } },
{ "type": "Feature", "properties": { "name": "U.S. 42 @ Sycamore" }, "geometry": { "type": "Point", "coordinates": [ -84.6476465, 38.9820772 ] } },
{ "type": "Feature", "properties": { "name": "U.S. 42 @ Diane" }, "geometry": { "type": "Point", "coordinates": [ -84.6472835, 38.9823488 ] } },
{ "type": "Feature", "properties": { "name": "U.S. 42 @ Lacresta (In)" }, "geometry": { "type": "Point", "coordinates": [ -84.6450577, 38.9826317 ] } },
{ "type": "Feature", "properties": { "name": "U.S. 42 @ Lacresta (Out)" }, "geometry": { "type": "Point", "coordinates": [ -84.6448593, 38.9830132 ] } },
{ "type": "Feature", "properties": { "name": "U.S. 42 @ Freedom Way" }, "geometry": { "type": "Point", "coordinates": [ -84.6392975, 38.9874954 ] } },
{ "type": "Feature", "properties": { "name": "7960 U.S. 42" }, "geometry": { "type": "Point", "coordinates": [ -84.6389313, 38.9889221 ] } },
{ "type": "Feature", "properties": { "name": "US Hwy 42 & Ewing Blvd" }, "geometry": { "type": "Point", "coordinates": [ -84.6367798, 38.9912186 ] } },
{ "type": "Feature", "properties": { "name": "US Hwy 42 across Circle Dr" }, "geometry": { "type": "Point", "coordinates": [ -84.6337051, 38.9943237 ] } },
{ "type": "Feature", "properties": { "name": "Dixie @ Turfway  (Out)" }, "geometry": { "type": "Point", "coordinates": [ -84.6200333, 39.004612 ] } },
{ "type": "Feature", "properties": { "name": "Dixie @Turfway  (In)" }, "geometry": { "type": "Point", "coordinates": [ -84.6202164, 39.0043449 ] } },
{ "type": "Feature", "properties": { "name": "Dixie @ Kentaboo" }, "geometry": { "type": "Point", "coordinates": [ -84.6140671, 39.0065575 ] } },
{ "type": "Feature", "properties": { "name": "Dixie @ Eastern  (Kentaboo)" }, "geometry": { "type": "Point", "coordinates": [ -84.6142197, 39.0063248 ] } },
{ "type": "Feature", "properties": { "name": "Dixie @ Cave Run" }, "geometry": { "type": "Point", "coordinates": [ -84.6116104, 39.0085907 ] } },
{ "type": "Feature", "properties": { "name": "Dixie @ Cave Run" }, "geometry": { "type": "Point", "coordinates": [ -84.611496, 39.0084572 ] } },
{ "type": "Feature", "properties": { "name": "Dixie @ Forest  (In)" }, "geometry": { "type": "Point", "coordinates": [ -84.6073227, 39.0119362 ] } },
{ "type": "Feature", "properties": { "name": "Dixie @ Sunset" }, "geometry": { "type": "Point", "coordinates": [ -84.60923, 39.0105019 ] } },
{ "type": "Feature", "properties": { "name": "Dixie @ Forest" }, "geometry": { "type": "Point", "coordinates": [ -84.6074142, 39.0120354 ] } },
{ "type": "Feature", "properties": { "name": "Dixie @ Main" }, "geometry": { "type": "Point", "coordinates": [ -84.609314, 39.0102768 ] } },
{ "type": "Feature", "properties": { "name": "Dixie at Stevenson" }, "geometry": { "type": "Point", "coordinates": [ -84.5998535, 39.0168877 ] } },
{ "type": "Feature", "properties": { "name": "Dixie at Commonwealth" }, "geometry": { "type": "Point", "coordinates": [ -84.60112, 39.0166016 ] } },
{ "type": "Feature", "properties": { "name": "Dixie @Hallam" }, "geometry": { "type": "Point", "coordinates": [ -84.59758, 39.0178909 ] } },
{ "type": "Feature", "properties": { "name": "Dixie @ Hallam O" }, "geometry": { "type": "Point", "coordinates": [ -84.5976105, 39.0180931 ] } },
{ "type": "Feature", "properties": { "name": "3150 Dixie Highway" }, "geometry": { "type": "Point", "coordinates": [ -84.5930023, 39.0202026 ] } },
{ "type": "Feature", "properties": { "name": "3133 Dixie Highway  (Erlanger)" }, "geometry": { "type": "Point", "coordinates": [ -84.5923233, 39.0201454 ] } },
{ "type": "Feature", "properties": { "name": "Dixie @ Kenton Lands" }, "geometry": { "type": "Point", "coordinates": [ -84.5889206, 39.0212669 ] } },
{ "type": "Feature", "properties": { "name": "Dixie @ Kenton Lands" }, "geometry": { "type": "Point", "coordinates": [ -84.588768, 39.021019 ] } },
{ "type": "Feature", "properties": { "name": "Delhi Rd & Hillbrook Dr" }, "geometry": { "type": "Point", "coordinates": [ -84.6302414, 39.0950432 ] } },
{ "type": "Feature", "properties": { "name": "Delhi Rd & Sunaire Ter" }, "geometry": { "type": "Point", "coordinates": [ -84.6288376, 39.0945015 ] } },
{ "type": "Feature", "properties": { "name": "Delhi Rd & Morrvue Dr" }, "geometry": { "type": "Point", "coordinates": [ -84.6250763, 39.0932846 ] } },
{ "type": "Feature", "properties": { "name": "Delhi Rd & Oakwood Park Dr" }, "geometry": { "type": "Point", "coordinates": [ -84.6274414, 39.0938988 ] } },
{ "type": "Feature", "properties": { "name": "Delhi Rd 5504" }, "geometry": { "type": "Point", "coordinates": [ -84.6279602, 39.0942192 ] } },
{ "type": "Feature", "properties": { "name": "Delhi Rd & Sunaire Ter" }, "geometry": { "type": "Point", "coordinates": [ -84.6289673, 39.0943604 ] } },
{ "type": "Feature", "properties": { "name": "Delhi Rd & Viscount Dr" }, "geometry": { "type": "Point", "coordinates": [ -84.6259537, 39.0936317 ] } },
{ "type": "Feature", "properties": { "name": "Delhi Rd & Hillbrook Dr" }, "geometry": { "type": "Point", "coordinates": [ -84.6303787, 39.0949097 ] } },
{ "type": "Feature", "properties": { "name": "Delhi Rd & Morrvue Dr" }, "geometry": { "type": "Point", "coordinates": [ -84.6251526, 39.0935364 ] } },
{ "type": "Feature", "properties": { "name": "Delhi Rd & Katiebud Dr" }, "geometry": { "type": "Point", "coordinates": [ -84.6325378, 39.0952721 ] } },
{ "type": "Feature", "properties": { "name": "Delhi Rd 5656" }, "geometry": { "type": "Point", "coordinates": [ -84.6352768, 39.0961227 ] } },
{ "type": "Feature", "properties": { "name": "Delhi Rd 5629" }, "geometry": { "type": "Point", "coordinates": [ -84.6340027, 39.0956612 ] } },
{ "type": "Feature", "properties": { "name": "Delhi Rd & Woodland Ridge Dr" }, "geometry": { "type": "Point", "coordinates": [ -84.6324692, 39.0954323 ] } },
{ "type": "Feature", "properties": { "name": "Delhi Rd 5673" }, "geometry": { "type": "Point", "coordinates": [ -84.6361008, 39.0960617 ] } },
{ "type": "Feature", "properties": { "name": "Delhi Rd & Neeb Rd" }, "geometry": { "type": "Point", "coordinates": [ -84.637085, 39.096344 ] } },
{ "type": "Feature", "properties": { "name": "Delhi Rd & Neeb Rd" }, "geometry": { "type": "Point", "coordinates": [ -84.6376648, 39.0962372 ] } },
{ "type": "Feature", "properties": { "name": "Delhi Rd & Applecreek Ct" }, "geometry": { "type": "Point", "coordinates": [ -84.6213074, 39.092659 ] } },
{ "type": "Feature", "properties": { "name": "Delhi Rd & Marbill Ln" }, "geometry": { "type": "Point", "coordinates": [ -84.6199875, 39.0931511 ] } },
{ "type": "Feature", "properties": { "name": "Delhi Rd & Brookforest Dr" }, "geometry": { "type": "Point", "coordinates": [ -84.6232224, 39.0924149 ] } },
{ "type": "Feature", "properties": { "name": "Delhi Rd & Glen Oaks Dr" }, "geometry": { "type": "Point", "coordinates": [ -84.6128311, 39.0949707 ] } },
{ "type": "Feature", "properties": { "name": "Delhi Rd & Glen Oaks Dr" }, "geometry": { "type": "Point", "coordinates": [ -84.613121, 39.0947571 ] } },
{ "type": "Feature", "properties": { "name": "Delhi Rd & Mt Alverno Rd" }, "geometry": { "type": "Point", "coordinates": [ -84.6158371, 39.0942879 ] } },
{ "type": "Feature", "properties": { "name": "Delhi Rd & Mt Alverno Rd" }, "geometry": { "type": "Point", "coordinates": [ -84.6159592, 39.0944405 ] } },
{ "type": "Feature", "properties": { "name": "Delhi Rd 5297" }, "geometry": { "type": "Point", "coordinates": [ -84.6168976, 39.0941277 ] } },
{ "type": "Feature", "properties": { "name": "Delhi Rd & Anderson Ferry Rd" }, "geometry": { "type": "Point", "coordinates": [ -84.6177979, 39.0941086 ] } },
{ "type": "Feature", "properties": { "name": "Delhi Rd & Marbill Ln" }, "geometry": { "type": "Point", "coordinates": [ -84.620163, 39.0932655 ] } },
{ "type": "Feature", "properties": { "name": "Delhi Rd & Applecreek Ct" }, "geometry": { "type": "Point", "coordinates": [ -84.6216736, 39.092701 ] } },
{ "type": "Feature", "properties": { "name": "Delhi Rd 5314" }, "geometry": { "type": "Point", "coordinates": [ -84.6190033, 39.0937042 ] } },
{ "type": "Feature", "properties": { "name": "Delhi Rd & Brookforest Dr" }, "geometry": { "type": "Point", "coordinates": [ -84.6228333, 39.0925026 ] } },
{ "type": "Feature", "properties": { "name": "Delhi Rd & Anderson Ferry Rd" }, "geometry": { "type": "Point", "coordinates": [ -84.6184158, 39.0937042 ] } },
{ "type": "Feature", "properties": { "name": "Mt Alverno Rd & Ihle Dr" }, "geometry": { "type": "Point", "coordinates": [ -84.6037521, 39.0894623 ] } },
{ "type": "Feature", "properties": { "name": "Mt Alverno Rd & Pedretti Ave" }, "geometry": { "type": "Point", "coordinates": [ -84.6002884, 39.0902405 ] } },
{ "type": "Feature", "properties": { "name": "Pedretti Ave & Valence Dr" }, "geometry": { "type": "Point", "coordinates": [ -84.6001511, 39.0916252 ] } },
{ "type": "Feature", "properties": { "name": "Pedretti Ave & Valence Dr" }, "geometry": { "type": "Point", "coordinates": [ -84.5999603, 39.0914192 ] } },
{ "type": "Feature", "properties": { "name": "Mt. Alverno Rd & Robben Ln" }, "geometry": { "type": "Point", "coordinates": [ -84.6023178, 39.0899811 ] } },
{ "type": "Feature", "properties": { "name": "Mt Alverno Rd & Ihle Dr" }, "geometry": { "type": "Point", "coordinates": [ -84.6039047, 39.0895958 ] } },
{ "type": "Feature", "properties": { "name": "Pedretti Ave & Mt Alverno Rd" }, "geometry": { "type": "Point", "coordinates": [ -84.6002655, 39.0904388 ] } },
{ "type": "Feature", "properties": { "name": "Greenwell Ave & Marge Pl" }, "geometry": { "type": "Point", "coordinates": [ -84.6061478, 39.092144 ] } },
{ "type": "Feature", "properties": { "name": "Greenwell Ave & Marge Pl" }, "geometry": { "type": "Point", "coordinates": [ -84.6059723, 39.0919228 ] } },
{ "type": "Feature", "properties": { "name": "Mt. Alverno Rd & Jupiter Rd" }, "geometry": { "type": "Point", "coordinates": [ -84.604744, 39.0893173 ] } },
{ "type": "Feature", "properties": { "name": "Greenwell Ave & Mt Alverno Rd" }, "geometry": { "type": "Point", "coordinates": [ -84.6063461, 39.090271 ] } },
{ "type": "Feature", "properties": { "name": "Mt Alverno Rd & Robben Ln" }, "geometry": { "type": "Point", "coordinates": [ -84.6020126, 39.0898743 ] } },
{ "type": "Feature", "properties": { "name": "Mt Alverno Rd & Greenwell Ave" }, "geometry": { "type": "Point", "coordinates": [ -84.6060867, 39.0900841 ] } },
{ "type": "Feature", "properties": { "name": "Delhi Rd & Mattingly Blvd" }, "geometry": { "type": "Point", "coordinates": [ -84.6397781, 39.0964203 ] } },
{ "type": "Feature", "properties": { "name": "Bender Rd & Bayley Pl" }, "geometry": { "type": "Point", "coordinates": [ -84.6430664, 39.0978775 ] } },
{ "type": "Feature", "properties": { "name": "Delhi Rd & Mattingly Blvd" }, "geometry": { "type": "Point", "coordinates": [ -84.6402588, 39.0966263 ] } },
{ "type": "Feature", "properties": { "name": "Bender Rd & Bayley Pl" }, "geometry": { "type": "Point", "coordinates": [ -84.643158, 39.097683 ] } },
{ "type": "Feature", "properties": { "name": "Delhi Rd & Greenwell Ave" }, "geometry": { "type": "Point", "coordinates": [ -84.6060257, 39.0952034 ] } },
{ "type": "Feature", "properties": { "name": "Delhi Rd 5026" }, "geometry": { "type": "Point", "coordinates": [ -84.6098404, 39.0953407 ] } },
{ "type": "Feature", "properties": { "name": "Delhi Rd 5079" }, "geometry": { "type": "Point", "coordinates": [ -84.6096725, 39.0951881 ] } },
{ "type": "Feature", "properties": { "name": "Delhi Rd 4977" }, "geometry": { "type": "Point", "coordinates": [ -84.6069489, 39.0952568 ] } },
{ "type": "Feature", "properties": { "name": "Delhi Rd 4958" }, "geometry": { "type": "Point", "coordinates": [ -84.6079102, 39.0953979 ] } },
{ "type": "Feature", "properties": { "name": "Delhi Rd & Greenwell Ave" }, "geometry": { "type": "Point", "coordinates": [ -84.6063385, 39.0954018 ] } },
{ "type": "Feature", "properties": { "name": "Pedretti Ave & Delhi Rd" }, "geometry": { "type": "Point", "coordinates": [ -84.5996552, 39.0942497 ] } },
{ "type": "Feature", "properties": { "name": "Pedretti Ave & Delhi Ave" }, "geometry": { "type": "Point", "coordinates": [ -84.5996323, 39.0947113 ] } },
{ "type": "Feature", "properties": { "name": "Pedretti Ave& Mayhew Ave" }, "geometry": { "type": "Point", "coordinates": [ -84.5997772, 39.0960884 ] } },
{ "type": "Feature", "properties": { "name": "Pedretti Ave & Dominic Dr" }, "geometry": { "type": "Point", "coordinates": [ -84.5999527, 39.0932922 ] } },
{ "type": "Feature", "properties": { "name": "Pedretti Ave & Delhi Ave" }, "geometry": { "type": "Point", "coordinates": [ -84.5998306, 39.0947914 ] } },
{ "type": "Feature", "properties": { "name": "Pedretti Ave & Delhi Rd" }, "geometry": { "type": "Point", "coordinates": [ -84.599884, 39.0939903 ] } },
{ "type": "Feature", "properties": { "name": "Pedretti Ave & Saint Dominic Dr" }, "geometry": { "type": "Point", "coordinates": [ -84.5997696, 39.093071 ] } },
{ "type": "Feature", "properties": { "name": "Pedretti Ave 450" }, "geometry": { "type": "Point", "coordinates": [ -84.5994415, 39.0973816 ] } },
{ "type": "Feature", "properties": { "name": "Pedretti Ave 467" }, "geometry": { "type": "Point", "coordinates": [ -84.5995483, 39.0983009 ] } },
{ "type": "Feature", "properties": { "name": "Pedretti Ave 460" }, "geometry": { "type": "Point", "coordinates": [ -84.5992889, 39.0986214 ] } },
{ "type": "Feature", "properties": { "name": "River Rd 5150" }, "geometry": { "type": "Point", "coordinates": [ -84.644148, 39.089454 ] } },
{ "type": "Feature", "properties": { "name": "River Rd 5474" }, "geometry": { "type": "Point", "coordinates": [ -84.656229, 39.0972481 ] } },
{ "type": "Feature", "properties": { "name": "River Rd 5510" }, "geometry": { "type": "Point", "coordinates": [ -84.659693, 39.097903 ] } },
{ "type": "Feature", "properties": { "name": "River Rd 5465" }, "geometry": { "type": "Point", "coordinates": [ -84.655606, 39.09684 ] } },
{ "type": "Feature", "properties": { "name": "River Rd & Wocher Ave" }, "geometry": { "type": "Point", "coordinates": [ -84.653502, 39.095862 ] } },
{ "type": "Feature", "properties": { "name": "River Rd 5495" }, "geometry": { "type": "Point", "coordinates": [ -84.657148, 39.097452 ] } },
{ "type": "Feature", "properties": { "name": "River Rd 5495" }, "geometry": { "type": "Point", "coordinates": [ -84.657638, 39.097371 ] } },
{ "type": "Feature", "properties": { "name": "River Rd 5718" }, "geometry": { "type": "Point", "coordinates": [ -84.666162, 39.099069 ] } },
{ "type": "Feature", "properties": { "name": "River Rd 5675" }, "geometry": { "type": "Point", "coordinates": [ -84.666559, 39.098979 ] } },
{ "type": "Feature", "properties": { "name": "River Rd & Bender Rd" }, "geometry": { "type": "Point", "coordinates": [ -84.667365, 39.099334 ] } },
{ "type": "Feature", "properties": { "name": "River Rd 5679" }, "geometry": { "type": "Point", "coordinates": [ -84.668054, 39.099333 ] } },
{ "type": "Feature", "properties": { "name": "River Rd 5666" }, "geometry": { "type": "Point", "coordinates": [ -84.662473, 39.098406 ] } },
{ "type": "Feature", "properties": { "name": "River Rd 5637" }, "geometry": { "type": "Point", "coordinates": [ -84.662962, 39.098325 ] } },
{ "type": "Feature", "properties": { "name": "River Rd 5680" }, "geometry": { "type": "Point", "coordinates": [ -84.664259, 39.098724 ] } },
{ "type": "Feature", "properties": { "name": "River Rd 5250" }, "geometry": { "type": "Point", "coordinates": [ -84.648078, 39.092731 ] } },
{ "type": "Feature", "properties": { "name": "River Rd & Wocher Ave" }, "geometry": { "type": "Point", "coordinates": [ -84.65314, 39.095862 ] } },
{ "type": "Feature", "properties": { "name": "River Rd 5297" }, "geometry": { "type": "Point", "coordinates": [ -84.650603, 39.094082 ] } },
{ "type": "Feature", "properties": { "name": "River Rd 5640" }, "geometry": { "type": "Point", "coordinates": [ -84.651702, 39.094973 ] } },
{ "type": "Feature", "properties": { "name": "River Rd 5336" }, "geometry": { "type": "Point", "coordinates": [ -84.650919, 39.094492 ] } },
{ "type": "Feature", "properties": { "name": "River Rd & Stille Dr" }, "geometry": { "type": "Point", "coordinates": [ -84.645972, 39.090852 ] } },
{ "type": "Feature", "properties": { "name": "River Rd & Stille Dr" }, "geometry": { "type": "Point", "coordinates": [ -84.64595, 39.091084 ] } },
{ "type": "Feature", "properties": { "name": "River Rd 5229" }, "geometry": { "type": "Point", "coordinates": [ -84.647575, 39.09216 ] } },
{ "type": "Feature", "properties": { "name": "River Rd 5125" }, "geometry": { "type": "Point", "coordinates": [ -84.644884, 39.089863 ] } },
{ "type": "Feature", "properties": { "name": "River Rd 5010" }, "geometry": { "type": "Point", "coordinates": [ -84.6412692, 39.0868682 ] } },
{ "type": "Feature", "properties": { "name": "River Rd 5009" }, "geometry": { "type": "Point", "coordinates": [ -84.641094, 39.086416 ] } },
{ "type": "Feature", "properties": { "name": "River Rd 4934" }, "geometry": { "type": "Point", "coordinates": [ -84.638685, 39.084484 ] } },
{ "type": "Feature", "properties": { "name": "River Rd 4855" }, "geometry": { "type": "Point", "coordinates": [ -84.638707, 39.084243 ] } },
{ "type": "Feature", "properties": { "name": "River Rd 4673" }, "geometry": { "type": "Point", "coordinates": [ -84.633096, 39.080353 ] } },
{ "type": "Feature", "properties": { "name": "River Rd 4837" }, "geometry": { "type": "Point", "coordinates": [ -84.637187, 39.082943 ] } },
{ "type": "Feature", "properties": { "name": "River Rd 4618" }, "geometry": { "type": "Point", "coordinates": [ -84.6323376, 39.0801589 ] } },
{ "type": "Feature", "properties": { "name": "River Rd 4583" }, "geometry": { "type": "Point", "coordinates": [ -84.630865, 39.079233 ] } },
{ "type": "Feature", "properties": { "name": "Anderson Ferry" }, "geometry": { "type": "Point", "coordinates": [ -84.623358, 39.07729 ] } },
{ "type": "Feature", "properties": { "name": "Anderson Ferry" }, "geometry": { "type": "Point", "coordinates": [ -84.623404, 39.077138 ] } },
{ "type": "Feature", "properties": { "name": "River Rd & Cathcart St" }, "geometry": { "type": "Point", "coordinates": [ -84.625447, 39.077572 ] } },
{ "type": "Feature", "properties": { "name": "River Rd 4472" }, "geometry": { "type": "Point", "coordinates": [ -84.627104, 39.077998 ] } },
{ "type": "Feature", "properties": { "name": "River Rd & Cathcart St" }, "geometry": { "type": "Point", "coordinates": [ -84.626042, 39.077518 ] } },
{ "type": "Feature", "properties": { "name": "River Rd & Fenimore St" }, "geometry": { "type": "Point", "coordinates": [ -84.629218, 39.078584 ] } },
{ "type": "Feature", "properties": { "name": "River Rd 4287" }, "geometry": { "type": "Point", "coordinates": [ -84.620113, 39.076813 ] } },
{ "type": "Feature", "properties": { "name": "River Rd 4203" }, "geometry": { "type": "Point", "coordinates": [ -84.617709, 39.076665 ] } },
{ "type": "Feature", "properties": { "name": "River Rd 4228" }, "geometry": { "type": "Point", "coordinates": [ -84.616963, 39.0768 ] } },
{ "type": "Feature", "properties": { "name": "River Rd 4136" }, "geometry": { "type": "Point", "coordinates": [ -84.614559, 39.076705 ] } },
{ "type": "Feature", "properties": { "name": "River Rd 4133" }, "geometry": { "type": "Point", "coordinates": [ -84.613812, 39.076519 ] } },
{ "type": "Feature", "properties": { "name": "River Rd & Bowditch St" }, "geometry": { "type": "Point", "coordinates": [ -84.605214, 39.076745 ] } },
{ "type": "Feature", "properties": { "name": "River Rd 4000" }, "geometry": { "type": "Point", "coordinates": [ -84.607361, 39.07668 ] } },
{ "type": "Feature", "properties": { "name": "River Rd & Tyler St" }, "geometry": { "type": "Point", "coordinates": [ -84.6031559, 39.0769657 ] } },
{ "type": "Feature", "properties": { "name": "River Rd & Bowditch St" }, "geometry": { "type": "Point", "coordinates": [ -84.605296, 39.076585 ] } },
{ "type": "Feature", "properties": { "name": "River Rd 4049" }, "geometry": { "type": "Point", "coordinates": [ -84.610114, 39.076471 ] } },
{ "type": "Feature", "properties": { "name": "River Rd & Maag St" }, "geometry": { "type": "Point", "coordinates": [ -84.61156, 39.07646 ] } },
{ "type": "Feature", "properties": { "name": "River Rd 3999" }, "geometry": { "type": "Point", "coordinates": [ -84.607804, 39.07651 ] } },
{ "type": "Feature", "properties": { "name": "River Rd 4050" }, "geometry": { "type": "Point", "coordinates": [ -84.609916, 39.076632 ] } },
{ "type": "Feature", "properties": { "name": "River Rd & Edgar St" }, "geometry": { "type": "Point", "coordinates": [ -84.595675, 39.078658 ] } },
{ "type": "Feature", "properties": { "name": "River Rd & Fithian St" }, "geometry": { "type": "Point", "coordinates": [ -84.593728, 39.079384 ] } },
{ "type": "Feature", "properties": { "name": "River Rd & Mcginnis Ave" }, "geometry": { "type": "Point", "coordinates": [ -84.599325, 39.077663 ] } },
{ "type": "Feature", "properties": { "name": "River Rd 3711" }, "geometry": { "type": "Point", "coordinates": [ -84.596934, 39.078166 ] } },
{ "type": "Feature", "properties": { "name": "River Rd 3688" }, "geometry": { "type": "Point", "coordinates": [ -84.593251, 39.07975 ] } },
{ "type": "Feature", "properties": { "name": "River Rd 3799" }, "geometry": { "type": "Point", "coordinates": [ -84.599534, 39.077458 ] } },
{ "type": "Feature", "properties": { "name": "River Rd & Edgar St" }, "geometry": { "type": "Point", "coordinates": [ -84.595699, 39.078819 ] } },
{ "type": "Feature", "properties": { "name": "River Rd 3650" }, "geometry": { "type": "Point", "coordinates": [ -84.590768, 39.08069 ] } },
{ "type": "Feature", "properties": { "name": "River Rd & Mcwilliams St" }, "geometry": { "type": "Point", "coordinates": [ -84.590243, 39.080673 ] } },
{ "type": "Feature", "properties": { "name": "River Rd & Lilienthal St" }, "geometry": { "type": "Point", "coordinates": [ -84.585357, 39.081973 ] } },
{ "type": "Feature", "properties": { "name": "River Rd & Lilienthal St" }, "geometry": { "type": "Point", "coordinates": [ -84.584926, 39.082312 ] } },
{ "type": "Feature", "properties": { "name": "River Rd & Leland Ave" }, "geometry": { "type": "Point", "coordinates": [ -84.588377, 39.081344 ] } },
{ "type": "Feature", "properties": { "name": "River Rd & Leland Ave" }, "geometry": { "type": "Point", "coordinates": [ -84.588657, 39.081442 ] } },
{ "type": "Feature", "properties": { "name": "River Rd & Ingalls St" }, "geometry": { "type": "Point", "coordinates": [ -84.583247, 39.08293 ] } },
{ "type": "Feature", "properties": { "name": "River Rd & Ingalls St" }, "geometry": { "type": "Point", "coordinates": [ -84.583212, 39.083197 ] } },
{ "type": "Feature", "properties": { "name": "River Rd & Hillside Ave" }, "geometry": { "type": "Point", "coordinates": [ -84.58107, 39.085493 ] } },
{ "type": "Feature", "properties": { "name": "River Rd 3304" }, "geometry": { "type": "Point", "coordinates": [ -84.579402, 39.085807 ] } },
{ "type": "Feature", "properties": { "name": "River Rd 3281" }, "geometry": { "type": "Point", "coordinates": [ -84.578352, 39.085826 ] } },
{ "type": "Feature", "properties": { "name": "River Rd 3164" }, "geometry": { "type": "Point", "coordinates": [ -84.573943, 39.086804 ] } },
{ "type": "Feature", "properties": { "name": "River Rd 3195" }, "geometry": { "type": "Point", "coordinates": [ -84.575587, 39.086169 ] } },
{ "type": "Feature", "properties": { "name": "River Rd & Southside Ave" }, "geometry": { "type": "Point", "coordinates": [ -84.566257, 39.088463 ] } },
{ "type": "Feature", "properties": { "name": "River Rd & Fairbanks Ave" }, "geometry": { "type": "Point", "coordinates": [ -84.5690266, 39.0880675 ] } },
{ "type": "Feature", "properties": { "name": "River Rd & Southside Ave" }, "geometry": { "type": "Point", "coordinates": [ -84.5658884, 39.0883632 ] } },
{ "type": "Feature", "properties": { "name": "River Rd & Delhi Ave" }, "geometry": { "type": "Point", "coordinates": [ -84.567867, 39.088372 ] } },
{ "type": "Feature", "properties": { "name": "River Rd & Illinois Ave" }, "geometry": { "type": "Point", "coordinates": [ -84.5718215, 39.0869434 ] } },
{ "type": "Feature", "properties": { "name": "River Rd & Illinois Ave" }, "geometry": { "type": "Point", "coordinates": [ -84.571797, 39.087154 ] } },
{ "type": "Feature", "properties": { "name": "River Rd 3163" }, "geometry": { "type": "Point", "coordinates": [ -84.573185, 39.086787 ] } },
{ "type": "Feature", "properties": { "name": "River Rd 2789" }, "geometry": { "type": "Point", "coordinates": [ -84.5623694, 39.0916234 ] } },
{ "type": "Feature", "properties": { "name": "River Rd 2856" }, "geometry": { "type": "Point", "coordinates": [ -84.564613, 39.089276 ] } },
{ "type": "Feature", "properties": { "name": "River Rd 2855" }, "geometry": { "type": "Point", "coordinates": [ -84.564753, 39.089401 ] } },
{ "type": "Feature", "properties": { "name": "River Rd 2532" }, "geometry": { "type": "Point", "coordinates": [ -84.558405, 39.096082 ] } },
{ "type": "Feature", "properties": { "name": "River Rd & Galvin Ln" }, "geometry": { "type": "Point", "coordinates": [ -84.558765, 39.095341 ] } },
{ "type": "Feature", "properties": { "name": "Mt Hope & Galvin Ln" }, "geometry": { "type": "Point", "coordinates": [ -84.559278, 39.095055 ] } },
{ "type": "Feature", "properties": { "name": "River Rd & Mt Echo Dr" }, "geometry": { "type": "Point", "coordinates": [ -84.5607376, 39.0934565 ] } },
{ "type": "Feature", "properties": { "name": "River Rd & Mt Hope Ave" }, "geometry": { "type": "Point", "coordinates": [ -84.557695, 39.097064 ] } },
{ "type": "Feature", "properties": { "name": "River Rd & Mt Hope Ave" }, "geometry": { "type": "Point", "coordinates": [ -84.557589, 39.096859 ] } },
{ "type": "Feature", "properties": { "name": "River Rd & Ansonia Ave" }, "geometry": { "type": "Point", "coordinates": [ -84.556156, 39.098261 ] } },
{ "type": "Feature", "properties": { "name": "The Banks" }, "geometry": { "type": "Point", "coordinates": [ -84.5097437, 39.0982467 ] } },
{ "type": "Feature", "properties": { "name": "Main Terminal" }, "geometry": { "type": "Point", "coordinates": [ -84.6554807, 39.0559164 ] } },
{ "type": "Feature", "properties": { "name": null }, "geometry": { "type": "Point", "coordinates": [ -84.5106127, 39.0888617 ] } },
{ "type": "Feature", "properties": { "name": null }, "geometry": { "type": "Point", "coordinates": [ -84.5795974, 39.0260975 ] } },
{ "type": "Feature", "properties": { "name": null }, "geometry": { "type": "Point", "coordinates": [ -84.5336531, 39.0353465 ] } },
{ "type": "Feature", "properties": { "name": null }, "geometry": { "type": "Point", "coordinates": [ -84.5335641, 39.035127 ] } },
{ "type": "Feature", "properties": { "name": null }, "geometry": { "type": "Point", "coordinates": [ -84.6637414, 38.9578769 ] } },
{ "type": "Feature", "properties": { "name": null }, "geometry": { "type": "Point", "coordinates": [ -84.6639753, 38.9597646 ] } },
{ "type": "Feature", "properties": { "name": null }, "geometry": { "type": "Point", "coordinates": [ -84.6532876, 39.0002987 ] } },
{ "type": "Feature", "properties": { "name": null }, "geometry": { "type": "Point", "coordinates": [ -84.6095073, 38.9776615 ] } },
{ "type": "Feature", "properties": { "name": null }, "geometry": { "type": "Point", "coordinates": [ -84.6024719, 38.976865 ] } },
{ "type": "Feature", "properties": { "name": null }, "geometry": { "type": "Point", "coordinates": [ -84.5953829, 38.9773803 ] } },
{ "type": "Feature", "properties": { "name": null }, "geometry": { "type": "Point", "coordinates": [ -84.6573004, 39.0336355 ] } },
{ "type": "Feature", "properties": { "name": null }, "geometry": { "type": "Point", "coordinates": [ -84.649085, 39.0672912 ] } },
{ "type": "Feature", "properties": { "name": null }, "geometry": { "type": "Point", "coordinates": [ -84.647583, 39.065798 ] } },
{ "type": "Feature", "properties": { "name": null }, "geometry": { "type": "Point", "coordinates": [ -84.6488358, 39.0639971 ] } },
{ "type": "Feature", "properties": { "name": null }, "geometry": { "type": "Point", "coordinates": [ -84.6500023, 39.0657834 ] } },
{ "type": "Feature", "properties": { "name": null }, "geometry": { "type": "Point", "coordinates": [ -84.5097181, 39.0973461 ] } },
{ "type": "Feature", "properties": { "name": null }, "geometry": { "type": "Point", "coordinates": [ -84.5099576, 39.0973101 ] } },
{ "type": "Feature", "properties": { "name": null }, "geometry": { "type": "Point", "coordinates": [ -84.5129855, 39.0968746 ] } },
{ "type": "Feature", "properties": { "name": null }, "geometry": { "type": "Point", "coordinates": [ -84.5132149, 39.0968465 ] } },
{ "type": "Feature", "properties": { "name": null }, "geometry": { "type": "Point", "coordinates": [ -84.5117603, 39.0978579 ] } },
{ "type": "Feature", "properties": { "name": null }, "geometry": { "type": "Point", "coordinates": [ -84.511352, 39.0979244 ] } },
{ "type": "Feature", "properties": { "name": null }, "geometry": { "type": "Point", "coordinates": [ -84.5109325, 39.0979813 ] } },
{ "type": "Feature", "properties": { "name": null }, "geometry": { "type": "Point", "coordinates": [ -84.5114561, 39.0974071 ] } },
{ "type": "Feature", "properties": { "name": null }, "geometry": { "type": "Point", "coordinates": [ -84.4508541, 39.0297845 ] } },
{ "type": "Feature", "properties": { "name": null }, "geometry": { "type": "Point", "coordinates": [ -84.622207, 38.9879364 ] } },
{ "type": "Feature", "properties": { "name": null }, "geometry": { "type": "Point", "coordinates": [ -84.6210376, 38.9838917 ] } },
{ "type": "Feature", "properties": { "name": null }, "geometry": { "type": "Point", "coordinates": [ -84.6226632, 38.9897591 ] } },
{ "type": "Feature", "properties": { "name": null }, "geometry": { "type": "Point", "coordinates": [ -84.6236905, 38.9912559 ] } },
{ "type": "Feature", "properties": { "name": null }, "geometry": { "type": "Point", "coordinates": [ -84.6240258, 38.9924296 ] } },
{ "type": "Feature", "properties": { "name": null }, "geometry": { "type": "Point", "coordinates": [ -84.6259181, 38.9972681 ] } },
{ "type": "Feature", "properties": { "name": null }, "geometry": { "type": "Point", "coordinates": [ -84.6358979, 38.986383 ] } },
{ "type": "Feature", "properties": { "name": "Subway" }, "geometry": { "type": "Point", "coordinates": [ -84.6583729, 38.9780561 ] } },
{ "type": "Feature", "properties": { "name": null }, "geometry": { "type": "Point", "coordinates": [ -84.5098477, 39.0982044 ] } },
{ "type": "Feature", "properties": { "name": "Columbia Sussex" }, "geometry": { "type": "Point", "coordinates": [ -84.5513873, 39.0239928 ] } }
]
}
