{
"type": "FeatureCollection",
"name": "waterservice",
"crs": { "type": "name", "properties": { "name": "urn:ogc:def:crs:OGC:1.3:CRS84" } },
"features": [
{ "type": "Feature", "properties": { }, "geometry": { "type": "MultiPolygon", "coordinates": [ [ [ [ -84.349732188635315, 38.844943008037276 ], [ -84.348765433004544, 38.843434991275863 ], [ -84.347116223140972, 38.846777345134015 ], [ -84.344084694541124, 38.847103125970371 ], [ -84.342428268103873, 38.84505673992188 ], [ -84.342419694485443, 38.838374776675671 ], [ -84.340628025264351, 38.838160620903423 ], [ -84.3377352861623, 38.839025002455728 ], [ -84.334013398465416, 38.837949978236438 ], [ -84.330436536688879, 38.83515742199625 ], [ -84.33031291180157, 38.835077964238401 ], [ -84.352553617164972, 38.826148995690964 ], [ -84.352599691617726, 38.826295658498125 ], [ -84.353015642088209, 38.828127456114068 ], [ -84.353343176589476, 38.830848424980474 ], [ -84.354258656523541, 38.832729929475924 ], [ -84.356087279202569, 38.834805328368212 ], [ -84.365769838131001, 38.844155365202326 ], [ -84.36961018569805, 38.847789230346045 ], [ -84.366115362765782, 38.850743338262326 ], [ -84.362559184883779, 38.851613406776714 ], [ -84.358972305482538, 38.849353536935709 ], [ -84.35552615293183, 38.848925580620019 ], [ -84.352216788554529, 38.847742990380816 ], [ -84.349732188635315, 38.844943008037276 ] ] ], [ [ [ -84.278316574562382, 38.855927816214489 ], [ -84.292230947393165, 38.850351778370737 ], [ -84.290321283190664, 38.85328798794491 ], [ -84.288579095392791, 38.85504110072381 ], [ -84.28705965451465, 38.855680844907148 ], [ -84.285005376412556, 38.856070923759106 ], [ -84.286155135283636, 38.857911938669979 ], [ -84.286016623331022, 38.859875218346382 ], [ -84.281288134995123, 38.861838109921216 ], [ -84.277800628442165, 38.861948052813169 ], [ -84.277646818885032, 38.860095617534199 ], [ -84.282681571111127, 38.858347533505352 ], [ -84.282680878152902, 38.856820571035975 ], [ -84.278316574562382, 38.855927816214489 ] ] ], [ [ [ -84.249123506625466, 38.867618291802863 ], [ -84.254763556688843, 38.865360566463366 ], [ -84.256646582363601, 38.865977311204006 ], [ -84.259375157260052, 38.866418483994934 ], [ -84.260379111325932, 38.868921117779806 ], [ -84.260042407998782, 38.870826110828091 ], [ -84.258548045424149, 38.871751170340552 ], [ -84.254562749153408, 38.871994798268929 ], [ -84.252293035636512, 38.868779162906506 ], [ -84.249123506625466, 38.867618291802863 ] ] ] ] } },
{ "type": "Feature", "properties": { }, "geometry": { "type": "MultiPolygon", "coordinates": [ [ [ [ -84.39882594874976, 38.86599299640627 ], [ -84.395104056435429, 38.865194142185835 ], [ -84.393387326430982, 38.865630731732629 ], [ -84.393379498181375, 38.865629553992825 ], [ -84.393362993424077, 38.86562072092002 ], [ -84.393347859024345, 38.865624801987984 ], [ -84.393505016566564, 38.864373652301765 ], [ -84.392536391529362, 38.864280135960882 ], [ -84.391866847426655, 38.86333242970651 ], [ -84.390826829131839, 38.862634227967881 ], [ -84.385701168594252, 38.863104951995076 ], [ -84.383883217540301, 38.862294704662396 ], [ -84.37959641320721, 38.862552475811057 ], [ -84.377844892421336, 38.862614598873584 ], [ -84.3784413130887, 38.860618227640543 ], [ -84.378997285002143, 38.857160108084891 ], [ -84.376880776841944, 38.853577164271641 ], [ -84.369687182134555, 38.847814033514894 ], [ -84.369607516949074, 38.847791486893051 ], [ -84.36961018569805, 38.847789230346045 ], [ -84.365769838131001, 38.844155365202326 ], [ -84.356087279202569, 38.834805328368212 ], [ -84.354258656523541, 38.832729929475924 ], [ -84.353343176589476, 38.830848424980474 ], [ -84.353015642088209, 38.828127456114068 ], [ -84.352599691617726, 38.826295658498125 ], [ -84.352553617164972, 38.826148995690964 ], [ -84.366517153344887, 38.820539769490047 ], [ -84.367903751369866, 38.82465948797234 ], [ -84.368020763536549, 38.826907114094318 ], [ -84.371586910437117, 38.825995902694544 ], [ -84.374571771847357, 38.824695656891393 ], [ -84.376892698680948, 38.823266078270784 ], [ -84.379355773860752, 38.823270466707307 ], [ -84.381371326237385, 38.822548520832832 ], [ -84.382282482392242, 38.821574296160975 ], [ -84.384603250436797, 38.8202094593683 ], [ -84.385347961360409, 38.818910869528708 ], [ -84.385096602410329, 38.817158870480853 ], [ -84.385400284929929, 38.815412781981784 ], [ -84.387747916947987, 38.815079814243205 ], [ -84.390376995712685, 38.815343410758821 ], [ -84.392477254504186, 38.815984033584463 ], [ -84.394385347515311, 38.816176918046807 ], [ -84.395960840236413, 38.815850920580182 ], [ -84.397867374404427, 38.815070294519259 ], [ -84.399526303994222, 38.815068651392238 ], [ -84.400356617743142, 38.815586996586276 ], [ -84.400441485656458, 38.8167550577828 ], [ -84.399504725585814, 38.817541157413736 ], [ -84.39859207564065, 38.817412271941471 ], [ -84.396850662386527, 38.817738467386398 ], [ -84.395773137096398, 38.818258689007244 ], [ -84.394031488760092, 38.818455050705047 ], [ -84.392397881600232, 38.818320399425829 ], [ -84.3907385876891, 38.818127251409159 ], [ -84.389411002290842, 38.817868883451077 ], [ -84.388499706118779, 38.818648472722415 ], [ -84.388169433477159, 38.819687124400339 ], [ -84.388477364523624, 38.820861389553045 ], [ -84.388230033634997, 38.821899962984475 ], [ -84.387069529175434, 38.822485075999019 ], [ -84.385410802423522, 38.82274613357405 ], [ -84.384086549799434, 38.824888886660084 ], [ -84.383092331693874, 38.825798299800141 ], [ -84.380770110117368, 38.826254544768105 ], [ -84.37902857621151, 38.826710272897046 ], [ -84.375820606206219, 38.828134201617871 ], [ -84.372478499936236, 38.829700737307228 ], [ -84.370653861621292, 38.830156401273129 ], [ -84.369187534421243, 38.831319238784538 ], [ -84.368748584427834, 38.83255900175601 ], [ -84.369829526500695, 38.834505101805497 ], [ -84.372903625542719, 38.837877397989502 ], [ -84.375562286172524, 38.840600971722893 ], [ -84.379217071316504, 38.843453464467672 ], [ -84.382040072182406, 38.844684135821282 ], [ -84.384970920520175, 38.845324180142654 ], [ -84.388542028928356, 38.845016682299963 ], [ -84.391014231227601, 38.843548877564793 ], [ -84.393190313625027, 38.841090093819915 ], [ -84.395298305124527, 38.836026015830598 ], [ -84.398788599792908, 38.835704925698828 ], [ -84.401027692083616, 38.834601926409213 ], [ -84.404988422376476, 38.832591529844983 ], [ -84.412071976926086, 38.831039978162593 ], [ -84.417820242252347, 38.833276471231763 ], [ -84.418750640755192, 38.835038672799513 ], [ -84.421294325845167, 38.837230810495981 ], [ -84.421534048952807, 38.840604800227503 ], [ -84.417579347776268, 38.845807617703962 ], [ -84.416333962195381, 38.852095192850449 ], [ -84.416342293458939, 38.856563796020872 ], [ -84.416117184970076, 38.860941465212697 ], [ -84.415543139258688, 38.865866693789066 ], [ -84.414126998928069, 38.870890454139797 ], [ -84.409026155331532, 38.871744788583634 ], [ -84.404247390029198, 38.868653155069957 ], [ -84.40119246958524, 38.867030626363217 ], [ -84.39882594874976, 38.86599299640627 ] ] ] ] } },
{ "type": "Feature", "properties": { }, "geometry": { "type": "MultiPolygon", "coordinates": [ [ [ [ -84.640364980071624, 39.045403859434941 ], [ -84.640656321601426, 39.044515134609746 ], [ -84.640304051576422, 39.042605957681182 ], [ -84.639473260110563, 39.041264304394431 ], [ -84.643999234094565, 39.038839108357777 ], [ -84.644113867950537, 39.024528213963045 ], [ -84.653871535333906, 39.025474385468399 ], [ -84.671264207215089, 39.027522539080223 ], [ -84.678576747142685, 39.039321239653368 ], [ -84.681987701401411, 39.044430460166275 ], [ -84.696767653042102, 39.044827388645821 ], [ -84.69669214814401, 39.048216996595521 ], [ -84.686555011012814, 39.04900808052281 ], [ -84.686516101887221, 39.074390339015217 ], [ -84.676948183874288, 39.074048710084455 ], [ -84.67681797942285, 39.068400364189053 ], [ -84.668513479374482, 39.069183247755944 ], [ -84.661184891087174, 39.071694457525027 ], [ -84.654987649397441, 39.069305701733199 ], [ -84.650350066977339, 39.069321506765299 ], [ -84.648216571001257, 39.067897683566926 ], [ -84.645002605604688, 39.06323878162609 ], [ -84.64293591555203, 39.056316441321201 ], [ -84.643084589290623, 39.048181608888072 ], [ -84.640364980071624, 39.045403859434941 ] ] ] ] } },
{ "type": "Feature", "properties": { }, "geometry": { "type": "MultiPolygon", "coordinates": [ [ [ [ -84.6252513479904, 39.023678979295376 ], [ -84.621788893032047, 39.019177901921068 ], [ -84.625625597642312, 39.016772548968206 ], [ -84.625061987706658, 39.015728354739892 ], [ -84.62210054141309, 39.017556256568753 ], [ -84.620948506381879, 39.01671090785328 ], [ -84.616704887557361, 39.01875894938069 ], [ -84.615360233375569, 39.007740813871663 ], [ -84.617125202340873, 39.007133833488389 ], [ -84.616464125961571, 39.005913291469533 ], [ -84.617163773085409, 39.005527916414849 ], [ -84.614679147257775, 39.002163973594058 ], [ -84.613902505634528, 38.995806353969286 ], [ -84.613629150735989, 38.993568393166818 ], [ -84.613420718234707, 38.991861853618104 ], [ -84.612853669965915, 38.987228093618199 ], [ -84.621472786503176, 38.985755332795087 ], [ -84.626863838961867, 38.985778777898169 ], [ -84.633461956378312, 38.982397689423934 ], [ -84.638679209110691, 38.978594179021066 ], [ -84.637799362405971, 38.976557742573334 ], [ -84.637338107659019, 38.975408318123876 ], [ -84.636694745309526, 38.973536285755898 ], [ -84.636099744325051, 38.971061291950129 ], [ -84.635499030892163, 38.967512966189517 ], [ -84.63374787789337, 38.95227829878057 ], [ -84.633459452099956, 38.952298012887987 ], [ -84.633332829543178, 38.951096795758652 ], [ -84.634823112398053, 38.951016840434285 ], [ -84.635045029475364, 38.952048766242875 ], [ -84.634828939160897, 38.95210579800036 ], [ -84.637422412693169, 38.971180801904872 ], [ -84.643436518851757, 38.968560106378902 ], [ -84.64413026998848, 38.969713699347025 ], [ -84.646242020504573, 38.969087388333534 ], [ -84.647090584765323, 38.969538641685865 ], [ -84.646513014391701, 38.970283669392316 ], [ -84.651752715233087, 38.973575552303878 ], [ -84.652054636305863, 38.974018880374601 ], [ -84.652518161134822, 38.973811573762838 ], [ -84.651381055424636, 38.972384846778759 ], [ -84.654219144815769, 38.97107827753279 ], [ -84.654614199840381, 38.971612252691777 ], [ -84.656565588759122, 38.971258984550303 ], [ -84.655848582111176, 38.974105120570712 ], [ -84.656269280652864, 38.974136492061717 ], [ -84.656141230079385, 38.974863524857724 ], [ -84.656763595494965, 38.976392835603129 ], [ -84.654980348392456, 38.977150218042603 ], [ -84.655767942947904, 38.978224817371078 ], [ -84.656480686367118, 38.97797298077743 ], [ -84.657100979669394, 38.977736153358862 ], [ -84.657454716297039, 38.977528620852389 ], [ -84.656854892719579, 38.976918160372733 ], [ -84.657657916047981, 38.976351019944858 ], [ -84.658397539483929, 38.976741670998791 ], [ -84.658663650878381, 38.976370597545213 ], [ -84.658121086229883, 38.976115363861993 ], [ -84.65800116340715, 38.975711745109876 ], [ -84.658944607436837, 38.976130876954805 ], [ -84.659295409886354, 38.975762358524264 ], [ -84.657903306874545, 38.975050938289066 ], [ -84.658030705464952, 38.972626297100796 ], [ -84.660208211728175, 38.974932756284673 ], [ -84.66037163470186, 38.974711805946306 ], [ -84.660892873844006, 38.975352772039017 ], [ -84.662475644117038, 38.976485889457528 ], [ -84.663179533446538, 38.97615285334436 ], [ -84.664350022590583, 38.975138665715434 ], [ -84.665217405061384, 38.974603026993833 ], [ -84.66592891155463, 38.975592239263193 ], [ -84.666345999334069, 38.974488858552071 ], [ -84.666319496060908, 38.973974727561611 ], [ -84.666531332107596, 38.973992345196599 ], [ -84.665631021721353, 38.970232628692401 ], [ -84.664351262368939, 38.970949261895228 ], [ -84.663246432758314, 38.971944433474093 ], [ -84.662176383994421, 38.970846806916562 ], [ -84.661164683910627, 38.969401510319734 ], [ -84.662052492662085, 38.968333230989892 ], [ -84.660894586241255, 38.967419010147935 ], [ -84.659519294539251, 38.966644483829135 ], [ -84.658227512897099, 38.964714354338263 ], [ -84.657846629999057, 38.96350181365942 ], [ -84.657891135625789, 38.963230068784014 ], [ -84.657972211489167, 38.962616254603361 ], [ -84.657377878696948, 38.96116568324959 ], [ -84.661205138481009, 38.960407635101724 ], [ -84.660184494942939, 38.957564858388281 ], [ -84.658115871025984, 38.955555324824296 ], [ -84.656813561621348, 38.953810361029525 ], [ -84.655557905504565, 38.950795181785836 ], [ -84.656935086726463, 38.950790438600642 ], [ -84.65816769665301, 38.95087371165873 ], [ -84.658774613754048, 38.950839878544109 ], [ -84.65951893269731, 38.950602364203007 ], [ -84.66101101999827, 38.949954315346616 ], [ -84.663403689601694, 38.954187051740831 ], [ -84.663112484000635, 38.956104323514445 ], [ -84.665574285225347, 38.955617494108374 ], [ -84.665268814313109, 38.958376311196083 ], [ -84.669254311198046, 38.958572836333673 ], [ -84.670634735292822, 38.963923361439491 ], [ -84.671339225805326, 38.967236972062281 ], [ -84.672524033259066, 38.967211321295423 ], [ -84.673494981213025, 38.968109448709427 ], [ -84.67436337864909, 38.967049024475692 ], [ -84.676139699203446, 38.96745018344506 ], [ -84.67811817236695, 38.966648953457508 ], [ -84.678721436758778, 38.967678630635397 ], [ -84.681272331117952, 38.967826157593656 ], [ -84.680517564084951, 38.969849585684003 ], [ -84.684738103165031, 38.970316215159094 ], [ -84.681006072957473, 38.974101179679302 ], [ -84.683421050538811, 38.975735664738089 ], [ -84.681167586861022, 38.977222916611751 ], [ -84.680930923297709, 38.980109328717553 ], [ -84.678731174699905, 38.980337612520501 ], [ -84.678609764715802, 38.978906293872498 ], [ -84.678013901129376, 38.97835777959822 ], [ -84.675897414659232, 38.97834341069624 ], [ -84.675331228834963, 38.978037073912347 ], [ -84.674113050392322, 38.977226456286957 ], [ -84.674252577341022, 38.976961630444691 ], [ -84.673825810421377, 38.976368431943577 ], [ -84.672812706585631, 38.976834636049809 ], [ -84.672701261448722, 38.97707733264324 ], [ -84.672391644048815, 38.977210605746393 ], [ -84.67298810205088, 38.977869280999961 ], [ -84.672341547020849, 38.978290111442874 ], [ -84.67146433562111, 38.977874733376069 ], [ -84.670902558038705, 38.978317279101582 ], [ -84.671582633049383, 38.978799447467928 ], [ -84.671077799464513, 38.979329899925695 ], [ -84.670116569216759, 38.979024945492235 ], [ -84.669275286262817, 38.979931048807892 ], [ -84.670444610985541, 38.981740843937295 ], [ -84.667997079247414, 38.982244976295867 ], [ -84.668061140053325, 38.98246525979819 ], [ -84.667559905780479, 38.98263854395362 ], [ -84.667464315336616, 38.982393869482266 ], [ -84.66589396636715, 38.982546474742378 ], [ -84.663807916205428, 38.979760621200548 ], [ -84.661781598835574, 38.9802624310719 ], [ -84.661251174274298, 38.981935547528657 ], [ -84.662662172869446, 38.983711337471441 ], [ -84.662907306984337, 38.984477278249109 ], [ -84.66274586571096, 38.985130106334424 ], [ -84.663251168901809, 38.986690322635958 ], [ -84.667320424627633, 38.985885480374527 ], [ -84.668135997721919, 38.986267971479748 ], [ -84.668212420203915, 38.986702500135316 ], [ -84.671983502186805, 38.990787791662008 ], [ -84.672119300876517, 38.991135278467311 ], [ -84.673256027796612, 38.991096409184117 ], [ -84.679121513693502, 38.991492793400241 ], [ -84.679458920645743, 38.991996126204384 ], [ -84.678724392795544, 38.992190181538142 ], [ -84.677925881002466, 38.992871625560845 ], [ -84.677612532125906, 38.992663977878109 ], [ -84.677324789198778, 38.993012993258468 ], [ -84.676252748311683, 38.992686295302889 ], [ -84.676075330372655, 38.992843523461524 ], [ -84.675406222822048, 38.992793741250935 ], [ -84.675296095323148, 38.993020321015891 ], [ -84.670771664092001, 38.99322792259531 ], [ -84.667602178423635, 38.995498041005888 ], [ -84.668779587463874, 38.997652854143134 ], [ -84.666934081307076, 38.998758359617248 ], [ -84.666388386286741, 38.997683459627858 ], [ -84.664064647728082, 38.998552918205689 ], [ -84.664044394004151, 38.997518290711021 ], [ -84.665913024952658, 38.996774516557231 ], [ -84.665312299441965, 38.995398996211556 ], [ -84.664316487830774, 38.996039667156005 ], [ -84.663676374942526, 38.995768206473834 ], [ -84.662929011217031, 38.99268885182515 ], [ -84.66313585961322, 38.992554835628802 ], [ -84.662666111264357, 38.992152290908663 ], [ -84.663063065697671, 38.991889004378443 ], [ -84.663320945173169, 38.992104148757591 ], [ -84.663399377802392, 38.992005706814794 ], [ -84.66363957868333, 38.991349117315572 ], [ -84.663570253730057, 38.99129763283414 ], [ -84.663909134359756, 38.99038804435807 ], [ -84.664076821500998, 38.990008159938462 ], [ -84.664129865895674, 38.989667304939786 ], [ -84.65908643396628, 38.990568944304272 ], [ -84.658959910698044, 38.991342206283107 ], [ -84.663310356966406, 38.991445906771013 ], [ -84.662157748523057, 38.992199745960114 ], [ -84.65884135478845, 38.992610803701893 ], [ -84.658597921760702, 38.994447816007515 ], [ -84.661694359345475, 38.992583254325872 ], [ -84.661832288578324, 38.994108856801311 ], [ -84.661531963878119, 38.994312974721112 ], [ -84.661544414903787, 38.994603410782908 ], [ -84.66017268185216, 38.995339190497475 ], [ -84.661898756376658, 38.99598755449577 ], [ -84.661707424931308, 38.996205599396383 ], [ -84.66115264938928, 38.996553462791738 ], [ -84.660661106601168, 38.996853847681699 ], [ -84.660516104585867, 38.997409442786093 ], [ -84.660248465770735, 38.997835325485134 ], [ -84.660005784269842, 38.99816383295191 ], [ -84.658924048434045, 38.999275203562171 ], [ -84.658424932166881, 38.998847040777044 ], [ -84.657836789382642, 38.999043617650173 ], [ -84.657585188026388, 38.998637714339992 ], [ -84.656725887028742, 38.998976708107946 ], [ -84.656351908273862, 39.000976490802415 ], [ -84.654119514682577, 39.003000331989611 ], [ -84.655097779948321, 39.003651352897087 ], [ -84.655526116017313, 39.003243109536996 ], [ -84.656754111432846, 39.003964001153612 ], [ -84.657206106811103, 39.003732527221473 ], [ -84.657684173965862, 39.004102278815438 ], [ -84.657482194964288, 39.004456690216756 ], [ -84.657777943438674, 39.004650212699566 ], [ -84.65807168619655, 39.004490025601541 ], [ -84.658594087697708, 39.004682762298394 ], [ -84.657422220799873, 39.005871758213971 ], [ -84.658443775633316, 39.006151200143826 ], [ -84.658893163034563, 39.00545989987873 ], [ -84.659779027491709, 39.005792856944616 ], [ -84.659513693169657, 39.006961036994142 ], [ -84.656299025469139, 39.006030288477291 ], [ -84.655254152390867, 39.0055355059839 ], [ -84.653528882339927, 39.007216614627019 ], [ -84.653179550919845, 39.006963612515953 ], [ -84.651513937079415, 39.008405681947472 ], [ -84.652763190531473, 39.009627605826331 ], [ -84.651957117940157, 39.010220394988409 ], [ -84.653686600022127, 39.010538810022403 ], [ -84.655252421727994, 39.011701632967835 ], [ -84.655677934299092, 39.0123825551591 ], [ -84.654165056286487, 39.013332786470627 ], [ -84.651787127617766, 39.011813704105151 ], [ -84.649704517386041, 39.013092146979723 ], [ -84.648093216842966, 39.011659261071017 ], [ -84.646765351430616, 39.011727106233799 ], [ -84.644244275583787, 39.013209906838753 ], [ -84.64488819299882, 39.013761347630926 ], [ -84.644545844336051, 39.013941069935065 ], [ -84.645621533023586, 39.018080481035994 ], [ -84.639964974663854, 39.021813718084232 ], [ -84.636636594739059, 39.018749127599015 ], [ -84.635742545500463, 39.019636167667699 ], [ -84.635293142111493, 39.019637635053144 ], [ -84.633599491235401, 39.020816888623933 ], [ -84.632953141696262, 39.020529363274612 ], [ -84.632250042288774, 39.020592615802748 ], [ -84.630715223404266, 39.022259099879207 ], [ -84.629098148963408, 39.023163660119941 ], [ -84.62770382062142, 39.021841958802561 ], [ -84.6252513479904, 39.023678979295376 ] ] ] ] } },
{ "type": "Feature", "properties": { }, "geometry": { "type": "MultiPolygon", "coordinates": [ [ [ [ -84.745253529368668, 39.147465508868095 ], [ -84.744553529868611, 39.147065508556878 ], [ -84.744153529733396, 39.147465508449322 ], [ -84.732052525520288, 39.144465508312614 ], [ -84.726152523619234, 39.141965508005072 ], [ -84.723297522380378, 39.140125507737174 ], [ -84.718552521331475, 39.137066507968072 ], [ -84.714052519964895, 39.132666507390077 ], [ -84.713052519140035, 39.131266506814931 ], [ -84.712052518913382, 39.130366506391439 ], [ -84.702459515227076, 39.119540505230432 ], [ -84.701951515391414, 39.118966505365108 ], [ -84.696951513429212, 39.112666503688409 ], [ -84.69095151028327, 39.105966502965117 ], [ -84.690273510522346, 39.104949502478426 ], [ -84.689751509694233, 39.10416650302701 ], [ -84.687999509905907, 39.102566502193511 ], [ -84.687451509719182, 39.102066502774043 ], [ -84.684851508100223, 39.10046650188864 ], [ -84.67725150579794, 39.098267502258189 ], [ -84.673147505313807, 39.098156502695566 ], [ -84.666151502838105, 39.097967502686096 ], [ -84.6572504999817, 39.095467502074186 ], [ -84.650350496968343, 39.091667502412733 ], [ -84.637650492976775, 39.080867500792387 ], [ -84.635750491811407, 39.079567500328366 ], [ -84.634150491191846, 39.078367500114005 ], [ -84.632450491184457, 39.076767499979887 ], [ -84.62865048992245, 39.07606750041576 ], [ -84.623740488622246, 39.074368499655662 ], [ -84.623499685237249, 39.074339446072386 ], [ -84.623492715522929, 39.074282503455706 ], [ -84.622915696216708, 39.069567875157901 ], [ -84.621337461607979, 39.056666669085452 ], [ -84.621178895698847, 39.0553717932954 ], [ -84.620996150963393, 39.053879818696245 ], [ -84.620840832239494, 39.05145273985071 ], [ -84.625451288454272, 39.053965095725871 ], [ -84.640364980071624, 39.045403859434941 ], [ -84.643084589290623, 39.048181608888072 ], [ -84.64293591555203, 39.056316441321201 ], [ -84.645002605604688, 39.06323878162609 ], [ -84.648216571001257, 39.067897683566926 ], [ -84.650350066977339, 39.069321506765299 ], [ -84.654987649397441, 39.069305701733199 ], [ -84.661184891087174, 39.071694457525027 ], [ -84.668513479374482, 39.069183247755944 ], [ -84.67681797942285, 39.068400364189053 ], [ -84.676948183874288, 39.074048710084455 ], [ -84.686516101887221, 39.074390339015217 ], [ -84.686555011012814, 39.04900808052281 ], [ -84.69669214814401, 39.048216996595521 ], [ -84.696767653042102, 39.044827388645821 ], [ -84.681987701401411, 39.044430460166275 ], [ -84.678576747142685, 39.039321239653368 ], [ -84.671264207215089, 39.027522539080223 ], [ -84.653871535333906, 39.025474385468399 ], [ -84.644113867950537, 39.024528213963045 ], [ -84.643999234094565, 39.038839108357777 ], [ -84.639473260110563, 39.041264304394431 ], [ -84.635358850694061, 39.03774470171119 ], [ -84.627675585080439, 39.034780718122626 ], [ -84.619303349264968, 39.03024048799837 ], [ -84.617984236583425, 39.029234338793536 ], [ -84.619358203248566, 39.028075580984414 ], [ -84.61771884725097, 39.027061822618101 ], [ -84.616979407498732, 39.021007956056323 ], [ -84.616704887557361, 39.01875894938069 ], [ -84.620948506381879, 39.01671090785328 ], [ -84.62210054141309, 39.017556256568753 ], [ -84.625061987706658, 39.015728354739892 ], [ -84.625625597642312, 39.016772548968206 ], [ -84.621788893032047, 39.019177901921068 ], [ -84.6252513479904, 39.023678979295376 ], [ -84.62770382062142, 39.021841958802561 ], [ -84.629098148963408, 39.023163660119941 ], [ -84.630715223404266, 39.022259099879207 ], [ -84.632250042288774, 39.020592615802748 ], [ -84.632953141696262, 39.020529363274612 ], [ -84.633599491235401, 39.020816888623933 ], [ -84.635293142111493, 39.019637635053144 ], [ -84.635742545500463, 39.019636167667699 ], [ -84.636636594739059, 39.018749127599015 ], [ -84.639964974663854, 39.021813718084232 ], [ -84.645621533023586, 39.018080481035994 ], [ -84.644545844336051, 39.013941069935065 ], [ -84.64488819299882, 39.013761347630926 ], [ -84.644244275583787, 39.013209906838753 ], [ -84.646765351430616, 39.011727106233799 ], [ -84.648093216842966, 39.011659261071017 ], [ -84.649704517386041, 39.013092146979723 ], [ -84.651787127617766, 39.011813704105151 ], [ -84.654165056286487, 39.013332786470627 ], [ -84.655677934299092, 39.0123825551591 ], [ -84.655252421727994, 39.011701632967835 ], [ -84.653686600022127, 39.010538810022403 ], [ -84.651957117940157, 39.010220394988409 ], [ -84.652763190531473, 39.009627605826331 ], [ -84.651513937079415, 39.008405681947472 ], [ -84.653179550919845, 39.006963612515953 ], [ -84.653528882339927, 39.007216614627019 ], [ -84.655254152390867, 39.0055355059839 ], [ -84.656299025469139, 39.006030288477291 ], [ -84.659513693169657, 39.006961036994142 ], [ -84.659779027491709, 39.005792856944616 ], [ -84.658893163034563, 39.00545989987873 ], [ -84.658443775633316, 39.006151200143826 ], [ -84.657422220799873, 39.005871758213971 ], [ -84.658594087697708, 39.004682762298394 ], [ -84.65807168619655, 39.004490025601541 ], [ -84.657777943438674, 39.004650212699566 ], [ -84.657482194964288, 39.004456690216756 ], [ -84.657684173965862, 39.004102278815438 ], [ -84.657206106811103, 39.003732527221473 ], [ -84.656754111432846, 39.003964001153612 ], [ -84.655526116017313, 39.003243109536996 ], [ -84.655097779948321, 39.003651352897087 ], [ -84.654119514682577, 39.003000331989611 ], [ -84.656351908273862, 39.000976490802415 ], [ -84.656725887028742, 38.998976708107946 ], [ -84.657585188026388, 38.998637714339992 ], [ -84.657836789382642, 38.999043617650173 ], [ -84.658424932166881, 38.998847040777044 ], [ -84.658924048434045, 38.999275203562171 ], [ -84.660005784269842, 38.99816383295191 ], [ -84.660248465770735, 38.997835325485134 ], [ -84.660516104585867, 38.997409442786093 ], [ -84.660661106601168, 38.996853847681699 ], [ -84.66115264938928, 38.996553462791738 ], [ -84.661707424931308, 38.996205599396383 ], [ -84.661898756376658, 38.99598755449577 ], [ -84.66017268185216, 38.995339190497475 ], [ -84.661544414903787, 38.994603410782908 ], [ -84.661531963878119, 38.994312974721112 ], [ -84.661832288578324, 38.994108856801311 ], [ -84.661694359345475, 38.992583254325872 ], [ -84.658597921760702, 38.994447816007515 ], [ -84.65884135478845, 38.992610803701893 ], [ -84.662157748523057, 38.992199745960114 ], [ -84.663310356966406, 38.991445906771013 ], [ -84.658959910698044, 38.991342206283107 ], [ -84.65908643396628, 38.990568944304272 ], [ -84.664129865895674, 38.989667304939786 ], [ -84.664076821500998, 38.990008159938462 ], [ -84.663909134359756, 38.99038804435807 ], [ -84.663570253730057, 38.99129763283414 ], [ -84.66363957868333, 38.991349117315572 ], [ -84.663399377802392, 38.992005706814794 ], [ -84.663320945173169, 38.992104148757591 ], [ -84.663063065697671, 38.991889004378443 ], [ -84.662666111264357, 38.992152290908663 ], [ -84.66313585961322, 38.992554835628802 ], [ -84.662929011217031, 38.99268885182515 ], [ -84.663676374942526, 38.995768206473834 ], [ -84.664316487830774, 38.996039667156005 ], [ -84.665312299441965, 38.995398996211556 ], [ -84.665913024952658, 38.996774516557231 ], [ -84.664044394004151, 38.997518290711021 ], [ -84.664064647728082, 38.998552918205689 ], [ -84.666388386286741, 38.997683459627858 ], [ -84.666934081307076, 38.998758359617248 ], [ -84.668779587463874, 38.997652854143134 ], [ -84.667602178423635, 38.995498041005888 ], [ -84.670771664092001, 38.99322792259531 ], [ -84.675296095323148, 38.993020321015891 ], [ -84.675406222822048, 38.992793741250935 ], [ -84.676075330372655, 38.992843523461524 ], [ -84.676252748311683, 38.992686295302889 ], [ -84.677324789198778, 38.993012993258468 ], [ -84.677612532125906, 38.992663977878109 ], [ -84.677925881002466, 38.992871625560845 ], [ -84.678724392795544, 38.992190181538142 ], [ -84.679458920645743, 38.991996126204384 ], [ -84.679121513693502, 38.991492793400241 ], [ -84.673256027796612, 38.991096409184117 ], [ -84.672119300876517, 38.991135278467311 ], [ -84.671983502186805, 38.990787791662008 ], [ -84.668212420203915, 38.986702500135316 ], [ -84.668135997721919, 38.986267971479748 ], [ -84.667320424627633, 38.985885480374527 ], [ -84.663251168901809, 38.986690322635958 ], [ -84.66274586571096, 38.985130106334424 ], [ -84.662907306984337, 38.984477278249109 ], [ -84.662662172869446, 38.983711337471441 ], [ -84.661251174274298, 38.981935547528657 ], [ -84.661781598835574, 38.9802624310719 ], [ -84.663807916205428, 38.979760621200548 ], [ -84.66589396636715, 38.982546474742378 ], [ -84.667464315336616, 38.982393869482266 ], [ -84.667559905780479, 38.98263854395362 ], [ -84.668061140053325, 38.98246525979819 ], [ -84.667997079247414, 38.982244976295867 ], [ -84.670444610985541, 38.981740843937295 ], [ -84.669275286262817, 38.979931048807892 ], [ -84.670116569216759, 38.979024945492235 ], [ -84.671077799464513, 38.979329899925695 ], [ -84.671582633049383, 38.978799447467928 ], [ -84.670902558038705, 38.978317279101582 ], [ -84.67146433562111, 38.977874733376069 ], [ -84.672341547020849, 38.978290111442874 ], [ -84.67298810205088, 38.977869280999961 ], [ -84.672391644048815, 38.977210605746393 ], [ -84.672701261448722, 38.97707733264324 ], [ -84.672812706585631, 38.976834636049809 ], [ -84.673825810421377, 38.976368431943577 ], [ -84.674252577341022, 38.976961630444691 ], [ -84.674113050392322, 38.977226456286957 ], [ -84.675331228834963, 38.978037073912347 ], [ -84.675897414659232, 38.97834341069624 ], [ -84.678013901129376, 38.97835777959822 ], [ -84.678609764715802, 38.978906293872498 ], [ -84.678731174699905, 38.980337612520501 ], [ -84.680930923297709, 38.980109328717553 ], [ -84.681167586861022, 38.977222916611751 ], [ -84.683421050538811, 38.975735664738089 ], [ -84.681006072957473, 38.974101179679302 ], [ -84.684738103165031, 38.970316215159094 ], [ -84.680517564084951, 38.969849585684003 ], [ -84.681272331117952, 38.967826157593656 ], [ -84.678721436758778, 38.967678630635397 ], [ -84.67811817236695, 38.966648953457508 ], [ -84.676139699203446, 38.96745018344506 ], [ -84.67436337864909, 38.967049024475692 ], [ -84.673494981213025, 38.968109448709427 ], [ -84.672524033259066, 38.967211321295423 ], [ -84.671339225805326, 38.967236972062281 ], [ -84.670634735292822, 38.963923361439491 ], [ -84.669254311198046, 38.958572836333673 ], [ -84.665268814313109, 38.958376311196083 ], [ -84.665574285225347, 38.955617494108374 ], [ -84.663112484000635, 38.956104323514445 ], [ -84.663403689601694, 38.954187051740831 ], [ -84.66101101999827, 38.949954315346616 ], [ -84.65951893269731, 38.950602364203007 ], [ -84.658774613754048, 38.950839878544109 ], [ -84.65816769665301, 38.95087371165873 ], [ -84.656935086726463, 38.950790438600642 ], [ -84.655557905504565, 38.950795181785836 ], [ -84.656813561621348, 38.953810361029525 ], [ -84.658115871025984, 38.955555324824296 ], [ -84.660184494942939, 38.957564858388281 ], [ -84.661205138481009, 38.960407635101724 ], [ -84.657377878696948, 38.96116568324959 ], [ -84.657972211489167, 38.962616254603361 ], [ -84.657891135625789, 38.963230068784014 ], [ -84.657846629999057, 38.96350181365942 ], [ -84.658227512897099, 38.964714354338263 ], [ -84.659519294539251, 38.966644483829135 ], [ -84.660894586241255, 38.967419010147935 ], [ -84.662052492662085, 38.968333230989892 ], [ -84.661164683910627, 38.969401510319734 ], [ -84.662176383994421, 38.970846806916562 ], [ -84.663246432758314, 38.971944433474093 ], [ -84.664351262368939, 38.970949261895228 ], [ -84.665631021721353, 38.970232628692401 ], [ -84.666531332107596, 38.973992345196599 ], [ -84.666319496060908, 38.973974727561611 ], [ -84.666345999334069, 38.974488858552071 ], [ -84.66592891155463, 38.975592239263193 ], [ -84.665217405061384, 38.974603026993833 ], [ -84.664350022590583, 38.975138665715434 ], [ -84.663179533446538, 38.97615285334436 ], [ -84.662475644117038, 38.976485889457528 ], [ -84.660892873844006, 38.975352772039017 ], [ -84.66037163470186, 38.974711805946306 ], [ -84.660208211728175, 38.974932756284673 ], [ -84.658030705464952, 38.972626297100796 ], [ -84.657903306874545, 38.975050938289066 ], [ -84.659295409886354, 38.975762358524264 ], [ -84.658944607436837, 38.976130876954805 ], [ -84.65800116340715, 38.975711745109876 ], [ -84.658121086229883, 38.976115363861993 ], [ -84.658663650878381, 38.976370597545213 ], [ -84.658397539483929, 38.976741670998791 ], [ -84.657657916047981, 38.976351019944858 ], [ -84.656854892719579, 38.976918160372733 ], [ -84.657454716297039, 38.977528620852389 ], [ -84.657100979669394, 38.977736153358862 ], [ -84.656480686367118, 38.97797298077743 ], [ -84.655767942947904, 38.978224817371078 ], [ -84.654980348392456, 38.977150218042603 ], [ -84.656763595494965, 38.976392835603129 ], [ -84.656141230079385, 38.974863524857724 ], [ -84.656269280652864, 38.974136492061717 ], [ -84.655848582111176, 38.974105120570712 ], [ -84.656565588759122, 38.971258984550303 ], [ -84.654614199840381, 38.971612252691777 ], [ -84.654219144815769, 38.97107827753279 ], [ -84.651381055424636, 38.972384846778759 ], [ -84.652518161134822, 38.973811573762838 ], [ -84.652054636305863, 38.974018880374601 ], [ -84.651752715233087, 38.973575552303878 ], [ -84.646513014391701, 38.970283669392316 ], [ -84.647090584765323, 38.969538641685865 ], [ -84.646242020504573, 38.969087388333534 ], [ -84.64413026998848, 38.969713699347025 ], [ -84.643436518851757, 38.968560106378902 ], [ -84.637422412693169, 38.971180801904872 ], [ -84.634828939160897, 38.95210579800036 ], [ -84.635045029475364, 38.952048766242875 ], [ -84.634823112398053, 38.951016840434285 ], [ -84.633332829543178, 38.951096795758652 ], [ -84.633459452099956, 38.952298012887987 ], [ -84.63374787789337, 38.95227829878057 ], [ -84.635499030892163, 38.967512966189517 ], [ -84.636099744325051, 38.971061291950129 ], [ -84.635123137977189, 38.970484706413181 ], [ -84.633959280349714, 38.967990393818376 ], [ -84.632453228453898, 38.966438899994394 ], [ -84.632784888849272, 38.969456125405308 ], [ -84.629719794189995, 38.969872286761976 ], [ -84.627609759549188, 38.970186234380492 ], [ -84.622588678264407, 38.971203347967972 ], [ -84.617631268411998, 38.972817964395219 ], [ -84.616981739411486, 38.969692929774908 ], [ -84.616045413073522, 38.96759373721622 ], [ -84.613015851250069, 38.967537406896277 ], [ -84.611165046753513, 38.967407099734537 ], [ -84.610419525275859, 38.967332603667742 ], [ -84.609181585113006, 38.957241233351745 ], [ -84.606358658319692, 38.934224266518939 ], [ -84.604272961557257, 38.916907339756413 ], [ -84.603443831918355, 38.910020966536806 ], [ -84.601021206737684, 38.896572931055836 ], [ -84.600425020211972, 38.893262705849018 ], [ -84.599925381129722, 38.89048830229634 ], [ -84.600031169793894, 38.890488859225286 ], [ -84.603896314812545, 38.889798953012004 ], [ -84.605229252450911, 38.889487767838403 ], [ -84.607093783317396, 38.889310405427743 ], [ -84.609029721551579, 38.888426535318345 ], [ -84.610320321394568, 38.88783727017838 ], [ -84.611369951048488, 38.886716616081628 ], [ -84.61167055824663, 38.885571647897315 ], [ -84.611086959168162, 38.88458902562536 ], [ -84.609483699293122, 38.88390217868281 ], [ -84.609647111116928, 38.882544785975306 ], [ -84.60997347675081, 38.88155049198199 ], [ -84.61573158192887, 38.884847519123618 ], [ -84.617216930686524, 38.883267081635971 ], [ -84.621382781924012, 38.885863836861461 ], [ -84.622568299111705, 38.885118831138932 ], [ -84.612166484459848, 38.878841618072769 ], [ -84.611885519227513, 38.879774119078199 ], [ -84.610354393124737, 38.879468661898279 ], [ -84.610792453132049, 38.878268258594851 ], [ -84.61080059344637, 38.877318895453442 ], [ -84.611039496249887, 38.876368558550034 ], [ -84.613769274690767, 38.877012931184389 ], [ -84.615383743002383, 38.873474919430613 ], [ -84.619437903219463, 38.874229628324429 ], [ -84.623832919568258, 38.873946246007897 ], [ -84.623424123069299, 38.870018754740499 ], [ -84.626225227479196, 38.869856991265884 ], [ -84.624907746526901, 38.869259858164483 ], [ -84.624688237218521, 38.86892830158353 ], [ -84.624462468560495, 38.866658257054056 ], [ -84.628877087658225, 38.863962734793219 ], [ -84.628178288145804, 38.863073624551205 ], [ -84.624750620891618, 38.8634987366502 ], [ -84.624191250482141, 38.86377119929282 ], [ -84.623999890420578, 38.862100492697785 ], [ -84.624619309471711, 38.860033059448149 ], [ -84.624619689766789, 38.858645302508293 ], [ -84.626481135988996, 38.858430216180906 ], [ -84.62600961484182, 38.855603798179843 ], [ -84.629690176787818, 38.855505959281125 ], [ -84.629529319190851, 38.854551321158617 ], [ -84.62746969083048, 38.854593618953935 ], [ -84.625396702024304, 38.854215073238201 ], [ -84.627446777918777, 38.848910273868434 ], [ -84.634397722146417, 38.8504889323208 ], [ -84.64180124026943, 38.854524582671942 ], [ -84.650368670234371, 38.863518965576262 ], [ -84.661728050637791, 38.860457470101451 ], [ -84.67820739540619, 38.859217111688757 ], [ -84.692210664756644, 38.857554089334087 ], [ -84.697297089048277, 38.858071980905471 ], [ -84.712603118228472, 38.862646507058436 ], [ -84.724553240370057, 38.862169298278474 ], [ -84.746214098849762, 38.855312622312816 ], [ -84.778522815645417, 38.855923564460554 ], [ -84.778566518730528, 38.856440451489092 ], [ -84.778554518020414, 38.857273451220706 ], [ -84.778535518182494, 38.858682451901053 ], [ -84.779179518209176, 38.859255451968082 ], [ -84.779442518760291, 38.859369451538598 ], [ -84.779773518973172, 38.859401451596796 ], [ -84.779910518341481, 38.85941545218968 ], [ -84.780232519298821, 38.859367451317461 ], [ -84.780853519458859, 38.859102451254614 ], [ -84.781603519010631, 38.858706451492822 ], [ -84.783134519789286, 38.857641451360543 ], [ -84.783648519639954, 38.857116451205627 ], [ -84.783966519312628, 38.85666445116442 ], [ -84.784141520224779, 38.856350451289629 ], [ -84.784151520400542, 38.856213450622093 ], [ -84.784068519886475, 38.856084451193581 ], [ -84.783842520196629, 38.855987451320146 ], [ -84.782813519491967, 38.855641450989111 ], [ -84.782617519797, 38.855480450779361 ], [ -84.782494519435403, 38.855246450593349 ], [ -84.782524519533993, 38.855117450843686 ], [ -84.782617519063436, 38.855004450477381 ], [ -84.782905519525428, 38.854883450558432 ], [ -84.783172519493547, 38.854866450829491 ], [ -84.783841520064328, 38.854971450612922 ], [ -84.784334519313006, 38.855067450427995 ], [ -84.78452051997624, 38.855107450919341 ], [ -84.784633519842458, 38.855091451082927 ], [ -84.785517520247296, 38.855066450740026 ], [ -84.786186520368943, 38.855106450686883 ], [ -84.786679520796142, 38.855267450656797 ], [ -84.787338520456245, 38.855501450230236 ], [ -84.787595520916568, 38.855541450774432 ], [ -84.787904520545752, 38.855508450842322 ], [ -84.788767521145346, 38.855306451010314 ], [ -84.789158521189307, 38.855266450715426 ], [ -84.789292521489884, 38.855322450660232 ], [ -84.79508352325071, 38.857318450807043 ], [ -84.794889523672609, 38.857342450947527 ], [ -84.794118522595397, 38.857577450682896 ], [ -84.793718523228137, 38.857795450958925 ], [ -84.79345052221403, 38.858013450820607 ], [ -84.793163523211661, 38.858368450632589 ], [ -84.792968522423436, 38.858618450578611 ], [ -84.792763522068427, 38.858844451401154 ], [ -84.792085522831997, 38.859482451182899 ], [ -84.791006522688846, 38.860579451871416 ], [ -84.789979522441897, 38.861830452128657 ], [ -84.789302521919808, 38.862823451917563 ], [ -84.788306521539042, 38.864332451938282 ], [ -84.787608521393949, 38.865703452511156 ], [ -84.786706522006241, 38.867454453341878 ], [ -84.786090521077071, 38.868737453058372 ], [ -84.785803521741656, 38.869503453754433 ], [ -84.785649521708493, 38.87004445311895 ], [ -84.785496521617944, 38.870721453832189 ], [ -84.785322520980316, 38.871520453401814 ], [ -84.785046521021499, 38.872649454473219 ], [ -84.784831521837617, 38.873593454197341 ], [ -84.784678521320302, 38.874569454652914 ], [ -84.784624521499708, 38.875069454686567 ], [ -84.784583520891161, 38.875327454873471 ], [ -84.784706521546283, 38.876923455261689 ], [ -84.785023521780289, 38.879398455745545 ], [ -84.785115522131875, 38.879995455590851 ], [ -84.78523852247416, 38.880446455498912 ], [ -84.785413522434141, 38.8807764559566 ], [ -84.785886521752403, 38.881502455582265 ], [ -84.786410522799329, 38.882227456246206 ], [ -84.786986522787899, 38.882792456306881 ], [ -84.788147522549437, 38.88373545610844 ], [ -84.789525523315675, 38.884694455794595 ], [ -84.790646523956951, 38.885412455974596 ], [ -84.791428523976293, 38.885928456227113 ], [ -84.792230524490222, 38.886532456605813 ], [ -84.792651524516657, 38.886927456389216 ], [ -84.793021525013899, 38.887282456394573 ], [ -84.793268524816753, 38.887459456660928 ], [ -84.793536525496393, 38.887508456832023 ], [ -84.793885525565003, 38.887556456526482 ], [ -84.794297525162818, 38.887612456265856 ], [ -84.794616524946605, 38.887709456356937 ], [ -84.795109525160797, 38.887927456842846 ], [ -84.795901526124737, 38.888338456411866 ], [ -84.79695052619897, 38.889031456537857 ], [ -84.798050526429691, 38.889731457199247 ], [ -84.798997527338656, 38.890360457057476 ], [ -84.800251527102958, 38.891077456707002 ], [ -84.800827527047474, 38.891360456778884 ], [ -84.801050526937559, 38.891468457408152 ], [ -84.801609527471655, 38.891738456865291 ], [ -84.802380527678139, 38.892053456880674 ], [ -84.803183528581499, 38.892343457100537 ], [ -84.804263528680266, 38.892617457139728 ], [ -84.805682529169502, 38.892883457218495 ], [ -84.806125528955022, 38.893012457377289 ], [ -84.806454528663565, 38.893189457362318 ], [ -84.806670528926801, 38.893334457178426 ], [ -84.806865529639069, 38.893391456750088 ], [ -84.807524530007413, 38.893407457424978 ], [ -84.807987529633905, 38.893511457381855 ], [ -84.809181529507342, 38.893938456663349 ], [ -84.810785530536734, 38.894543457282339 ], [ -84.811361530802557, 38.894728457301163 ], [ -84.812051531053896, 38.894946457363694 ], [ -84.812750530660935, 38.895139456875256 ], [ -84.81400553113815, 38.895381457470108 ], [ -84.814591532327938, 38.895485457211272 ], [ -84.81474653215912, 38.89545345713541 ], [ -84.814653532333992, 38.895260456639917 ], [ -84.814478531213808, 38.895082457390075 ], [ -84.814478531552354, 38.894994457407009 ], [ -84.81458153168505, 38.894961457141733 ], [ -84.814921532175248, 38.894937457037891 ], [ -84.816238532303885, 38.895018456925015 ], [ -84.817575532486003, 38.895170457259177 ], [ -84.819077533288095, 38.895476456828511 ], [ -84.823037533918082, 38.896137456741442 ], [ -84.824694535116492, 38.896434457122339 ], [ -84.82795553584603, 38.896958457194152 ], [ -84.830002536937911, 38.897215456392104 ], [ -84.83047653641043, 38.897263457003369 ], [ -84.83076453645559, 38.897255456871726 ], [ -84.831124537033844, 38.897190456713915 ], [ -84.831463536793549, 38.897190456702504 ], [ -84.833644537127682, 38.897319456772721 ], [ -84.837461539011215, 38.897495456852134 ], [ -84.84038353951513, 38.897590456525236 ], [ -84.842852540595985, 38.897549456029239 ], [ -84.843767540697243, 38.89749245660677 ], [ -84.844601541208888, 38.897484456109019 ], [ -84.8465045410356, 38.897418456353464 ], [ -84.847296541267156, 38.897426456008311 ], [ -84.848181541567172, 38.897506455588001 ], [ -84.848603542562472, 38.897514456311534 ], [ -84.848798542671034, 38.897522455960406 ], [ -84.849817542467221, 38.897401456252538 ], [ -84.850640543188106, 38.897368455943308 ], [ -84.851648543355466, 38.897360455576674 ], [ -84.854950544472274, 38.897390455869491 ], [ -84.855300543554605, 38.897422455875819 ], [ -84.855784544699361, 38.89751945575437 ], [ -84.856226543824661, 38.897599455930639 ], [ -84.857327544841155, 38.897607455965691 ], [ -84.858664545311697, 38.897622455305061 ], [ -84.859487545645692, 38.897605455735643 ], [ -84.859828544899869, 38.897620455246532 ], [ -84.860062545391926, 38.897630455893896 ], [ -84.860763545930737, 38.897661455643167 ], [ -84.862276546064422, 38.897781455408676 ], [ -84.863747547055482, 38.898022455344353 ], [ -84.865630547663727, 38.898553454973111 ], [ -84.867009547175783, 38.898899455662111 ], [ -84.867782547302113, 38.899140455738255 ], [ -84.868409548448184, 38.899414455400652 ], [ -84.869510548726439, 38.899986455924186 ], [ -84.870128548395485, 38.900396455385071 ], [ -84.870674549321066, 38.900912455453941 ], [ -84.871240548855198, 38.901532456165292 ], [ -84.871827548981301, 38.902241455962191 ], [ -84.872187549893951, 38.90278145579812 ], [ -84.872527549367106, 38.903410455641364 ], [ -84.87278554958209, 38.904079456155756 ], [ -84.873094549836566, 38.904658455859646 ], [ -84.873341550447719, 38.904948456711502 ], [ -84.873681549812076, 38.905181456657076 ], [ -84.87410355052566, 38.905487456219277 ], [ -84.874371549835644, 38.905794456546097 ], [ -84.874515550591696, 38.906124456257139 ], [ -84.87466955001868, 38.906487456509666 ], [ -84.874783550084885, 38.906664456784206 ], [ -84.874953550853476, 38.906715456267079 ], [ -84.875151551037732, 38.906973456493347 ], [ -84.875439551132786, 38.907288456498542 ], [ -84.875655550815566, 38.907441456469833 ], [ -84.87580955110144, 38.907530456880259 ], [ -84.876015550555834, 38.907813456796248 ], [ -84.876632551697185, 38.908531457241814 ], [ -84.877033551235712, 38.909023456887859 ], [ -84.877249551444649, 38.909467456775189 ], [ -84.877310550988327, 38.909653457319401 ], [ -84.877321551113155, 38.909806456711451 ], [ -84.877290551789912, 38.909999456994953 ], [ -84.877279551720306, 38.9101694574641 ], [ -84.877361551936858, 38.910435456795774 ], [ -84.877536552165637, 38.91079845739096 ], [ -84.877896551388872, 38.911347456924759 ], [ -84.878307551711984, 38.911992457413305 ], [ -84.878585552254265, 38.912581457386125 ], [ -84.878739552012092, 38.912969457559882 ], [ -84.878821552174031, 38.913412458081169 ], [ -84.878841551829098, 38.914138457361091 ], [ -84.878820552050115, 38.914622458257938 ], [ -84.87881055284771, 38.915033457705739 ], [ -84.878892552275119, 38.915300458247259 ], [ -84.879046552539393, 38.915614458389129 ], [ -84.87922155232269, 38.91592145768977 ], [ -84.879272552006597, 38.916123458323568 ], [ -84.878880552716595, 38.917227458572391 ], [ -84.878737552000061, 38.917608458256915 ], [ -84.878653552599886, 38.917832458880625 ], [ -84.878272551926131, 38.919082458649761 ], [ -84.87797255289469, 38.919929459190698 ], [ -84.877766552083216, 38.920364458901211 ], [ -84.87761255227916, 38.920614459431611 ], [ -84.877385552190205, 38.921033459074607 ], [ -84.877003551987826, 38.921565459208438 ], [ -84.87679755198937, 38.921823459557288 ], [ -84.876293551687311, 38.922331459447051 ], [ -84.876076552055338, 38.922533459221363 ], [ -84.875808551954165, 38.922992459447642 ], [ -84.8754685515501, 38.923435459651166 ], [ -84.875221551751494, 38.923726459638374 ], [ -84.874953551870675, 38.9240084595532 ], [ -84.874527552090512, 38.924600460370833 ], [ -84.874219551230055, 38.924995460298248 ], [ -84.873952551399697, 38.92528645971673 ], [ -84.873427551884646, 38.925761460025726 ], [ -84.873118551359568, 38.926124460786419 ], [ -84.872851551593442, 38.92656046048323 ], [ -84.872574551740712, 38.926979460819076 ], [ -84.872337551448581, 38.927245460726063 ], [ -84.872028550780755, 38.927552460302167 ], [ -84.871638551054275, 38.928189460828143 ], [ -84.871267550667994, 38.928665461271343 ], [ -84.870763550470528, 38.929238461081091 ], [ -84.870229550492539, 38.929738461480142 ], [ -84.869303550617033, 38.930536461430648 ], [ -84.868922550622827, 38.930891461816991 ], [ -84.868274550961686, 38.931343461516917 ], [ -84.867770549976569, 38.931867461740993 ], [ -84.867194550605674, 38.932585462187269 ], [ -84.866731550161276, 38.93309346178286 ], [ -84.866237550429432, 38.93357746171214 ], [ -84.865620550304257, 38.934142462013561 ], [ -84.864735549347273, 38.934900462157998 ], [ -84.8636655497845, 38.935723462170344 ], [ -84.862461549079882, 38.936586463059761 ], [ -84.861607548362699, 38.93709446277947 ], [ -84.86042354874391, 38.937764462763042 ], [ -84.859374548460181, 38.938490463511442 ], [ -84.8582425479389, 38.939257463264326 ], [ -84.857264547776268, 38.939983464020862 ], [ -84.856359547197087, 38.940612464076537 ], [ -84.855895546990766, 38.941031464179126 ], [ -84.855474547803922, 38.941563464090869 ], [ -84.855237547087853, 38.941781464356033 ], [ -84.854818547666824, 38.942098463971291 ], [ -84.854630546825277, 38.942241464499126 ], [ -84.853776546921011, 38.942967464279498 ], [ -84.852942547225851, 38.943789464226093 ], [ -84.852777547198031, 38.943951464611928 ], [ -84.852201546904681, 38.944612464980935 ], [ -84.851707546864716, 38.945257464595059 ], [ -84.8511935462937, 38.945862465443248 ], [ -84.850688546531728, 38.946693465299106 ], [ -84.850271546477629, 38.947224465592669 ], [ -84.850092545859397, 38.947451465074579 ], [ -84.84957654629973, 38.9480804659227 ], [ -84.849226546087067, 38.94837846530892 ], [ -84.848989545613904, 38.948555465712943 ], [ -84.847836545525126, 38.949088465487158 ], [ -84.8465395453307, 38.949685466399814 ], [ -84.845788545407018, 38.950048466039867 ], [ -84.844831545247274, 38.950580466486059 ], [ -84.843389544075649, 38.951435466238394 ], [ -84.84274154410484, 38.951847466690815 ], [ -84.841516544595549, 38.952871467173637 ], [ -84.841394544052875, 38.953009466702966 ], [ -84.840960543868036, 38.9535004671095 ], [ -84.840435543639629, 38.954290467193481 ], [ -84.840188544258297, 38.954524467080432 ], [ -84.839128543818873, 38.955129466993597 ], [ -84.838252543385352, 38.955653467435923 ], [ -84.837439542684876, 38.956250467379618 ], [ -84.836821543356223, 38.956726467913214 ], [ -84.836059542197688, 38.957266468222308 ], [ -84.835164543003245, 38.957968468502102 ], [ -84.834196542881571, 38.958927468702647 ], [ -84.833475542401303, 38.959838468651441 ], [ -84.833376541775081, 38.960019468810472 ], [ -84.833033542302246, 38.960645468800529 ], [ -84.832810541927131, 38.961089469011391 ], [ -84.832621542521267, 38.961467468532852 ], [ -84.831962542113047, 38.963007469670792 ], [ -84.83149854225563, 38.964458469227786 ], [ -84.831159541656532, 38.965764469578446 ], [ -84.831076541693946, 38.966288470365065 ], [ -84.830963541504943, 38.966522469725092 ], [ -84.830664541621687, 38.96703046969867 ], [ -84.830438542296747, 38.967529470130799 ], [ -84.830325541724733, 38.96829547020954 ], [ -84.830150541526052, 38.968698470484846 ], [ -84.829964541961075, 38.969061470535337 ], [ -84.829861541569599, 38.969392470475213 ], [ -84.8300055419313, 38.970085470472156 ], [ -84.83005754219144, 38.971246471365284 ], [ -84.830057542158414, 38.972414470825321 ], [ -84.830160542117113, 38.973220471096482 ], [ -84.83028454239934, 38.973833471267653 ], [ -84.830412542086663, 38.974239471066326 ], [ -84.830623542454163, 38.97490547162694 ], [ -84.831046542499394, 38.97617047143747 ], [ -84.831314542207096, 38.976630472312692 ], [ -84.831973542556867, 38.978105472440454 ], [ -84.832653543247687, 38.979724472871524 ], [ -84.833477544067776, 38.981529472497051 ], [ -84.833817543376284, 38.98208547258735 ], [ -84.834352543715383, 38.983036472675586 ], [ -84.834808543831286, 38.98383247292162 ], [ -84.835424544615933, 38.984906473200802 ], [ -84.836588544878765, 38.98705847380014 ], [ -84.837124545101318, 38.988066473529386 ], [ -84.837711545675987, 38.988880474176206 ], [ -84.83850454602991, 38.989871474561951 ], [ -84.839153546439832, 38.990596474654389 ], [ -84.839834546128643, 38.991297474397456 ], [ -84.840906546415269, 38.992208474794289 ], [ -84.843286547805604, 38.994149474960587 ], [ -84.845367547996474, 38.99578547531906 ], [ -84.846222548173131, 38.996502474766956 ], [ -84.84709854946648, 38.997316475017293 ], [ -84.847789549509358, 38.998097475687253 ], [ -84.848015549616733, 38.998452475396057 ], [ -84.848057549404032, 38.998702475073927 ], [ -84.848067549195932, 38.998968475454603 ], [ -84.848119549254221, 38.999306475714917 ], [ -84.848315549308111, 38.999645475587776 ], [ -84.848469549168755, 38.999903475563336 ], [ -84.848541550133476, 39.000066475905015 ], [ -84.849449550400209, 39.000930476109701 ], [ -84.849441550240414, 39.001183475540827 ], [ -84.849810549919027, 39.002114475579113 ], [ -84.850358550964074, 39.003257476218316 ], [ -84.850969551088937, 39.004053476635072 ], [ -84.851684551460622, 39.004795476485342 ], [ -84.852797551311866, 39.006202476571474 ], [ -84.853948551459396, 39.007768476543447 ], [ -84.855271552048094, 39.009173477019118 ], [ -84.856130552283418, 39.010127477590068 ], [ -84.856963552739572, 39.011535477670492 ], [ -84.857305552785206, 39.011919477150208 ], [ -84.859254553305462, 39.014108478150568 ], [ -84.86166655454177, 39.016638478044214 ], [ -84.86220355445856, 39.017261478495428 ], [ -84.863239555835094, 39.018308478580948 ], [ -84.864575555784882, 39.019844478284931 ], [ -84.864635556453166, 39.019913478635566 ], [ -84.865439556300089, 39.020734478591152 ], [ -84.866065556537166, 39.021410479266883 ], [ -84.866779556147762, 39.022113479084219 ], [ -84.867266556841244, 39.022829478799977 ], [ -84.867885556938688, 39.023146478882879 ], [ -84.868705557201437, 39.023954479428866 ], [ -84.869333557226341, 39.024696479301639 ], [ -84.870172557795883, 39.025558479806982 ], [ -84.870920557918154, 39.026233479966443 ], [ -84.871558558900773, 39.026682479509191 ], [ -84.871915558650215, 39.027000479551027 ], [ -84.872446558828628, 39.027357479604312 ], [ -84.872981559278699, 39.02786048025736 ], [ -84.87354655908824, 39.028150479476636 ], [ -84.87414555883521, 39.028386479916591 ], [ -84.877585560563645, 39.030778480196751 ], [ -84.87786956010703, 39.031003480307547 ], [ -84.878383560309672, 39.031222480094925 ], [ -84.878593560669316, 39.031358480386764 ], [ -84.879050560470887, 39.031462480563299 ], [ -84.880097560916184, 39.032256480503939 ], [ -84.881127561424179, 39.033036480003076 ], [ -84.882860562004552, 39.034038480619955 ], [ -84.883435562108545, 39.034781480872375 ], [ -84.88450356324384, 39.035735480405563 ], [ -84.885700563478068, 39.036954480950364 ], [ -84.886864564430624, 39.03828048140052 ], [ -84.887120563607681, 39.03861548088382 ], [ -84.887588564337548, 39.039127480974344 ], [ -84.887919564834604, 39.039409481677652 ], [ -84.888029563771568, 39.039567481543209 ], [ -84.8885695640721, 39.040311481805503 ], [ -84.88906956501846, 39.040827481535338 ], [ -84.889414565085332, 39.041439481241589 ], [ -84.889744565357901, 39.042148481367761 ], [ -84.88990456458933, 39.04240748227005 ], [ -84.890302565162983, 39.04307148219597 ], [ -84.890880565170193, 39.043961482402999 ], [ -84.891426565522664, 39.044984482207425 ], [ -84.891981565870282, 39.045634482758572 ], [ -84.892607566740026, 39.046297482613674 ], [ -84.8928405663098, 39.046602482076743 ], [ -84.892746566003495, 39.047123482232571 ], [ -84.893002566573585, 39.047654482958478 ], [ -84.893600566468422, 39.048597482408738 ], [ -84.894285567444371, 39.049579483361747 ], [ -84.89492956670577, 39.050322482759078 ], [ -84.895996568095256, 39.051208482879659 ], [ -84.896569567649777, 39.051844483341199 ], [ -84.897175567996115, 39.052414483078529 ], [ -84.897288567859746, 39.052826483626305 ], [ -84.897400568385237, 39.053132483400361 ], [ -84.897460568149199, 39.0534784833117 ], [ -84.89750756782351, 39.054051483397494 ], [ -84.897515568137038, 39.054271483875574 ], [ -84.89754956826188, 39.055224484350859 ], [ -84.897570568729975, 39.056197484525896 ], [ -84.897480568269899, 39.056931483869612 ], [ -84.897453568263003, 39.057044484597654 ], [ -84.897368568664263, 39.057385484033141 ], [ -84.897289568236076, 39.057462484630065 ], [ -84.897163568369862, 39.057586484782981 ], [ -84.896877568271933, 39.057863484841519 ], [ -84.896803568260495, 39.057935484534084 ], [ -84.896634568806661, 39.058082484803634 ], [ -84.896494567940309, 39.058204484555155 ], [ -84.896262568554391, 39.058765484633597 ], [ -84.896087567781322, 39.059593484450687 ], [ -84.895903567774823, 39.059981484906757 ], [ -84.895208568281646, 39.060971485378104 ], [ -84.893877567936485, 39.062473485492639 ], [ -84.891902567748076, 39.064072485822244 ], [ -84.89051256698707, 39.06521348630821 ], [ -84.889807566465777, 39.065764486656583 ], [ -84.888877566134596, 39.06638348635628 ], [ -84.887494566764204, 39.067058486218727 ], [ -84.886193565973443, 39.067638486741217 ], [ -84.885641565401158, 39.067884486749456 ], [ -84.884552565402231, 39.06837048657831 ], [ -84.879182564261853, 39.070589487428229 ], [ -84.873503562354131, 39.072944488841976 ], [ -84.872398561682999, 39.073564488299965 ], [ -84.872197561821238, 39.073889488404212 ], [ -84.871347562370389, 39.073879488576516 ], [ -84.870959561977287, 39.074064488685551 ], [ -84.870412562042119, 39.074301488775326 ], [ -84.86953156174151, 39.074576488474641 ], [ -84.869303561626324, 39.074587488545241 ], [ -84.868934561597769, 39.074678488991211 ], [ -84.868510560961923, 39.07487748909454 ], [ -84.866481560960963, 39.075720488891633 ], [ -84.864099559446387, 39.07669648962181 ], [ -84.862458559596476, 39.077395490050471 ], [ -84.861399559608117, 39.077817489432555 ], [ -84.860693559566357, 39.078147489610195 ], [ -84.860108559013653, 39.0785194904809 ], [ -84.859344558224649, 39.079119490094712 ], [ -84.858508558892424, 39.079840490367936 ], [ -84.857954558338264, 39.080442490434237 ], [ -84.85763055887324, 39.080898490204291 ], [ -84.857414558051261, 39.081206490407993 ], [ -84.857075558819773, 39.081527490505962 ], [ -84.856771558021208, 39.081875490456383 ], [ -84.856450558527257, 39.082169491293691 ], [ -84.855575557544455, 39.083119490984238 ], [ -84.855288557464348, 39.083453491031307 ], [ -84.855057557503514, 39.083667491187406 ], [ -84.854755558086623, 39.083880491365647 ], [ -84.854277557971827, 39.08418649122423 ], [ -84.853814558039716, 39.084586491813042 ], [ -84.853172556971941, 39.085201491392169 ], [ -84.852284556808385, 39.085894491664568 ], [ -84.851908556949013, 39.086323492362048 ], [ -84.851622556810014, 39.086617492112616 ], [ -84.851071557112917, 39.087057491789317 ], [ -84.850325556227091, 39.087644492180559 ], [ -84.849578556197315, 39.088271491990618 ], [ -84.848744556413635, 39.088870492405441 ], [ -84.848124556276105, 39.089242492863768 ], [ -84.847434556325879, 39.089613492716083 ], [ -84.846851555318878, 39.089891493095095 ], [ -84.846338555168828, 39.090196492585427 ], [ -84.846000555924704, 39.090449492827737 ], [ -84.84560855526658, 39.090810493447179 ], [ -84.845057555433272, 39.09126449342147 ], [ -84.844717555433093, 39.091679493640832 ], [ -84.844289555188951, 39.092093493200657 ], [ -84.843596554999735, 39.092613493400208 ], [ -84.839821554263679, 39.095086494284807 ], [ -84.839519554384168, 39.095299493816356 ], [ -84.839251554565195, 39.09558049430651 ], [ -84.839055553485949, 39.095767494244676 ], [ -84.838554554355582, 39.096356494861212 ], [ -84.838358553972185, 39.096543494468534 ], [ -84.838074554270761, 39.096730494722323 ], [ -84.83775655350891, 39.096888494987574 ], [ -84.837436553404984, 39.097128494961652 ], [ -84.837133553378763, 39.097332494554706 ], [ -84.836762553237378, 39.097581495031967 ], [ -84.836107553695371, 39.09800649504345 ], [ -84.835664553434398, 39.098258494500179 ], [ -84.835513553675909, 39.098365495093361 ], [ -84.835309552930511, 39.098511495044278 ], [ -84.834687552511596, 39.099018495173979 ], [ -84.834295553140208, 39.099392495091983 ], [ -84.834010552626253, 39.099632495300241 ], [ -84.833443552610078, 39.100018495536411 ], [ -84.833175552666106, 39.100286495346133 ], [ -84.833012552923151, 39.100554495510714 ], [ -84.832833552210488, 39.10076849556598 ], [ -84.832620551874626, 39.100942495458177 ], [ -84.832284552755183, 39.101114495920136 ], [ -84.831929551933172, 39.101380495552661 ], [ -84.831201552245872, 39.101927495624899 ], [ -84.830759552305082, 39.102152496262683 ], [ -84.829788551928857, 39.102561496158465 ], [ -84.82774055077077, 39.103472496516112 ], [ -84.826468550848205, 39.104080496806141 ], [ -84.826250550941921, 39.10417749647381 ], [ -84.820161549072935, 39.105487497415716 ], [ -84.816824548568064, 39.105828496865087 ], [ -84.815439547496652, 39.105998497702593 ], [ -84.813771547510328, 39.106499497415683 ], [ -84.812742546890462, 39.106887497194961 ], [ -84.812245546400831, 39.107109497307128 ], [ -84.811855546384265, 39.107605497745098 ], [ -84.811360546901156, 39.108570497891627 ], [ -84.810757546436022, 39.109149498445056 ], [ -84.810012546646661, 39.10937249832778 ], [ -84.808098545717328, 39.109756498622687 ], [ -84.807545545759893, 39.109867498196898 ], [ -84.804438544543871, 39.110490498271645 ], [ -84.793824541464986, 39.112946500062371 ], [ -84.79212154128696, 39.11344749938408 ], [ -84.79087854066843, 39.113863499604271 ], [ -84.789636540200718, 39.114363500415813 ], [ -84.788501539881167, 39.114861500052371 ], [ -84.787684540132716, 39.115304500507854 ], [ -84.786052539396664, 39.116547500476514 ], [ -84.783995539433192, 39.118067501218071 ], [ -84.783216538704565, 39.119060501432052 ], [ -84.782189538985222, 39.120659501455528 ], [ -84.778715538359037, 39.124411502587343 ], [ -84.775853537182797, 39.127765502894455 ], [ -84.775349537643919, 39.128413503053757 ], [ -84.77165353703262, 39.133165504933636 ], [ -84.766753535110652, 39.138565506084909 ], [ -84.758953533231704, 39.14396550739982 ], [ -84.754453532872219, 39.146665508242791 ], [ -84.750753531369838, 39.147365508142528 ], [ -84.745253529368668, 39.147465508868095 ] ] ], [ [ [ -84.598890232955966, 38.884742143504937 ], [ -84.597936012295477, 38.87944167133768 ], [ -84.598932463728858, 38.875071785292221 ], [ -84.599864465935511, 38.871224461715947 ], [ -84.600329753011806, 38.8691317574945 ], [ -84.602024609471059, 38.868070975394872 ], [ -84.604532525642639, 38.866473860982957 ], [ -84.604691994147259, 38.866582667876919 ], [ -84.604312403684247, 38.867521410720684 ], [ -84.603700448969505, 38.867667960906687 ], [ -84.605043063355609, 38.871550511966717 ], [ -84.607471222875432, 38.873916397500139 ], [ -84.608985683067004, 38.872902136972726 ], [ -84.610587472347603, 38.873185987115662 ], [ -84.60807279967338, 38.882511971420541 ], [ -84.605194557081248, 38.883625082513916 ], [ -84.601448546913502, 38.883396861592175 ], [ -84.599083063741148, 38.884652276945431 ], [ -84.598890232955966, 38.884742143504937 ] ] ] ] } },
{ "type": "Feature", "properties": { }, "geometry": { "type": "MultiPolygon", "coordinates": [ [ [ [ -84.650368670234371, 38.863518965576262 ], [ -84.64180124026943, 38.854524582671942 ], [ -84.634397722146417, 38.8504889323208 ], [ -84.634613798802121, 38.848971135910624 ], [ -84.634060373939448, 38.848882409288578 ], [ -84.632227688366584, 38.848929317761673 ], [ -84.631872746783827, 38.848774334311649 ], [ -84.631286289012976, 38.84893875493168 ], [ -84.630120517322823, 38.848618967090736 ], [ -84.629877763056896, 38.848167185999436 ], [ -84.628781646128772, 38.847929235815975 ], [ -84.628540015733478, 38.848019345251316 ], [ -84.628372283965177, 38.847094471696892 ], [ -84.627674698120529, 38.847215278520643 ], [ -84.626759560002455, 38.84766435094356 ], [ -84.6259362823873, 38.848563264000518 ], [ -84.623483843031551, 38.85520525894843 ], [ -84.622917874870538, 38.855266214258215 ], [ -84.622724313754986, 38.853527200372767 ], [ -84.621450921316452, 38.853623093817099 ], [ -84.621534604998701, 38.854374682300602 ], [ -84.62034938882509, 38.854598650493855 ], [ -84.616366576415402, 38.856048303714068 ], [ -84.616534209003916, 38.857631825837878 ], [ -84.612626535203432, 38.858491400207029 ], [ -84.611322923697202, 38.856310366173801 ], [ -84.612242444808302, 38.853072689284332 ], [ -84.606924729854242, 38.855243976125095 ], [ -84.606081049278075, 38.854884833012008 ], [ -84.604773663031722, 38.855446196036745 ], [ -84.603776570761909, 38.854193512017979 ], [ -84.603825310863556, 38.85398090941603 ], [ -84.603969952684423, 38.853349975791353 ], [ -84.608067714300731, 38.835470762236945 ], [ -84.609232723795998, 38.830386418068862 ], [ -84.600530106433524, 38.827856964148978 ], [ -84.599842605631636, 38.826602755948613 ], [ -84.589486441294028, 38.81985790153761 ], [ -84.586402341938907, 38.826774666739439 ], [ -84.5843321577008, 38.828607994415442 ], [ -84.581733948622002, 38.828412166614321 ], [ -84.578620944791524, 38.829233594752004 ], [ -84.569607800086359, 38.83175273561141 ], [ -84.564233050162713, 38.835591177770681 ], [ -84.557537607380212, 38.840612180993674 ], [ -84.553823912325683, 38.843112758927319 ], [ -84.547152102726145, 38.843129781413658 ], [ -84.539077099954355, 38.835108824886426 ], [ -84.537469380077198, 38.833252322388098 ], [ -84.536163389406809, 38.831426945284811 ], [ -84.536024644947304, 38.829192381321853 ], [ -84.534571664024767, 38.822999116527718 ], [ -84.533396587073369, 38.821376564943847 ], [ -84.524889077951002, 38.807828996424803 ], [ -84.525373690955291, 38.806940612524897 ], [ -84.525183714252464, 38.806017046172506 ], [ -84.524435353977395, 38.805579975668309 ], [ -84.522882712671887, 38.805633347044662 ], [ -84.522745873114559, 38.805868244288874 ], [ -84.50893732416948, 38.800410281871677 ], [ -84.509116236737285, 38.799627723580372 ], [ -84.508315926458451, 38.799245641255531 ], [ -84.507010042499616, 38.799005340117034 ], [ -84.505955852695436, 38.799639854461205 ], [ -84.505886811995339, 38.799862524639394 ], [ -84.502537587738814, 38.799744536794066 ], [ -84.50056769581802, 38.795845349145225 ], [ -84.504556597643841, 38.79535539483323 ], [ -84.514410816302188, 38.794144485415508 ], [ -84.531948920251324, 38.79198703055085 ], [ -84.547265027898888, 38.790100735599282 ], [ -84.55187407236194, 38.790198221953951 ], [ -84.557026533066662, 38.790306979776872 ], [ -84.597635811143377, 38.791156318678837 ], [ -84.605013504067429, 38.792840071433524 ], [ -84.61566853742265, 38.802284864325962 ], [ -84.615668425908154, 38.80228534841914 ], [ -84.615732465607508, 38.802222447946619 ], [ -84.615915465412684, 38.802195447878759 ], [ -84.616095465485216, 38.802169447770908 ], [ -84.61653346582348, 38.802397448183939 ], [ -84.617265466885186, 38.803060447930001 ], [ -84.617791467058339, 38.803220448097981 ], [ -84.619703466838359, 38.803153448521762 ], [ -84.619750467170306, 38.803151447878598 ], [ -84.620083467575085, 38.803215447726423 ], [ -84.620149467813107, 38.803228448192854 ], [ -84.621855467257518, 38.803561447807866 ], [ -84.622372467796055, 38.803550448342087 ], [ -84.624106468294457, 38.803515447738732 ], [ -84.624947468828267, 38.803478448301895 ], [ -84.62558346856008, 38.80339744831435 ], [ -84.627338469643945, 38.802643447340913 ], [ -84.627981469703613, 38.802552447797439 ], [ -84.62935546952373, 38.802689447409811 ], [ -84.63001147031963, 38.802770447553385 ], [ -84.630329469981859, 38.802730447757135 ], [ -84.630832470839707, 38.802513447670833 ], [ -84.631099470822861, 38.80227944714278 ], [ -84.63159347001374, 38.801764447734506 ], [ -84.63181947017317, 38.80149044722269 ], [ -84.632137470946532, 38.801225446894193 ], [ -84.632589470309028, 38.801088447352477 ], [ -84.633123470632341, 38.800976447544109 ], [ -84.634416471806446, 38.800679446573952 ], [ -84.63540247158268, 38.800446446660892 ], [ -84.636767472274954, 38.800069446721864 ], [ -84.637198472309734, 38.799892446434434 ], [ -84.638153471800265, 38.799619446355642 ], [ -84.638885473148207, 38.799498446162787 ], [ -84.639415472837825, 38.799411446155496 ], [ -84.640339472639155, 38.799179446681485 ], [ -84.641541473636806, 38.798914446662714 ], [ -84.642116473005714, 38.798608446076507 ], [ -84.642794473442436, 38.798278445741595 ], [ -84.64326647351686, 38.797803446147341 ], [ -84.643472474139045, 38.79735244594449 ], [ -84.643678473796825, 38.796586446043342 ], [ -84.643885474316363, 38.795538445866576 ], [ -84.644286474269606, 38.794749445606186 ], [ -84.645109474082176, 38.793387445156085 ], [ -84.645920474654787, 38.792711445192566 ], [ -84.647367474707636, 38.792455445184984 ], [ -84.649060475090906, 38.792166444421319 ], [ -84.65007747505831, 38.79177244498382 ], [ -84.651709475919986, 38.791089444379615 ], [ -84.653813476592958, 38.790551444038229 ], [ -84.655516476947696, 38.790238444432404 ], [ -84.655563476697736, 38.790177443577136 ], [ -84.656112477309463, 38.79009544435322 ], [ -84.656088477453864, 38.789554444148074 ], [ -84.65605247680179, 38.78946244430233 ], [ -84.655948477126543, 38.789198443540059 ], [ -84.655875477165779, 38.788472443349079 ], [ -84.655793477199509, 38.787578443559411 ], [ -84.655764477062462, 38.787349443540698 ], [ -84.655881476464756, 38.787120443603541 ], [ -84.656583476631383, 38.786480443618437 ], [ -84.65748247723883, 38.786190443482091 ], [ -84.657781476983416, 38.785885443526205 ], [ -84.657811477440475, 38.785336442917455 ], [ -84.657431476943373, 38.785016442961897 ], [ -84.656058476557092, 38.782544442439189 ], [ -84.656000476114983, 38.782155442527817 ], [ -84.656117476219023, 38.781835441994119 ], [ -84.656702476409691, 38.78124044267895 ], [ -84.657053476412173, 38.780669442135114 ], [ -84.657082476690704, 38.780120441715027 ], [ -84.656849476470825, 38.77993644223929 ], [ -84.656089476723352, 38.779890442073906 ], [ -84.655300475667829, 38.779501441534933 ], [ -84.655066476061805, 38.779089442274582 ], [ -84.65506747542554, 38.778357442063538 ], [ -84.655651476028609, 38.777740441483957 ], [ -84.660084477588029, 38.777293441290631 ], [ -84.663057478042248, 38.779055441661356 ], [ -84.66887748030932, 38.782504441935586 ], [ -84.676221483025842, 38.786856442269816 ], [ -84.68004648414697, 38.789123442278616 ], [ -84.682711485517899, 38.790701443333312 ], [ -84.686281486251957, 38.79284344276838 ], [ -84.688433486663286, 38.794117443135256 ], [ -84.689079487556455, 38.79450044353861 ], [ -84.696858489688864, 38.799107444000441 ], [ -84.714673495301867, 38.809659444803046 ], [ -84.716217496877277, 38.810573445022214 ], [ -84.716985496725343, 38.811028445421314 ], [ -84.737105503014277, 38.822945447085921 ], [ -84.743836506046293, 38.826932446945278 ], [ -84.744145506335798, 38.827115447203383 ], [ -84.749951507510389, 38.830554447646854 ], [ -84.750860508024772, 38.830970447630534 ], [ -84.751057508263557, 38.831070447643995 ], [ -84.751107508435027, 38.831139447518147 ], [ -84.751173508178582, 38.831262448047532 ], [ -84.750850508506716, 38.831833447392761 ], [ -84.750879508767966, 38.832360447819283 ], [ -84.75099650841635, 38.832543447486636 ], [ -84.751201508106007, 38.832589448043329 ], [ -84.752371508398156, 38.832498447451322 ], [ -84.752663509055267, 38.832681448239796 ], [ -84.75280950925584, 38.833528447894651 ], [ -84.752691509289221, 38.833939448369584 ], [ -84.75231050928403, 38.834717448387607 ], [ -84.752310509216727, 38.835289448426579 ], [ -84.752747509531389, 38.836914448792932 ], [ -84.752893508906482, 38.837646448395788 ], [ -84.753477509371109, 38.838561448590589 ], [ -84.753685509059821, 38.838739449412174 ], [ -84.754120509805318, 38.839111449301761 ], [ -84.754850510017661, 38.840164449517637 ], [ -84.757511511269016, 38.841515449121189 ], [ -84.758622511675426, 38.842499449780476 ], [ -84.758973511100649, 38.842911449663475 ], [ -84.759002511505713, 38.843094449216728 ], [ -84.759411512077349, 38.843712449780838 ], [ -84.75955751182417, 38.844490449840627 ], [ -84.759563511756227, 38.844594449693027 ], [ -84.75963651214542, 38.845905449916096 ], [ -84.759643512175103, 38.846023449661303 ], [ -84.760110512612101, 38.847145450731503 ], [ -84.760344512405709, 38.847328449927218 ], [ -84.760520512066833, 38.847625450227483 ], [ -84.760841512479089, 38.847923450130594 ], [ -84.761280512009023, 38.848060450121991 ], [ -84.762216512502377, 38.847946449934057 ], [ -84.762538512869014, 38.848152450202917 ], [ -84.762918512767911, 38.848725450724103 ], [ -84.763444512744087, 38.848885450126616 ], [ -84.765317513584193, 38.848840450828824 ], [ -84.765638513728973, 38.848932450029658 ], [ -84.766370513946953, 38.848818450403833 ], [ -84.767775515002882, 38.848269450078433 ], [ -84.768741514321064, 38.847698450154297 ], [ -84.769502514311768, 38.846943449816358 ], [ -84.770555515144792, 38.84628044926886 ], [ -84.771375515901141, 38.845937449564033 ], [ -84.772604515236523, 38.845640449542699 ], [ -84.773803515543264, 38.845640449791553 ], [ -84.774447516092422, 38.845847449000331 ], [ -84.775567516506726, 38.846571449147497 ], [ -84.775792516801445, 38.846715449437646 ], [ -84.776406517278119, 38.846944449377929 ], [ -84.777722517325586, 38.847311449113583 ], [ -84.778073517004145, 38.847563449145369 ], [ -84.778307517796705, 38.848181449753611 ], [ -84.778336517202419, 38.848730449999515 ], [ -84.778072517825507, 38.849874450135772 ], [ -84.778189517800897, 38.850468450071673 ], [ -84.778277517708531, 38.850514449831962 ], [ -84.778306518202328, 38.850789450467026 ], [ -84.778949518153098, 38.852025450751562 ], [ -84.779095517889303, 38.852482450288882 ], [ -84.779007518610214, 38.852963450212272 ], [ -84.778099517750547, 38.853923450406022 ], [ -84.778128518364895, 38.854610450989611 ], [ -84.778479518033237, 38.855411450801647 ], [ -84.778522815645417, 38.855923564460554 ], [ -84.746214098849762, 38.855312622312816 ], [ -84.724553240370057, 38.862169298278474 ], [ -84.712603118228472, 38.862646507058436 ], [ -84.697297089048277, 38.858071980905471 ], [ -84.692210664756644, 38.857554089334087 ], [ -84.67820739540619, 38.859217111688757 ], [ -84.661728050637791, 38.860457470101451 ], [ -84.650368670234371, 38.863518965576262 ] ] ] ] } },
{ "type": "Feature", "properties": { }, "geometry": { "type": "MultiPolygon", "coordinates": [ [ [ [ -84.602024609471059, 38.868070975394872 ], [ -84.601666135332209, 38.8633715417104 ], [ -84.603087944875924, 38.857197150311819 ], [ -84.603776570761909, 38.854193512017979 ], [ -84.604773663031722, 38.855446196036745 ], [ -84.606081049278075, 38.854884833012008 ], [ -84.606924729854242, 38.855243976125095 ], [ -84.612242444808302, 38.853072689284332 ], [ -84.611322923697202, 38.856310366173801 ], [ -84.612626535203432, 38.858491400207029 ], [ -84.616534209003916, 38.857631825837878 ], [ -84.616366576415402, 38.856048303714068 ], [ -84.62034938882509, 38.854598650493855 ], [ -84.621534604998701, 38.854374682300602 ], [ -84.621450921316452, 38.853623093817099 ], [ -84.622724313754986, 38.853527200372767 ], [ -84.622917874870538, 38.855266214258215 ], [ -84.623483843031551, 38.85520525894843 ], [ -84.6259362823873, 38.848563264000518 ], [ -84.626759560002455, 38.84766435094356 ], [ -84.627674698120529, 38.847215278520643 ], [ -84.628372283965177, 38.847094471696892 ], [ -84.628540015733478, 38.848019345251316 ], [ -84.628781646128772, 38.847929235815975 ], [ -84.629877763056896, 38.848167185999436 ], [ -84.630120517322823, 38.848618967090736 ], [ -84.631286289012976, 38.84893875493168 ], [ -84.631872746783827, 38.848774334311649 ], [ -84.632227688366584, 38.848929317761673 ], [ -84.634060373939448, 38.848882409288578 ], [ -84.634613798802121, 38.848971135910624 ], [ -84.634397722146417, 38.8504889323208 ], [ -84.627446777918777, 38.848910273868434 ], [ -84.625396702024304, 38.854215073238201 ], [ -84.62746969083048, 38.854593618953935 ], [ -84.629529319190851, 38.854551321158617 ], [ -84.629690176787818, 38.855505959281125 ], [ -84.62600961484182, 38.855603798179843 ], [ -84.626481135988996, 38.858430216180906 ], [ -84.624619689766789, 38.858645302508293 ], [ -84.624619309471711, 38.860033059448149 ], [ -84.623999890420578, 38.862100492697785 ], [ -84.624191250482141, 38.86377119929282 ], [ -84.624750620891618, 38.8634987366502 ], [ -84.628178288145804, 38.863073624551205 ], [ -84.628877087658225, 38.863962734793219 ], [ -84.624462468560495, 38.866658257054056 ], [ -84.624688237218521, 38.86892830158353 ], [ -84.624907746526901, 38.869259858164483 ], [ -84.626225227479196, 38.869856991265884 ], [ -84.623424123069299, 38.870018754740499 ], [ -84.623832919568258, 38.873946246007897 ], [ -84.619437903219463, 38.874229628324429 ], [ -84.615383743002383, 38.873474919430613 ], [ -84.613769274690767, 38.877012931184389 ], [ -84.611039496249887, 38.876368558550034 ], [ -84.61080059344637, 38.877318895453442 ], [ -84.610792453132049, 38.878268258594851 ], [ -84.610354393124737, 38.879468661898279 ], [ -84.611885519227513, 38.879774119078199 ], [ -84.612166484459848, 38.878841618072769 ], [ -84.622568299111705, 38.885118831138932 ], [ -84.621382781924012, 38.885863836861461 ], [ -84.617216930686524, 38.883267081635971 ], [ -84.61573158192887, 38.884847519123618 ], [ -84.60997347675081, 38.88155049198199 ], [ -84.609647111116928, 38.882544785975306 ], [ -84.609483699293122, 38.88390217868281 ], [ -84.611086959168162, 38.88458902562536 ], [ -84.61167055824663, 38.885571647897315 ], [ -84.611369951048488, 38.886716616081628 ], [ -84.610320321394568, 38.88783727017838 ], [ -84.609029721551579, 38.888426535318345 ], [ -84.607093783317396, 38.889310405427743 ], [ -84.605229252450911, 38.889487767838403 ], [ -84.603896314812545, 38.889798953012004 ], [ -84.600031169793894, 38.890488859225286 ], [ -84.599925381129722, 38.89048830229634 ], [ -84.599447364075857, 38.887835028793376 ], [ -84.598890232955966, 38.884742143504937 ], [ -84.599083063741148, 38.884652276945431 ], [ -84.601448546913502, 38.883396861592175 ], [ -84.605194557081248, 38.883625082513916 ], [ -84.60807279967338, 38.882511971420541 ], [ -84.610587472347603, 38.873185987115662 ], [ -84.608985683067004, 38.872902136972726 ], [ -84.607471222875432, 38.873916397500139 ], [ -84.605043063355609, 38.871550511966717 ], [ -84.603700448969505, 38.867667960906687 ], [ -84.604312403684247, 38.867521410720684 ], [ -84.604691994147259, 38.866582667876919 ], [ -84.604532525642639, 38.866473860982957 ], [ -84.602024609471059, 38.868070975394872 ] ] ] ] } },
{ "type": "Feature", "properties": { }, "geometry": { "type": "MultiPolygon", "coordinates": [ [ [ [ -84.460260796848075, 39.121634883393064 ], [ -84.459235121891226, 39.121470431759775 ], [ -84.458983054879553, 39.121448570850156 ], [ -84.458765256552113, 39.121393532500683 ], [ -84.45781439830786, 39.12104739337633 ], [ -84.45706921658676, 39.120828036066023 ], [ -84.456639386649456, 39.120729609039167 ], [ -84.455379483097644, 39.120301626791338 ], [ -84.453247638826255, 39.11952749178257 ], [ -84.452537117984662, 39.119247474522027 ], [ -84.451339631091543, 39.118594215990257 ], [ -84.450829802334439, 39.118237831623681 ], [ -84.450336887010877, 39.117941129719334 ], [ -84.449718404958119, 39.117639147921267 ], [ -84.449466005326286, 39.117491319231462 ], [ -84.448641131927147, 39.116947565620201 ], [ -84.447569803531024, 39.116167937205304 ], [ -84.446527380763968, 39.115318070890879 ], [ -84.446298137481236, 39.11509486916745 ], [ -84.446188990064968, 39.114971676480749 ], [ -84.44554110994919, 39.114373040372811 ], [ -84.445179943711935, 39.114071122980995 ], [ -84.444154578082276, 39.11315411473624 ], [ -84.443610296191878, 39.112572285425109 ], [ -84.441908756704464, 39.110651182826196 ], [ -84.441538081218567, 39.110239965755177 ], [ -84.441146205013908, 39.109805274287879 ], [ -84.440687999915895, 39.109273052958876 ], [ -84.440479744715944, 39.10897722237636 ], [ -84.439998496703339, 39.108293029443942 ], [ -84.439543809348578, 39.107640883328685 ], [ -84.4390435578579, 39.106882937149194 ], [ -84.438611164766087, 39.106089589452225 ], [ -84.438178922356514, 39.105349175270653 ], [ -84.437656006809462, 39.104573613218015 ], [ -84.437269352324506, 39.103938995010807 ], [ -84.436746227299565, 39.103075202307615 ], [ -84.436268316067753, 39.102176044791399 ], [ -84.436085820422207, 39.10166461796414 ], [ -84.435778248728099, 39.100950465828888 ], [ -84.435436145740326, 39.10001580063507 ], [ -84.435116468350259, 39.098992871409635 ], [ -84.434797210135102, 39.09812874826509 ], [ -84.434591727247636, 39.097476191881732 ], [ -84.434385748283702, 39.096629535745542 ], [ -84.434316568788645, 39.095575685041347 ], [ -84.433952220631483, 39.093671583335933 ], [ -84.433818593238158, 39.090448595402343 ], [ -84.433309500127976, 39.087421537454681 ], [ -84.433674939157854, 39.083318703397381 ], [ -84.434034051318363, 39.076774049832466 ], [ -84.434018718213125, 39.070816001778859 ], [ -84.433506748746694, 39.066616845676357 ], [ -84.432496946561784, 39.063688208494952 ], [ -84.430610010654007, 39.060663237972115 ], [ -84.429100533209095, 39.058223701674372 ], [ -84.427731927533486, 39.056453078914579 ], [ -84.426838307416929, 39.055296909121765 ], [ -84.423450312721187, 39.052957780652164 ], [ -84.418810119110972, 39.050718032152879 ], [ -84.412918521518264, 39.048870538826506 ], [ -84.405774871731936, 39.047122089599803 ], [ -84.403120792816466, 39.046399819673411 ], [ -84.402516094469206, 39.046256121404269 ], [ -84.402100989408936, 39.046174045487604 ], [ -84.401059707526784, 39.045998925158415 ], [ -84.399927841354128, 39.045788618971208 ], [ -84.398818611525954, 39.045578274312369 ], [ -84.397505769148637, 39.045385818634941 ], [ -84.395762998088159, 39.045193879720387 ], [ -84.394224066610818, 39.045089895607049 ], [ -84.391870457617372, 39.044951580206579 ], [ -84.389336003433073, 39.04490166063546 ], [ -84.386914694445053, 39.044851554679511 ], [ -84.386597866510229, 39.044834275672116 ], [ -84.384923155397104, 39.044712682391619 ], [ -84.382841144845329, 39.044591522361856 ], [ -84.380668501200262, 39.044399844343914 ], [ -84.378269559753917, 39.044190725589011 ], [ -84.376164668509844, 39.043910660969871 ], [ -84.373607024334618, 39.043507515258369 ], [ -84.370596714182184, 39.043016548831183 ], [ -84.36702044335911, 39.042331964208934 ], [ -84.365571836406076, 39.042051061362287 ], [ -84.363964714966968, 39.041682062685879 ], [ -84.362538599064663, 39.041295225712666 ], [ -84.360320285895341, 39.040732656360376 ], [ -84.358848927882278, 39.040328171126923 ], [ -84.357241852033781, 39.039941435806178 ], [ -84.356336528139167, 39.039765797492485 ], [ -84.355272927617463, 39.039660876909927 ], [ -84.3543451904861, 39.039626408476295 ], [ -84.353100406621706, 39.039398107157801 ], [ -84.351561163411333, 39.038940652623062 ], [ -84.349999238615595, 39.03843026044504 ], [ -84.348459936837088, 39.037902182799002 ], [ -84.346196257101923, 39.037092345812646 ], [ -84.346151006450924, 39.037092382662578 ], [ -84.344588951165449, 39.036423107577093 ], [ -84.342642115504859, 39.035612947924044 ], [ -84.340808380444813, 39.034749732275394 ], [ -84.338544428409563, 39.033569187701033 ], [ -84.335940766842967, 39.032035933247982 ], [ -84.333608884904407, 39.030661239151847 ], [ -84.330937703037122, 39.029251440512063 ], [ -84.329828441817, 39.028599302418215 ], [ -84.328266450683927, 39.027682769234389 ], [ -84.326998727464357, 39.026889543416893 ], [ -84.325821483616423, 39.026060953830132 ], [ -84.324598968765244, 39.025179443937539 ], [ -84.32353487087785, 39.024333114508131 ], [ -84.322380384982125, 39.023557412756603 ], [ -84.321112555023987, 39.022517081915126 ], [ -84.31991274379341, 39.021600216883797 ], [ -84.319623959654621, 39.02136151560093 ], [ -84.318803444997187, 39.020683287583168 ], [ -84.317762086952897, 39.01981924477289 ], [ -84.316607519790452, 39.01881409123488 ], [ -84.315633993140423, 39.017861762667955 ], [ -84.314796334616005, 39.017050517505247 ], [ -84.313958476262457, 39.015992224897872 ], [ -84.313279143747224, 39.015127944562522 ], [ -84.312509231036628, 39.014122542623674 ], [ -84.31178461980025, 39.013170047905852 ], [ -84.311173269541058, 39.012393949203656 ], [ -84.310471447234761, 39.011600247482633 ], [ -84.309588579987178, 39.010665465499251 ], [ -84.308751089180134, 39.009871822409011 ], [ -84.30791353038974, 39.008972296916077 ], [ -84.30721170610606, 39.008090345567673 ], [ -84.306713542741207, 39.007331812734897 ], [ -84.306124843149917, 39.00646744611327 ], [ -84.305694454869254, 39.005585355656265 ], [ -84.305264021720163, 39.004632679098215 ], [ -84.304856176122072, 39.003627053737958 ], [ -84.304425780331911, 39.002692019576706 ], [ -84.303904870416318, 39.001668796272789 ], [ -84.303180094004446, 39.000169222181036 ], [ -84.302613904059555, 38.999022490878332 ], [ -84.302070293456453, 38.997805162914354 ], [ -84.301707921622835, 38.997028900298837 ], [ -84.30132284491242, 38.996111479960668 ], [ -84.300960339554592, 38.995123463827824 ], [ -84.300575169690475, 38.9940472261964 ], [ -84.300257958476664, 38.993129771485393 ], [ -84.299850099018315, 38.991912373059705 ], [ -84.29964598555631, 38.991030160544454 ], [ -84.299419389599308, 38.990324416619401 ], [ -84.299192724478942, 38.989512796052132 ], [ -84.298988843524214, 38.988948209008079 ], [ -84.298762318126222, 38.988330693259179 ], [ -84.298467944023415, 38.987677912489453 ], [ -84.298264050269751, 38.987078032408292 ], [ -84.298127929635683, 38.986389894236048 ], [ -84.298059605425294, 38.985648789606586 ], [ -84.297855238039475, 38.984325422006286 ], [ -84.297718937958919, 38.983354947257659 ], [ -84.29758267890567, 38.982437408836482 ], [ -84.297559428108386, 38.981466885863355 ], [ -84.297468156717414, 38.980196408794967 ], [ -84.297467364426169, 38.978996477859113 ], [ -84.297489108321031, 38.977690661800651 ], [ -84.297556206263849, 38.976596579063099 ], [ -84.297578299306352, 38.975820143719197 ], [ -84.297555354182606, 38.975308417316228 ], [ -84.297532127085091, 38.974373185464842 ], [ -84.297418445617112, 38.973385050943442 ], [ -84.297282277767309, 38.972573385817753 ], [ -84.297078205650067, 38.971620579112397 ], [ -84.296874127436553, 38.970650124590946 ], [ -84.296624913992105, 38.969785564918496 ], [ -84.296285096743688, 38.96862105596206 ], [ -84.295877479655772, 38.967456571975113 ], [ -84.295424701945876, 38.966345042430817 ], [ -84.2949266962477, 38.96518058997944 ], [ -84.294496584414048, 38.964121985457602 ], [ -84.294089063916672, 38.963028077940145 ], [ -84.29377213674131, 38.962216473475948 ], [ -84.293342101023157, 38.961228448117083 ], [ -84.292934867346034, 38.960558042915324 ], [ -84.292527736339466, 38.96004645221727 ], [ -84.292188476618719, 38.959640711982594 ], [ -84.291554976342766, 38.958493937536538 ], [ -84.290876376020563, 38.95748834297887 ], [ -84.290288175956903, 38.956447421556234 ], [ -84.289609505747961, 38.955247711850525 ], [ -84.28868232927725, 38.954171601394847 ], [ -84.287845595921596, 38.953130747948187 ], [ -84.28696368052627, 38.952072256018809 ], [ -84.286104424204339, 38.951084334839678 ], [ -84.285335569482768, 38.950061088174976 ], [ -84.284747688234987, 38.949390706336587 ], [ -84.2838658892193, 38.948385129167441 ], [ -84.283119772990716, 38.947538322885194 ], [ -84.282215412961165, 38.946515091822441 ], [ -84.281220692574337, 38.945491877453989 ], [ -84.280158173161567, 38.944380441435214 ], [ -84.279005351948001, 38.943392540876765 ], [ -84.277920350788477, 38.94240461271248 ], [ -84.276812829660315, 38.941540203531716 ], [ -84.275886140834757, 38.940799267439239 ], [ -84.275208063705634, 38.940181795214428 ], [ -84.274168291772966, 38.939017359195766 ], [ -84.273467650161948, 38.938399881245914 ], [ -84.272586181199074, 38.937517739647177 ], [ -84.271795143205267, 38.936741452408285 ], [ -84.270958940365261, 38.935982814178168 ], [ -84.270100120688042, 38.935083002839612 ], [ -84.269037922163179, 38.933953815621031 ], [ -84.268156545335529, 38.933001054658355 ], [ -84.267297783576979, 38.932048282611106 ], [ -84.266235672169131, 38.930901423485302 ], [ -84.265693333190512, 38.930336815383271 ], [ -84.264970190617476, 38.929401654874162 ], [ -84.264224497179882, 38.928572369618863 ], [ -84.263478813167524, 38.927707787313459 ], [ -84.262529812832824, 38.926754990164724 ], [ -84.26173898728787, 38.925890400259 ], [ -84.260790045705335, 38.925008173770131 ], [ -84.259728159976817, 38.92402007049408 ], [ -84.258801863268999, 38.923173117795457 ], [ -84.257807799353046, 38.922167345942412 ], [ -84.256971902524796, 38.921320372361826 ], [ -84.256339346818763, 38.920667493021995 ], [ -84.255480868966046, 38.919485228752393 ], [ -84.254645019320648, 38.918426482844239 ], [ -84.254035075471606, 38.91740301448079 ], [ -84.253357390371534, 38.91646777654929 ], [ -84.252905598211996, 38.915550176578563 ], [ -84.252386058859145, 38.914738453697986 ], [ -84.251889116323881, 38.913803202761684 ], [ -84.251301839798458, 38.912832658211649 ], [ -84.250737164863054, 38.911897402600808 ], [ -84.250059573393415, 38.911050377137755 ], [ -84.249727158962372, 38.91059400092 ], [ -84.249223900138318, 38.910009235754423 ], [ -84.24847858945337, 38.90910926041304 ], [ -84.247868803392464, 38.90838574700134 ], [ -84.247349375027085, 38.907538707800555 ], [ -84.24685253300413, 38.906938716736676 ], [ -84.246581537687831, 38.906444608191563 ], [ -84.246220209887341, 38.905968143617443 ], [ -84.245858881657639, 38.905562262590436 ], [ -84.245249158963745, 38.904750502568028 ], [ -84.244684601490633, 38.904132852467789 ], [ -84.244029732042307, 38.903374023668434 ], [ -84.243081301596803, 38.902509294307457 ], [ -84.242042544204836, 38.901803369990155 ], [ -84.241387718433472, 38.901079818384993 ], [ -84.240755489909716, 38.900356265657159 ], [ -84.24021359415508, 38.899703301762514 ], [ -84.239378187267803, 38.898715026991461 ], [ -84.238475055338654, 38.897744384270815 ], [ -84.237797733594931, 38.896950223814081 ], [ -84.237165595159397, 38.896120771738175 ], [ -84.236691494994076, 38.895538384009782 ], [ -84.236149657645157, 38.894955986330807 ], [ -84.235856202142685, 38.894461849579912 ], [ -84.235336994056567, 38.89372063223928 ], [ -84.235156474641798, 38.893102981572767 ], [ -84.234795387505869, 38.892167670321783 ], [ -84.234750337783694, 38.891638268771345 ], [ -84.234660251305968, 38.890544171944086 ], [ -84.234524935324501, 38.889785353671357 ], [ -84.234367048959285, 38.889008884457745 ], [ -84.23423172349365, 38.888320651490638 ], [ -84.234049359334463, 38.887575644175733 ], [ -84.23998901287149, 38.88655908644958 ], [ -84.243600817859786, 38.885989197948831 ], [ -84.244080290817422, 38.883001322159004 ], [ -84.249152941319807, 38.882981632960345 ], [ -84.258766449155814, 38.883493936688041 ], [ -84.26378294141503, 38.885769725284682 ], [ -84.262649752754825, 38.883430241058477 ], [ -84.261758702296646, 38.878055496763686 ], [ -84.262405100615965, 38.874514323028187 ], [ -84.261595888919643, 38.873123284550708 ], [ -84.262242715642884, 38.871732057102534 ], [ -84.263456215660938, 38.872427463040516 ], [ -84.265966293662046, 38.881722436996213 ], [ -84.268694256413326, 38.880980686280083 ], [ -84.268607500848077, 38.884204064714815 ], [ -84.271440827592016, 38.887848393579176 ], [ -84.273655605129505, 38.891775064025346 ], [ -84.278106469170964, 38.893418031307512 ], [ -84.280454418087615, 38.896515818301772 ], [ -84.282397025027848, 38.897716678757845 ], [ -84.284259039526319, 38.899423400443403 ], [ -84.287490214777293, 38.90259865040985 ], [ -84.289674113063285, 38.900065712553079 ], [ -84.292763082928175, 38.899063456561962 ], [ -84.296396438846514, 38.898470408137214 ], [ -84.297527121062586, 38.895371490699041 ], [ -84.299629025272225, 38.892777995129222 ], [ -84.305579966203638, 38.891932983064756 ], [ -84.305618660261445, 38.891922293011305 ], [ -84.308909266871254, 38.888458370441256 ], [ -84.308037715209935, 38.885438831447274 ], [ -84.298973225642612, 38.881080080758316 ], [ -84.289506151855065, 38.878048683193093 ], [ -84.289294482409474, 38.878228865514174 ], [ -84.285196200658049, 38.877213464090644 ], [ -84.279745629468934, 38.875027216604536 ], [ -84.279363350355496, 38.873684746120581 ], [ -84.281654016124548, 38.872619915580003 ], [ -84.283465703022145, 38.872655884984766 ], [ -84.285819509748393, 38.873119227318071 ], [ -84.290581103278228, 38.875487779178307 ], [ -84.294193049273318, 38.870332364782378 ], [ -84.290854467673199, 38.863114402389741 ], [ -84.292887813122533, 38.860163257271836 ], [ -84.299687128616313, 38.861793439812686 ], [ -84.304057567390203, 38.865585432461863 ], [ -84.306653909033912, 38.875322154007364 ], [ -84.310133434640605, 38.876585008251936 ], [ -84.314594211510155, 38.875851123365095 ], [ -84.335896543037563, 38.884121678672287 ], [ -84.337454860434832, 38.882145535011588 ], [ -84.339241584835491, 38.884641986314548 ], [ -84.342228594291115, 38.885067323291999 ], [ -84.347599715297164, 38.885158663529822 ], [ -84.351559787918106, 38.882246457620226 ], [ -84.351465267808877, 38.872887946081015 ], [ -84.353889912293496, 38.871494620585331 ], [ -84.360763065921859, 38.869970553127089 ], [ -84.368688727386484, 38.869203805338692 ], [ -84.371440177007486, 38.869959732509926 ], [ -84.373623572960042, 38.869641230275768 ], [ -84.375962593792224, 38.865907883154271 ], [ -84.377207711151456, 38.864758108541189 ], [ -84.377844892421336, 38.862614598873584 ], [ -84.37959641320721, 38.862552475811057 ], [ -84.383883217540301, 38.862294704662396 ], [ -84.385701168594252, 38.863104951995076 ], [ -84.390826829131839, 38.862634227967881 ], [ -84.391866847426655, 38.86333242970651 ], [ -84.392536391529362, 38.864280135960882 ], [ -84.393505016566564, 38.864373652301765 ], [ -84.393347859024345, 38.865624801987984 ], [ -84.393362993424077, 38.86562072092002 ], [ -84.393379498181375, 38.865629553992825 ], [ -84.397860182560237, 38.868026236838162 ], [ -84.402025487094463, 38.871948338407528 ], [ -84.396442830460273, 38.887406376667975 ], [ -84.388275277581329, 38.890463725998131 ], [ -84.392368886110233, 38.893705173596544 ], [ -84.391868668101097, 38.898495813476934 ], [ -84.394049748331724, 38.907648520596346 ], [ -84.399043509697663, 38.908864190521214 ], [ -84.40203961198165, 38.90798036275887 ], [ -84.40291260325462, 38.906545209801067 ], [ -84.402218548924466, 38.902488720961003 ], [ -84.403412206512556, 38.899678813815932 ], [ -84.403851889333083, 38.89671575512611 ], [ -84.406008546924667, 38.897177623926062 ], [ -84.406536965772531, 38.900894551583249 ], [ -84.408178659013785, 38.905330393921304 ], [ -84.412153090924576, 38.904222954622547 ], [ -84.412130655026061, 38.901154391920507 ], [ -84.414470007439434, 38.897988397198425 ], [ -84.417157799354712, 38.898415352201994 ], [ -84.417633707560384, 38.900766433630359 ], [ -84.415109146113664, 38.903399168303956 ], [ -84.418053464964061, 38.904481544046796 ], [ -84.419661407712283, 38.906868385018562 ], [ -84.420688736019287, 38.909938802903113 ], [ -84.423995908116495, 38.907914451389523 ], [ -84.427555445913399, 38.908058964579155 ], [ -84.430068574841741, 38.912489167474945 ], [ -84.4289711963782, 38.916388835602206 ], [ -84.432002780329228, 38.917365961001643 ], [ -84.426910504253797, 38.924237775470907 ], [ -84.432125882904316, 38.925939101110579 ], [ -84.439231098992281, 38.920740984076147 ], [ -84.4415228150351, 38.920927372271187 ], [ -84.441444302131202, 38.917107609793746 ], [ -84.439942965256634, 38.911707881423581 ], [ -84.441803992749072, 38.912576184962163 ], [ -84.444493591910728, 38.917393057327985 ], [ -84.444492044210293, 38.921873813008681 ], [ -84.447228349922781, 38.924710159901707 ], [ -84.444343876210567, 38.925391779457726 ], [ -84.439726150476645, 38.925625420161609 ], [ -84.440212630849302, 38.92750352873405 ], [ -84.446233357736475, 38.93312969532743 ], [ -84.456443370607062, 38.936342639506897 ], [ -84.456355522783184, 38.939048500695272 ], [ -84.449036532805493, 38.937333465750037 ], [ -84.442973694932249, 38.937269231608681 ], [ -84.437068664892976, 38.938557260237189 ], [ -84.430449953031598, 38.93233036995187 ], [ -84.425701036904613, 38.934066844570232 ], [ -84.426142149817409, 38.940680040313886 ], [ -84.423107182009261, 38.943499672640428 ], [ -84.424719793945712, 38.947251746445893 ], [ -84.419779206437909, 38.952379659241572 ], [ -84.421688046521979, 38.957951738035035 ], [ -84.425475632144554, 38.957490524362328 ], [ -84.430443270323821, 38.962260995650013 ], [ -84.437145220580263, 38.959618204684105 ], [ -84.439014352821218, 38.961702127408792 ], [ -84.432931438656894, 38.966125247935764 ], [ -84.435212254446441, 38.967549723125842 ], [ -84.436047043073273, 38.968082203259662 ], [ -84.436086246769179, 38.968049627705241 ], [ -84.436276587867141, 38.967883693334194 ], [ -84.436339728435058, 38.967824034815926 ], [ -84.436397168349473, 38.967769535040418 ], [ -84.436626517254098, 38.967561659287924 ], [ -84.436874638251325, 38.967307243250481 ], [ -84.437025058647336, 38.967173468427461 ], [ -84.437165855274685, 38.967057385626518 ], [ -84.437416642842038, 38.966814119461176 ], [ -84.437515376118725, 38.966748563070873 ], [ -84.437706486390212, 38.966546586583284 ], [ -84.43780688136161, 38.966446876831043 ], [ -84.437918217751417, 38.966330330150477 ], [ -84.438033475904618, 38.966201076975366 ], [ -84.438123649963998, 38.966064144875411 ], [ -84.43821123806687, 38.965944892884295 ], [ -84.438410143620004, 38.965703088163465 ], [ -84.438511323439329, 38.96557128433863 ], [ -84.438595357785474, 38.965440196929066 ], [ -84.438783160603549, 38.965160483619712 ], [ -84.438872082954887, 38.965047064236643 ], [ -84.439052085412115, 38.964807864856134 ], [ -84.439106400927642, 38.964738438228636 ], [ -84.439227774621543, 38.964597503463992 ], [ -84.439329891480497, 38.964486634284881 ], [ -84.43945559689864, 38.96432338172319 ], [ -84.439579631720662, 38.964191022262277 ], [ -84.439753954627037, 38.963965561503997 ], [ -84.439907714457647, 38.963774113823561 ], [ -84.439982151860363, 38.963670673222161 ], [ -84.440029021344273, 38.963611727937717 ], [ -84.440110855183704, 38.963481158150088 ], [ -84.440172535185326, 38.963374478039611 ], [ -84.440239962214676, 38.963278770978306 ], [ -84.440333553932348, 38.963110425717268 ], [ -84.440441188694194, 38.96293278864038 ], [ -84.440494519391123, 38.962828010762102 ], [ -84.440582938949873, 38.962695026686028 ], [ -84.440769869336961, 38.962423034671602 ], [ -84.440855615482491, 38.962278212991123 ], [ -84.440939268282833, 38.96216943409042 ], [ -84.440983451279237, 38.962094018307212 ], [ -84.441049571413018, 38.962003633786196 ], [ -84.441111242128258, 38.961894893952767 ], [ -84.441209539146925, 38.961682092007571 ], [ -84.441265517150541, 38.961581770126962 ], [ -84.441321037853356, 38.961474413834395 ], [ -84.441360363150849, 38.961391798596239 ], [ -84.441428151330001, 38.961270520545298 ], [ -84.441510019750922, 38.961154022574917 ], [ -84.441640702822184, 38.960891910053149 ], [ -84.441681304952169, 38.960795562863488 ], [ -84.441764938063997, 38.96068094807184 ], [ -84.441898248771764, 38.960416257409626 ], [ -84.441998507867041, 38.960275356624287 ], [ -84.442062836492568, 38.960174505476438 ], [ -84.44213462895263, 38.960070380393319 ], [ -84.442207226457256, 38.959941198629608 ], [ -84.44231308920051, 38.959762361789473 ], [ -84.442356281293982, 38.959649706807156 ], [ -84.442477252203176, 38.959375941194295 ], [ -84.44252176939942, 38.959265857516442 ], [ -84.44255926511731, 38.959159733418716 ], [ -84.442631726440197, 38.958984217006787 ], [ -84.442684035737017, 38.958832932141739 ], [ -84.442749540177729, 38.958533694282963 ], [ -84.442826620633326, 38.958284889505038 ], [ -84.442918317317137, 38.95777349089704 ], [ -84.442948337352846, 38.957666693350312 ], [ -84.442969523330788, 38.957545668828878 ], [ -84.442973641854067, 38.957451446260357 ], [ -84.442969460331199, 38.957224237216892 ], [ -84.442935448148816, 38.957018191359268 ], [ -84.44291019526284, 38.956650984237641 ], [ -84.442903131742099, 38.956340204961862 ], [ -84.442903699820562, 38.956234146437716 ], [ -84.442906987605312, 38.956156228509649 ], [ -84.442916854099408, 38.956072463630555 ], [ -84.442945588863552, 38.955977509855636 ], [ -84.442982275694504, 38.955896271936737 ], [ -84.443029917003443, 38.955803172548229 ], [ -84.443082411624928, 38.955716071633042 ], [ -84.443129256559288, 38.95565128970339 ], [ -84.443167745911353, 38.955584978390497 ], [ -84.443216788405934, 38.955520192824466 ], [ -84.44340341389416, 38.955290455931994 ], [ -84.44342269356126, 38.955268459557161 ], [ -84.443467358678419, 38.955206267213555 ], [ -84.443503634092792, 38.955129845387241 ], [ -84.443571503774052, 38.955033809337522 ], [ -84.443655166481932, 38.954926936085734 ], [ -84.443763831180661, 38.954800459334066 ], [ -84.443882967189055, 38.95464616610672 ], [ -84.444171711017489, 38.954309868182406 ], [ -84.444262416852467, 38.954207101273091 ], [ -84.44434525251792, 38.954119791237368 ], [ -84.444511719014329, 38.953914796959126 ], [ -84.444743431107085, 38.953620462832262 ], [ -84.444888489620197, 38.953463551277103 ], [ -84.445058584717657, 38.953301106941531 ], [ -84.445206262311174, 38.953138013052175 ], [ -84.445552075592204, 38.952780681025416 ], [ -84.445671255528694, 38.95264474744377 ], [ -84.44575979290012, 38.952554681308953 ], [ -84.445853170194226, 38.952466151917989 ], [ -84.445945693454306, 38.952386890262545 ], [ -84.446068893673669, 38.952275143814461 ], [ -84.446149112115336, 38.952196760896406 ], [ -84.446270853101709, 38.952033708735947 ], [ -84.446325173879558, 38.951968067173617 ], [ -84.446400989227371, 38.951887459253875 ], [ -84.446674610394282, 38.951653968854622 ], [ -84.446825003062315, 38.951521928352463 ], [ -84.446917910720174, 38.951423789272134 ], [ -84.447020008743706, 38.9513108762687 ], [ -84.447108544665241, 38.951221495479835 ], [ -84.447239179939203, 38.951097724240633 ], [ -84.447473730284216, 38.950883173242737 ], [ -84.447582478328087, 38.950791699044281 ], [ -84.44778378873626, 38.950637263976901 ], [ -84.447901814442588, 38.950563448267069 ], [ -84.448036127902654, 38.950499043542095 ], [ -84.448172670367256, 38.950446131666922 ], [ -84.448321980012992, 38.950400577417319 ], [ -84.448476149476505, 38.950364624400549 ], [ -84.448668948503865, 38.950311446123294 ], [ -84.448811260255411, 38.950278944638519 ], [ -84.448976443805677, 38.950252237900486 ], [ -84.449111767017953, 38.95023519184214 ], [ -84.449252351747276, 38.95021401834007 ], [ -84.449435086231659, 38.950177157358759 ], [ -84.449613890368994, 38.950149054796512 ], [ -84.449762858586084, 38.95013936324797 ], [ -84.449914012197553, 38.950125721457191 ], [ -84.450069110575214, 38.950107783231346 ], [ -84.450212776327319, 38.950087976157022 ], [ -84.450435569579909, 38.95007403912318 ], [ -84.450608733137571, 38.950072371040022 ], [ -84.450792863863569, 38.950063304781871 ], [ -84.450989293943479, 38.950052158078577 ], [ -84.451186587338626, 38.950035004024791 ], [ -84.451844075681606, 38.950027184287279 ], [ -84.452037898028365, 38.950026164251277 ], [ -84.452148662472396, 38.950028719173389 ], [ -84.452319198470519, 38.950030485082713 ], [ -84.452473913536423, 38.950032793154804 ], [ -84.452672138734926, 38.950034510119359 ], [ -84.452903331132234, 38.950037542845102 ], [ -84.453137579587477, 38.950033706753864 ], [ -84.453311589504935, 38.950020535591662 ], [ -84.45347591701659, 38.950002748125023 ], [ -84.453674991354021, 38.949994337987143 ], [ -84.453783968591836, 38.949986598456981 ], [ -84.453942183148371, 38.949983063254763 ], [ -84.45413156981779, 38.949967805093912 ], [ -84.454160125153066, 38.949963637270663 ], [ -84.454288036332429, 38.949968219704353 ], [ -84.454426478220753, 38.949966606147029 ], [ -84.454628194468725, 38.949959562621494 ], [ -84.454913872309405, 38.949957692068956 ], [ -84.45517669052613, 38.949954487790272 ], [ -84.455428535838308, 38.949956106838606 ], [ -84.455606545383404, 38.949958541378862 ], [ -84.455854870707128, 38.9499587928523 ], [ -84.456047760036768, 38.949939407099443 ], [ -84.456289895732766, 38.949926970965699 ], [ -84.456507466568254, 38.949931221199378 ], [ -84.45669250825172, 38.949933641788839 ], [ -84.456965912736109, 38.949943285426933 ], [ -84.457229695036546, 38.949969246892358 ], [ -84.457459122940662, 38.949970043438249 ], [ -84.457734251839966, 38.949968355757861 ], [ -84.45797025503478, 38.949963133276555 ], [ -84.458203174172837, 38.949955342216242 ], [ -84.458444428876987, 38.949942731163716 ], [ -84.458635568543158, 38.949926089870729 ], [ -84.458948017379086, 38.949910777385718 ], [ -84.459176942065739, 38.94989012102203 ], [ -84.459431414308213, 38.949888294863385 ], [ -84.459634914894906, 38.949890506010078 ], [ -84.459819956578698, 38.949892921693326 ], [ -84.460024749511575, 38.949886549864793 ], [ -84.460196069598254, 38.949855870124246 ], [ -84.460426292198036, 38.949828345018275 ], [ -84.460702329818389, 38.949836602498017 ], [ -84.460903152984443, 38.949825088232529 ], [ -84.46090974462065, 38.949824733246061 ], [ -84.461063976050099, 38.94981244445794 ], [ -84.461275733894382, 38.949782891531179 ], [ -84.461414063143621, 38.949743517953607 ], [ -84.461534866543147, 38.949722365254928 ], [ -84.461680247367923, 38.949689670670715 ], [ -84.461840180506925, 38.949673081081727 ], [ -84.461861315571426, 38.949668150942372 ], [ -84.46192207166149, 38.949653978697768 ], [ -84.46218715302949, 38.949592145863775 ], [ -84.462326324461927, 38.949540586540245 ], [ -84.462439996150962, 38.949486326478549 ], [ -84.462856265912109, 38.949209125066226 ], [ -84.463002285120652, 38.949096119731905 ], [ -84.463101294699939, 38.948989204707928 ], [ -84.463188456339083, 38.948888316566396 ], [ -84.463293506442497, 38.948743638421455 ], [ -84.463383297267796, 38.948640687071432 ], [ -84.463541590534476, 38.948370301033151 ], [ -84.463613256560109, 38.948232203819337 ], [ -84.463646990701747, 38.948049216019143 ], [ -84.463723432553252, 38.947891548550452 ], [ -84.463748513641093, 38.947754394086203 ], [ -84.463761811604428, 38.947351108568171 ], [ -84.463773964027283, 38.946711875166038 ], [ -84.463763006458919, 38.946574785959612 ], [ -84.463734866547142, 38.946423485511296 ], [ -84.463683376669849, 38.946253351322731 ], [ -84.463617766520784, 38.946063681144295 ], [ -84.463582108334791, 38.945896778173854 ], [ -84.463555279881362, 38.945742901722028 ], [ -84.463497475660802, 38.945518037894786 ], [ -84.463435743319877, 38.945302619601513 ], [ -84.463355503928668, 38.945070246757126 ], [ -84.463235101398084, 38.944780631938499 ], [ -84.463154123110598, 38.944595106710167 ], [ -84.463115451544766, 38.944448458716508 ], [ -84.463060562232116, 38.944316254434774 ], [ -84.462999593273636, 38.944208256308066 ], [ -84.462919580524542, 38.944051558012092 ], [ -84.462850131363211, 38.94389981745352 ], [ -84.462785073157249, 38.943746696122012 ], [ -84.462712589377858, 38.943608860128236 ], [ -84.462652484251393, 38.943495369928741 ], [ -84.462596697286571, 38.943356302094031 ], [ -84.462387891315799, 38.942893357966156 ], [ -84.462245996448772, 38.942615278336099 ], [ -84.462150804406619, 38.942376924926926 ], [ -84.462087758382651, 38.94216082168689 ], [ -84.462012022762849, 38.941962416514755 ], [ -84.461822402429846, 38.941594503403351 ], [ -84.461784419834274, 38.941530736215604 ], [ -84.461675333394496, 38.941348177925249 ], [ -84.461363233483354, 38.940725143020416 ], [ -84.461266469132312, 38.940547710243273 ], [ -84.46111876394653, 38.940233774498068 ], [ -84.460992216162367, 38.939940735965344 ], [ -84.460906759032568, 38.939722612822564 ], [ -84.460873192833262, 38.939665701434244 ], [ -84.460675771513721, 38.939330576357477 ], [ -84.460575443687958, 38.939135559563674 ], [ -84.460470212949005, 38.938917557833911 ], [ -84.460308546444438, 38.938635392418178 ], [ -84.460288563005122, 38.938564470941301 ], [ -84.46012193130754, 38.93838647617315 ], [ -84.459984768110345, 38.938217093404511 ], [ -84.459683490412687, 38.937828526401653 ], [ -84.459382395093584, 38.937500704928709 ], [ -84.459224070758737, 38.937307077971624 ], [ -84.45887985866942, 38.936959769167977 ], [ -84.458729533003208, 38.936795900312021 ], [ -84.458562861994025, 38.936601600799875 ], [ -84.458382474526076, 38.936374892277549 ], [ -84.458240920119948, 38.936204228816287 ], [ -84.458116154723598, 38.936063908444595 ], [ -84.457947879921903, 38.935921691931291 ], [ -84.457802049606443, 38.935790932430841 ], [ -84.457693624446406, 38.935678296563104 ], [ -84.45741779087264, 38.935418636054507 ], [ -84.457224411676236, 38.935255527332622 ], [ -84.456961393852055, 38.935019525028153 ], [ -84.456710642492467, 38.934769943701575 ], [ -84.456593880362206, 38.934660753423429 ], [ -84.456451592721251, 38.93453736439168 ], [ -84.456248466407942, 38.934345185418387 ], [ -84.456065630816752, 38.934179309794764 ], [ -84.45583543042504, 38.933892539263518 ], [ -84.455685443683649, 38.933688853483126 ], [ -84.455549114971262, 38.933497156661574 ], [ -84.455413740104945, 38.933331883657189 ], [ -84.455290207765927, 38.933158439504041 ], [ -84.45517720856742, 38.932980343210161 ], [ -84.455040388055124, 38.932818683546195 ], [ -84.455826812522147, 38.932760546476189 ], [ -84.466533415712661, 38.933344386033774 ], [ -84.472144690417849, 38.934528447855328 ], [ -84.475845727547011, 38.933072459453683 ], [ -84.484785795630359, 38.935952139261545 ], [ -84.494849230499852, 38.930081132709113 ], [ -84.497938895706966, 38.930340984926133 ], [ -84.500023310363503, 38.926583578700978 ], [ -84.50935693248654, 38.924618206202048 ], [ -84.509473430824883, 38.921112186979251 ], [ -84.502959923096341, 38.917723287122541 ], [ -84.500480803996808, 38.914986950233406 ], [ -84.498152079378045, 38.913291721638885 ], [ -84.495700473855749, 38.913950896057202 ], [ -84.493500647463918, 38.912119156233032 ], [ -84.491198396723405, 38.910858881200106 ], [ -84.489002305412455, 38.910088025861739 ], [ -84.484926706811592, 38.909768634419592 ], [ -84.482259239535722, 38.908549717863124 ], [ -84.47353956991445, 38.909178677696652 ], [ -84.470877223376888, 38.909266439990603 ], [ -84.468157419922449, 38.907924882205975 ], [ -84.465649052860996, 38.907399008497102 ], [ -84.462879307695303, 38.907076459793572 ], [ -84.461676056537215, 38.90605958756219 ], [ -84.460479697737895, 38.907694000855862 ], [ -84.459228261127791, 38.908674460923187 ], [ -84.457454607411321, 38.909371311009473 ], [ -84.456935055464683, 38.91031077657955 ], [ -84.455946919842873, 38.911456224985187 ], [ -84.453027384156499, 38.913297592490885 ], [ -84.453408902875594, 38.917022215174917 ], [ -84.453658164287518, 38.920222672461612 ], [ -84.454874254062915, 38.923924856763222 ], [ -84.454193395246577, 38.9247422364041 ], [ -84.452866505491812, 38.924493388817517 ], [ -84.451611995067097, 38.921387705042875 ], [ -84.451083355287167, 38.919159752977983 ], [ -84.44943336806169, 38.918283571032475 ], [ -84.448103762877921, 38.916998727345828 ], [ -84.446691952887164, 38.915023373157567 ], [ -84.445602007699847, 38.91317303681739 ], [ -84.445840358655303, 38.91216808469914 ], [ -84.447245721565181, 38.911820425206713 ], [ -84.447644676857053, 38.910783808219342 ], [ -84.449171324413555, 38.910718454049814 ], [ -84.448603094127265, 38.908647514044084 ], [ -84.446522104415294, 38.906562018066445 ], [ -84.446828162135219, 38.905732123923663 ], [ -84.448031699197927, 38.905415054265745 ], [ -84.450651072994773, 38.90792314975819 ], [ -84.452446001251076, 38.911175513502847 ], [ -84.455478424223173, 38.910330920731944 ], [ -84.455884072606167, 38.907742923070067 ], [ -84.459897426267659, 38.905327116935162 ], [ -84.461672457001683, 38.904835391066527 ], [ -84.462349626317774, 38.905027838920553 ], [ -84.459628508477749, 38.901316514784057 ], [ -84.457286738274078, 38.896728466807915 ], [ -84.4560294823455, 38.896499617175841 ], [ -84.455840271536431, 38.895268244052502 ], [ -84.458348059003342, 38.893415406361498 ], [ -84.459163739904525, 38.894010268263202 ], [ -84.458907973423663, 38.895021582587809 ], [ -84.457926881848636, 38.895905892719938 ], [ -84.459802681266979, 38.897976138735906 ], [ -84.461512840593329, 38.9010820947342 ], [ -84.46433209749766, 38.904812946543451 ], [ -84.469768624910898, 38.905676386546403 ], [ -84.47285280571846, 38.90664995803629 ], [ -84.477291937892332, 38.906397771585766 ], [ -84.480371304808642, 38.906105015848219 ], [ -84.483138736187129, 38.905977155245331 ], [ -84.484654669711006, 38.906423020782213 ], [ -84.487746702558837, 38.904396508730287 ], [ -84.489775279076397, 38.907228852483748 ], [ -84.49171107024587, 38.90800135755908 ], [ -84.495454906340214, 38.909358484391596 ], [ -84.497312675671679, 38.901127415277877 ], [ -84.498075837207821, 38.896249763656257 ], [ -84.499498463430925, 38.894164279222181 ], [ -84.50179310376582, 38.885068513010062 ], [ -84.494212600760463, 38.888079148869473 ], [ -84.484410425254666, 38.887066811523745 ], [ -84.478795836425718, 38.886909078036339 ], [ -84.474843090796128, 38.886620455016619 ], [ -84.472173833917722, 38.885329182243034 ], [ -84.470428817686823, 38.885284058929287 ], [ -84.469097193335926, 38.882964614911486 ], [ -84.466200390980447, 38.881306152645543 ], [ -84.465589713655149, 38.878857510729581 ], [ -84.466570097751699, 38.876263862215247 ], [ -84.462448461201049, 38.875630895491028 ], [ -84.45967205143107, 38.874096494126903 ], [ -84.45657295844633, 38.871403319988751 ], [ -84.452696400044417, 38.878378112145803 ], [ -84.449464547280357, 38.88604343879345 ], [ -84.447860076401341, 38.886830959315276 ], [ -84.444933678572411, 38.885503062549986 ], [ -84.446320695166278, 38.879883534493622 ], [ -84.449284117787528, 38.87398731311476 ], [ -84.452950755719414, 38.869048839789563 ], [ -84.454233555281931, 38.865406726316856 ], [ -84.457907954389995, 38.865182304706316 ], [ -84.45658879915598, 38.863240031327678 ], [ -84.457588091929892, 38.86135583289682 ], [ -84.460155724472344, 38.860942043188253 ], [ -84.460469579826409, 38.858117252405911 ], [ -84.462427859486525, 38.855037231462823 ], [ -84.464915091748225, 38.854373468036741 ], [ -84.46608197166006, 38.855531741975028 ], [ -84.464604515335793, 38.858234233911631 ], [ -84.464450739008925, 38.860526195130696 ], [ -84.46341591941119, 38.863604575385096 ], [ -84.459415925878531, 38.868572950710202 ], [ -84.460027237646543, 38.871648356006915 ], [ -84.46364127269328, 38.871891870691108 ], [ -84.47052232371037, 38.876181130455684 ], [ -84.470611782296189, 38.879163272745629 ], [ -84.472745288493044, 38.881041691686001 ], [ -84.47351629980119, 38.88330163545227 ], [ -84.476264881389326, 38.882864661233334 ], [ -84.478922432201159, 38.88145199765053 ], [ -84.483959924938134, 38.881329591926772 ], [ -84.489289922477241, 38.882332626984358 ], [ -84.494400633249469, 38.8828273117498 ], [ -84.499333896694765, 38.87889606625032 ], [ -84.492843557686598, 38.869020770156375 ], [ -84.487319086812676, 38.866583754625161 ], [ -84.480380771653898, 38.864601552698588 ], [ -84.47796207546746, 38.862951803123821 ], [ -84.478464399292648, 38.860809763726991 ], [ -84.481451953695483, 38.8606007616347 ], [ -84.488609987749768, 38.864041511061764 ], [ -84.491988925434143, 38.864541415796708 ], [ -84.493902524893542, 38.862999153281322 ], [ -84.497081681707471, 38.866874217799321 ], [ -84.501121830052554, 38.870183666832475 ], [ -84.502429893786697, 38.87383753015898 ], [ -84.506534315263877, 38.874096057218608 ], [ -84.506574937224514, 38.877349181893472 ], [ -84.511276642034247, 38.881331837694184 ], [ -84.512963108156924, 38.87973424097374 ], [ -84.520508386382545, 38.881799652133871 ], [ -84.523023828211564, 38.883426348465576 ], [ -84.525779080312617, 38.88346471271808 ], [ -84.532478541140321, 38.884120458341755 ], [ -84.533375586028896, 38.875210592436929 ], [ -84.532298857965259, 38.872629347475744 ], [ -84.530990704181818, 38.870397596773756 ], [ -84.528256096991413, 38.868880309812674 ], [ -84.525133345071225, 38.867770202613315 ], [ -84.522531965509955, 38.867065151404013 ], [ -84.519670008004752, 38.866157470251096 ], [ -84.516937449525557, 38.864844211135036 ], [ -84.515372535474526, 38.863526005582472 ], [ -84.511989787330847, 38.862010927225931 ], [ -84.509385086646859, 38.860289738970557 ], [ -84.507299091244676, 38.858262600895408 ], [ -84.504384506914249, 38.855106478558064 ], [ -84.499248911688255, 38.855225996489111 ], [ -84.496209186170574, 38.859356860213083 ], [ -84.491770281834491, 38.860342901447865 ], [ -84.488432489109186, 38.858504547790687 ], [ -84.498670435461506, 38.84849780706584 ], [ -84.508668903792625, 38.849887280732354 ], [ -84.508345949500509, 38.85503821303962 ], [ -84.510802080988242, 38.856934283775232 ], [ -84.515490252438298, 38.859971380054233 ], [ -84.51809357936294, 38.861286094315744 ], [ -84.520565930802661, 38.862296295661885 ], [ -84.523038606469669, 38.863610075032923 ], [ -84.525511101306861, 38.864620171923981 ], [ -84.528635009401413, 38.865832979566228 ], [ -84.531756429469709, 38.866840280743844 ], [ -84.53695525888709, 38.869679916360639 ], [ -84.537666070432579, 38.86748418348612 ], [ -84.533457007347394, 38.858437095326657 ], [ -84.535468804690836, 38.853175516187228 ], [ -84.535331961098564, 38.851035100485554 ], [ -84.534936720135917, 38.84941180942301 ], [ -84.530897491617864, 38.846272345503671 ], [ -84.530635441872491, 38.844868335347755 ], [ -84.530881934770491, 38.842512569271612 ], [ -84.528211243117099, 38.845081916292465 ], [ -84.524045694474992, 38.847201266092299 ], [ -84.523186302880717, 38.848755596774943 ], [ -84.520541902010962, 38.849398555541946 ], [ -84.517941246051137, 38.848130790308609 ], [ -84.514583345482905, 38.848536415363327 ], [ -84.512184538818232, 38.846750625599178 ], [ -84.512892613739325, 38.845515139960234 ], [ -84.514522943797942, 38.845949327482529 ], [ -84.515950730294705, 38.846662574584357 ], [ -84.518391777384323, 38.846099788884068 ], [ -84.520533230665762, 38.847089975795022 ], [ -84.521494753900356, 38.845615035501879 ], [ -84.524340474049311, 38.844414336735525 ], [ -84.526980525488625, 38.842696606896943 ], [ -84.529969750497955, 38.839186828341731 ], [ -84.527977897258438, 38.837814634644857 ], [ -84.522263883325209, 38.839481462416579 ], [ -84.519962011754302, 38.839146338310336 ], [ -84.518100825844698, 38.840027089925087 ], [ -84.515675136449318, 38.840080089938212 ], [ -84.514115507684366, 38.838431252284693 ], [ -84.511875159441047, 38.838143334190988 ], [ -84.509516809193798, 38.83936434823994 ], [ -84.508652276769453, 38.840777696444171 ], [ -84.506291155176342, 38.841511203518728 ], [ -84.503495153136029, 38.841858806515276 ], [ -84.501692043852842, 38.842153333581898 ], [ -84.500136905194751, 38.841720092319612 ], [ -84.499946261456103, 38.840795366551873 ], [ -84.499880032751008, 38.839628347952591 ], [ -84.504666224031155, 38.839180409935665 ], [ -84.50696372009746, 38.838058020622761 ], [ -84.510807234325299, 38.835130540355287 ], [ -84.513356398239168, 38.83488283735614 ], [ -84.517465859027354, 38.836478421725232 ], [ -84.520011598983885, 38.835548610298773 ], [ -84.522500615062825, 38.836077825551158 ], [ -84.526224454369952, 38.834560436465672 ], [ -84.530141039692197, 38.834453919079792 ], [ -84.531195476052105, 38.833577164476459 ], [ -84.533975790989246, 38.832069134797521 ], [ -84.533300385200889, 38.829708029131965 ], [ -84.532380475793815, 38.827169447206458 ], [ -84.53146350539167, 38.825139907419 ], [ -84.530681190885886, 38.824329082667823 ], [ -84.529119774466949, 38.823520102114387 ], [ -84.527690203070605, 38.823218722057568 ], [ -84.526259068368901, 38.822510983815782 ], [ -84.524698128280605, 38.821803526524654 ], [ -84.523266675014895, 38.820994164769168 ], [ -84.522093803369231, 38.819879425797652 ], [ -84.52079087520346, 38.818461345727563 ], [ -84.519485830972215, 38.816939408529713 ], [ -84.517921668331354, 38.815317588082621 ], [ -84.516231271680084, 38.814408272352487 ], [ -84.514149604581249, 38.813497549728062 ], [ -84.513163327899846, 38.813164660425201 ], [ -84.506127714434513, 38.819549609256327 ], [ -84.502656471790743, 38.826829698868139 ], [ -84.500278176443189, 38.829703777112002 ], [ -84.496279184488827, 38.832647925492033 ], [ -84.49244306609404, 38.833389814881578 ], [ -84.489207317962453, 38.835131171714863 ], [ -84.482899929980093, 38.836745112265625 ], [ -84.477355406182895, 38.836889389056459 ], [ -84.474423049654902, 38.834511452710331 ], [ -84.473587400129901, 38.832226152063356 ], [ -84.467696958152061, 38.830702611602931 ], [ -84.46539067429093, 38.829639319450678 ], [ -84.460534510108374, 38.831649725358488 ], [ -84.459178608248436, 38.834721295676928 ], [ -84.462611070367529, 38.841587375397644 ], [ -84.46825079933862, 38.844579484147836 ], [ -84.468192166719518, 38.847204689652735 ], [ -84.466725346691916, 38.847985046078037 ], [ -84.460058111663457, 38.843793734363352 ], [ -84.456202690543122, 38.838129298827994 ], [ -84.456919417020103, 38.835051112355025 ], [ -84.457299109551485, 38.834737193798901 ], [ -84.456948088704209, 38.833684497835634 ], [ -84.456888181173255, 38.831785200913465 ], [ -84.455339113905339, 38.831410090533424 ], [ -84.454653109795544, 38.833194671456688 ], [ -84.453038509939446, 38.832599882703668 ], [ -84.453030666800657, 38.832596992885769 ], [ -84.453038504734664, 38.83258904585491 ], [ -84.453843864189921, 38.831772461426077 ], [ -84.455410181280072, 38.829456990561724 ], [ -84.453260406220735, 38.823322403347696 ], [ -84.454197723298094, 38.822442374724758 ], [ -84.455730416587542, 38.822117136582023 ], [ -84.45907413331534, 38.828116125905922 ], [ -84.461373425021222, 38.826844324396696 ], [ -84.465291618152875, 38.825035761914229 ], [ -84.466219226101643, 38.827857491881723 ], [ -84.467515682648582, 38.827166742580893 ], [ -84.469393810018147, 38.827697024344978 ], [ -84.474174752746052, 38.829089157039128 ], [ -84.477936299621589, 38.831750768789632 ], [ -84.480418775112568, 38.834481488722744 ], [ -84.486979073860311, 38.831999800943365 ], [ -84.494051613882817, 38.829783567149882 ], [ -84.497368865327857, 38.82704108874745 ], [ -84.500338204837661, 38.822431066674042 ], [ -84.50049904155567, 38.819628441049119 ], [ -84.50322258309906, 38.818021308904306 ], [ -84.507813867974903, 38.814074796876845 ], [ -84.508563343074258, 38.812595671193584 ], [ -84.50700387841529, 38.812192738814602 ], [ -84.505706253816157, 38.812398736817556 ], [ -84.503628719024135, 38.812099601489408 ], [ -84.501548896012508, 38.811392954817478 ], [ -84.499253242320862, 38.810359548499072 ], [ -84.49773840616929, 38.809751895076211 ], [ -84.496116674603883, 38.81205393524322 ], [ -84.495320853317381, 38.814264443487325 ], [ -84.492716154194923, 38.817825543755873 ], [ -84.490174857705313, 38.819555860121156 ], [ -84.488338688509998, 38.819899665025169 ], [ -84.486476983439943, 38.818916855152388 ], [ -84.484164211174345, 38.820663409927889 ], [ -84.482898911914447, 38.820090132389623 ], [ -84.482620667207243, 38.819228695385824 ], [ -84.485987152876177, 38.816815613145629 ], [ -84.487939378685084, 38.817152887134895 ], [ -84.489522324778505, 38.816880306508551 ], [ -84.491558435154261, 38.814578641032348 ], [ -84.492607829743292, 38.81292320780684 ], [ -84.492763237493861, 38.811360532584764 ], [ -84.494370703775843, 38.809599120489359 ], [ -84.49400942733395, 38.808969607715312 ], [ -84.491145600533358, 38.806436965451432 ], [ -84.489318732273858, 38.803899887360238 ], [ -84.486978538618729, 38.802585119555332 ], [ -84.484631013132699, 38.799541077977011 ], [ -84.484299698670839, 38.79784206891923 ], [ -84.487226861150447, 38.797482965209568 ], [ -84.487351939387196, 38.797708180624028 ], [ -84.491257743342672, 38.801154205427736 ], [ -84.493602987233714, 38.803689054027267 ], [ -84.495687498883598, 38.806121682159819 ], [ -84.497252704175907, 38.808251732250611 ], [ -84.500887161234431, 38.80804086707132 ], [ -84.504008020922569, 38.809456393017449 ], [ -84.504872037533588, 38.809223866154305 ], [ -84.505167925633032, 38.805397663099633 ], [ -84.505034011739909, 38.80255978611217 ], [ -84.505886811995339, 38.799862524639394 ], [ -84.505955852695436, 38.799639854461205 ], [ -84.507010042499616, 38.799005340117034 ], [ -84.508316824955784, 38.799246768923318 ], [ -84.509116236737285, 38.799627723580372 ], [ -84.50893732416948, 38.800410281871677 ], [ -84.508146040296509, 38.803866071752871 ], [ -84.50864407564093, 38.80540327525889 ], [ -84.508348926860762, 38.807052319556234 ], [ -84.508812801476935, 38.809750686859395 ], [ -84.511284153429173, 38.810762227216756 ], [ -84.514661124333713, 38.81136307455111 ], [ -84.518039417853601, 38.812066540542112 ], [ -84.519540133530867, 38.809481857577182 ], [ -84.521152801138328, 38.80860277166785 ], [ -84.522745873114559, 38.805868244288874 ], [ -84.522882712671887, 38.805633347044662 ], [ -84.524435353977395, 38.805579975668309 ], [ -84.525183714252464, 38.806017046172506 ], [ -84.52537279324649, 38.806939484986998 ], [ -84.523274256660315, 38.81078631240073 ], [ -84.522094624671695, 38.811129469066223 ], [ -84.520508076630676, 38.81382489862974 ], [ -84.52129444211991, 38.814497170729602 ], [ -84.523120649519569, 38.816727857442686 ], [ -84.525465589609496, 38.818754131938562 ], [ -84.528326908728076, 38.819966443425386 ], [ -84.530926254250971, 38.820569790257593 ], [ -84.533396587073369, 38.821376564943847 ], [ -84.534571664024767, 38.822999116527718 ], [ -84.536024644947304, 38.829192381321853 ], [ -84.536163389406809, 38.831426945284811 ], [ -84.537469380077198, 38.833252322388098 ], [ -84.537218546454937, 38.835487832136295 ], [ -84.536059735528028, 38.838030313546646 ], [ -84.53529141544, 38.8405729622405 ], [ -84.534393744591085, 38.84372317540911 ], [ -84.535313047227717, 38.84626060129515 ], [ -84.537795269630763, 38.849810072318341 ], [ -84.53724626274132, 38.852436590070745 ], [ -84.53790114570954, 38.854067561355599 ], [ -84.538202422172247, 38.857666116396047 ], [ -84.541620764738397, 38.866771257673932 ], [ -84.541643246664563, 38.869762197668102 ], [ -84.543851779966374, 38.869655123640328 ], [ -84.546037402582797, 38.863758824006425 ], [ -84.549935582929365, 38.864052592187633 ], [ -84.549441641287515, 38.870250558669831 ], [ -84.54789125870802, 38.872185740378107 ], [ -84.545036618289771, 38.873410818429093 ], [ -84.537983249255646, 38.874824858417377 ], [ -84.538378326580897, 38.883627993178507 ], [ -84.543014302313892, 38.88111662520798 ], [ -84.548341476812183, 38.877470841896049 ], [ -84.55168076823449, 38.879090413488747 ], [ -84.549189929179221, 38.881158989428712 ], [ -84.549965027282823, 38.883430300527728 ], [ -84.549042251689144, 38.886526732166089 ], [ -84.545155406918468, 38.886480274850655 ], [ -84.540838762726082, 38.886941057850422 ], [ -84.542289223023644, 38.889637756744428 ], [ -84.541258169168501, 38.897093358206796 ], [ -84.546160147489374, 38.903270155743144 ], [ -84.548928580786551, 38.903165362789153 ], [ -84.551961378993212, 38.905403594173045 ], [ -84.55523121163192, 38.90307937600253 ], [ -84.559682920794913, 38.89919378911803 ], [ -84.558145060443735, 38.896828723140928 ], [ -84.555131818109047, 38.889486812290023 ], [ -84.55901352065797, 38.890137653755886 ], [ -84.566417986405781, 38.892551175501488 ], [ -84.565390808177582, 38.8889981804925 ], [ -84.566142933088059, 38.885750602033639 ], [ -84.566127969569735, 38.88234318142009 ], [ -84.565595445674077, 38.879655830075706 ], [ -84.563246526361652, 38.877225182909648 ], [ -84.5616739015436, 38.874383844833659 ], [ -84.561143581581192, 38.871947191157091 ], [ -84.561391170396178, 38.869102144039836 ], [ -84.560601906601747, 38.866869358588616 ], [ -84.557737333711714, 38.865252634238487 ], [ -84.556171269458488, 38.863631334534389 ], [ -84.556162595152443, 38.861801694897046 ], [ -84.55774027162488, 38.860340038574108 ], [ -84.557448822790519, 38.858750779513763 ], [ -84.558216191044437, 38.855702326478919 ], [ -84.559766398626067, 38.853666540204024 ], [ -84.561244790187232, 38.852661320012288 ], [ -84.560122028477352, 38.851886176179917 ], [ -84.559002903254964, 38.851744351530812 ], [ -84.556826642595624, 38.852040703697263 ], [ -84.556073550808549, 38.850437817153427 ], [ -84.561602358065812, 38.849061637671831 ], [ -84.562601775323529, 38.850080252264469 ], [ -84.56503026771658, 38.850803256254025 ], [ -84.568576838495062, 38.848562604858365 ], [ -84.570907784769005, 38.846728857959363 ], [ -84.572194932310381, 38.844286143759625 ], [ -84.572398631912634, 38.843634464735977 ], [ -84.567301013685622, 38.843940097784746 ], [ -84.562944258487477, 38.843027753529995 ], [ -84.562130425365325, 38.841765490870607 ], [ -84.563183945003914, 38.840742555629241 ], [ -84.56635397650723, 38.840684322494958 ], [ -84.568905692601277, 38.841212388146374 ], [ -84.573318043587221, 38.840665409613806 ], [ -84.576256605955564, 38.838984733128306 ], [ -84.576059505452207, 38.837164464752838 ], [ -84.576310987068112, 38.835335212214865 ], [ -84.577335195668951, 38.831879555147118 ], [ -84.578620944791524, 38.829233594752004 ], [ -84.581733948622002, 38.828412166614321 ], [ -84.5843321577008, 38.828607994415442 ], [ -84.586402341938907, 38.826774666739439 ], [ -84.589486441294028, 38.81985790153761 ], [ -84.590806122142055, 38.824525956479576 ], [ -84.588665327824828, 38.82758994343979 ], [ -84.589274628537495, 38.83021924761487 ], [ -84.591624758093545, 38.832853702153557 ], [ -84.593711414592065, 38.834676187655447 ], [ -84.595541349951461, 38.837108909935317 ], [ -84.595816717013122, 38.840358867427021 ], [ -84.597387006176106, 38.842590274682323 ], [ -84.599731992807236, 38.844207589433786 ], [ -84.602079970363377, 38.846232321602884 ], [ -84.603651687689208, 38.848868851311899 ], [ -84.604084707519135, 38.851769145282326 ], [ -84.603979206024817, 38.853222507380309 ], [ -84.603969952684423, 38.853349975791353 ], [ -84.603825310863556, 38.85398090941603 ], [ -84.603776570761909, 38.854193512017979 ], [ -84.603087944875924, 38.857197150311819 ], [ -84.601666135332209, 38.8633715417104 ], [ -84.602024609471059, 38.868070975394872 ], [ -84.600329753011806, 38.8691317574945 ], [ -84.599864465935511, 38.871224461715947 ], [ -84.598932463728858, 38.875071785292221 ], [ -84.597936012295477, 38.87944167133768 ], [ -84.598890232955966, 38.884742143504937 ], [ -84.599447364075857, 38.887835028793376 ], [ -84.599925381129722, 38.89048830229634 ], [ -84.600425020211972, 38.893262705849018 ], [ -84.601021206737684, 38.896572931055836 ], [ -84.603443831918355, 38.910020966536806 ], [ -84.604272961557257, 38.916907339756413 ], [ -84.606358658319692, 38.934224266518939 ], [ -84.609181585113006, 38.957241233351745 ], [ -84.610419525275859, 38.967332603667742 ], [ -84.611165046753513, 38.967407099734537 ], [ -84.613015851250069, 38.967537406896277 ], [ -84.616045413073522, 38.96759373721622 ], [ -84.616981739411486, 38.969692929774908 ], [ -84.617631268411998, 38.972817964395219 ], [ -84.622588678264407, 38.971203347967972 ], [ -84.627609759549188, 38.970186234380492 ], [ -84.629719794189995, 38.969872286761976 ], [ -84.632784888849272, 38.969456125405308 ], [ -84.632453228453898, 38.966438899994394 ], [ -84.633959280349714, 38.967990393818376 ], [ -84.635123137977189, 38.970484706413181 ], [ -84.636099744325051, 38.971061291950129 ], [ -84.636694745309526, 38.973536285755898 ], [ -84.637338107659019, 38.975408318123876 ], [ -84.637799362405971, 38.976557742573334 ], [ -84.638679209110691, 38.978594179021066 ], [ -84.633461956378312, 38.982397689423934 ], [ -84.626863838961867, 38.985778777898169 ], [ -84.621472786503176, 38.985755332795087 ], [ -84.612853669965915, 38.987228093618199 ], [ -84.613420718234707, 38.991861853618104 ], [ -84.613629150735989, 38.993568393166818 ], [ -84.613902505634528, 38.995806353969286 ], [ -84.614679147257775, 39.002163973594058 ], [ -84.617163773085409, 39.005527916414849 ], [ -84.616464125961571, 39.005913291469533 ], [ -84.617125202340873, 39.007133833488389 ], [ -84.615360233375569, 39.007740813871663 ], [ -84.616704887557361, 39.01875894938069 ], [ -84.616979407498732, 39.021007956056323 ], [ -84.61771884725097, 39.027061822618101 ], [ -84.619358203248566, 39.028075580984414 ], [ -84.617984236583425, 39.029234338793536 ], [ -84.619303349264968, 39.03024048799837 ], [ -84.627675585080439, 39.034780718122626 ], [ -84.635358850694061, 39.03774470171119 ], [ -84.639473260110563, 39.041264304394431 ], [ -84.640304051576422, 39.042605957681182 ], [ -84.640656321601426, 39.044515134609746 ], [ -84.640364980071624, 39.045403859434941 ], [ -84.625451288454272, 39.053965095725871 ], [ -84.620840832239494, 39.05145273985071 ], [ -84.620996150963393, 39.053879818696245 ], [ -84.621178895698847, 39.0553717932954 ], [ -84.621337461607979, 39.056666669085452 ], [ -84.622915696216708, 39.069567875157901 ], [ -84.623492715522929, 39.074282503455706 ], [ -84.623499685237249, 39.074339446072386 ], [ -84.623104586882363, 39.074221952261105 ], [ -84.621654676907028, 39.073865493568903 ], [ -84.620399975406897, 39.073624402763663 ], [ -84.619580892717622, 39.073504109934582 ], [ -84.618956411603634, 39.07338388851808 ], [ -84.618348914353589, 39.07331268760111 ], [ -84.616796176462728, 39.073329879837033 ], [ -84.615512578806545, 39.073374187863628 ], [ -84.613793809065967, 39.073468557905187 ], [ -84.611656798609971, 39.073392419758065 ], [ -84.609009192276986, 39.073338560538687 ], [ -84.607485618356037, 39.073377505805567 ], [ -84.605857997055864, 39.073476631492902 ], [ -84.603852970580249, 39.073735592003459 ], [ -84.602643469931451, 39.073988369144338 ], [ -84.60174997023239, 39.074219256457496 ], [ -84.600810120408227, 39.074516167459137 ], [ -84.599990724599138, 39.074867796217134 ], [ -84.599348980336828, 39.075175650743716 ], [ -84.59858707195221, 39.075581665521725 ], [ -84.598157453009193, 39.075873272033554 ], [ -84.597349471984586, 39.076405536109576 ], [ -84.596839470115967, 39.076647439818188 ], [ -84.595911332283649, 39.077009997814379 ], [ -84.594983281192171, 39.07730116532359 ], [ -84.594398821058775, 39.07744443792226 ], [ -84.592444883106026, 39.077922181242656 ], [ -84.589969660032423, 39.078411691283208 ], [ -84.589711984089348, 39.078483130587991 ], [ -84.588548896480162, 39.078708344528735 ], [ -84.586474421636638, 39.079224428573568 ], [ -84.586102260403493, 39.079296014752664 ], [ -84.585827431393099, 39.079372985314109 ], [ -84.584789830169555, 39.079603810735911 ], [ -84.582601407391095, 39.079961425098254 ], [ -84.580974102362461, 39.080263374487792 ], [ -84.580234937326566, 39.08038418848826 ], [ -84.579925288323096, 39.080455751583635 ], [ -84.579518744160907, 39.080521750826975 ], [ -84.576528132051749, 39.081098041571643 ], [ -84.574528335097355, 39.081609247242248 ], [ -84.573267477981602, 39.081949376677755 ], [ -84.572511362956874, 39.082223936794698 ], [ -84.571909965940264, 39.082438355427676 ], [ -84.571279430520448, 39.082734529337998 ], [ -84.570867145780213, 39.08299801822703 ], [ -84.570362904380957, 39.083278399926087 ], [ -84.569783902085121, 39.083679440861253 ], [ -84.569457569206335, 39.083866160784119 ], [ -84.569090992406885, 39.084113046854753 ], [ -84.567830105536359, 39.08505729835116 ], [ -84.567646772540883, 39.085221664609989 ], [ -84.566598224194038, 39.085996310503283 ], [ -84.566031043309806, 39.086391638766493 ], [ -84.56414603732938, 39.087824673597559 ], [ -84.563498449902738, 39.08836777356511 ], [ -84.563120613287907, 39.08876876145326 ], [ -84.562278437079456, 39.089630504124159 ], [ -84.561544844252538, 39.090453860783683 ], [ -84.561097778863001, 39.091041889751999 ], [ -84.560925913608898, 39.091217195972384 ], [ -84.560370395000405, 39.091881523103247 ], [ -84.55970545893075, 39.092704858387933 ], [ -84.559442150287211, 39.093122177609807 ], [ -84.558995047355324, 39.09370933965404 ], [ -84.558364765952504, 39.094406455494358 ], [ -84.55702981978682, 39.095614519842705 ], [ -84.55669787040425, 39.095949645647451 ], [ -84.556176104024459, 39.096388391362488 ], [ -84.555866837253717, 39.096674209513971 ], [ -84.555568782993888, 39.096904916363862 ], [ -84.554703953238757, 39.09766198953065 ], [ -84.553890101898588, 39.098293490960387 ], [ -84.553368556502889, 39.098584482225604 ], [ -84.552555053561917, 39.098991015087606 ], [ -84.551661033236812, 39.099314526211415 ], [ -84.550819070565254, 39.099555876278856 ], [ -84.550079728295742, 39.099693488662645 ], [ -84.549300556126624, 39.099786241129657 ], [ -84.548217488733954, 39.099879584395737 ], [ -84.546716446556928, 39.099972254446818 ], [ -84.545530366928659, 39.099972315474666 ], [ -84.543798606284327, 39.09954645878269 ], [ -84.542276056900505, 39.09954903981464 ], [ -84.540665828940917, 39.099109622748067 ], [ -84.540058450143661, 39.098884273171599 ], [ -84.539353675943801, 39.098642685214294 ], [ -84.536735212195268, 39.097615234179763 ], [ -84.53654634045877, 39.097521831930052 ], [ -84.534804252654027, 39.096796610428285 ], [ -84.534208541426864, 39.09650548154729 ], [ -84.53394478376363, 39.096406421033443 ], [ -84.53238096282557, 39.095642813006279 ], [ -84.530839354931771, 39.094807747328296 ], [ -84.530249230577169, 39.094472829584568 ], [ -84.528341172810684, 39.093500298044809 ], [ -84.527241278504235, 39.092984162682882 ], [ -84.526639698183786, 39.092753410470742 ], [ -84.526146815606623, 39.092615918496222 ], [ -84.525356171231323, 39.09246178909649 ], [ -84.523952370052172, 39.092269270551355 ], [ -84.522920738431253, 39.092202510579313 ], [ -84.52140246506859, 39.092246166471668 ], [ -84.519752362507248, 39.092366464516452 ], [ -84.51842299777428, 39.092524788618213 ], [ -84.515776031641749, 39.09293042393989 ], [ -84.513444171839495, 39.093286220831068 ], [ -84.510859902498822, 39.093751491181017 ], [ -84.510029198797298, 39.093959580519794 ], [ -84.507662508680113, 39.094688725345236 ], [ -84.50694375887285, 39.094928464853979 ], [ -84.505806244453467, 39.095308099058428 ], [ -84.50463202981868, 39.095773940363912 ], [ -84.503800191597136, 39.096170396738515 ], [ -84.503785705539229, 39.096177269893495 ], [ -84.503748046446674, 39.09619521880294 ], [ -84.503748697141461, 39.096384496122802 ], [ -84.503615030040351, 39.096446040790035 ], [ -84.50335084474861, 39.096463595375418 ], [ -84.503107527840555, 39.096528807175631 ], [ -84.502865737863573, 39.096652527519971 ], [ -84.502427818048574, 39.096860403116359 ], [ -84.501942708924147, 39.097301400016661 ], [ -84.501735926631866, 39.097487674775898 ], [ -84.501367230673367, 39.097720280147563 ], [ -84.501113517297767, 39.097837159431414 ], [ -84.500737658113081, 39.098037175618252 ], [ -84.500442472979529, 39.098260184100631 ], [ -84.500197178983228, 39.098518778174515 ], [ -84.499715538873104, 39.098824715290391 ], [ -84.499418384037284, 39.098989384183078 ], [ -84.499058538866947, 39.099111629728903 ], [ -84.49861531502637, 39.0991944123829 ], [ -84.498446320341174, 39.099358981217534 ], [ -84.498180230985867, 39.099720912751025 ], [ -84.497933400418475, 39.09992099205256 ], [ -84.497646360343879, 39.100084091317974 ], [ -84.497357704476784, 39.100289575887679 ], [ -84.497053724020574, 39.100522204107364 ], [ -84.496750824792855, 39.100813341479181 ], [ -84.49656157145445, 39.100980695254457 ], [ -84.496377071919227, 39.101122128059217 ], [ -84.49537903774538, 39.102024201949597 ], [ -84.495126552453399, 39.102250025621181 ], [ -84.494944106131115, 39.102349241298086 ], [ -84.494817456930861, 39.102407672658451 ], [ -84.494553076216746, 39.102374931201034 ], [ -84.494438342013595, 39.102440202055227 ], [ -84.494396420542685, 39.102546332142673 ], [ -84.49445202375351, 39.102706998637707 ], [ -84.494066435935011, 39.102908900335585 ], [ -84.493602400939139, 39.103616643107699 ], [ -84.493221299266651, 39.104234299484148 ], [ -84.492509094233597, 39.105151546796627 ], [ -84.491415978608217, 39.106626553315884 ], [ -84.490525758860286, 39.107802567114781 ], [ -84.489890592518734, 39.10885862823627 ], [ -84.489508964853343, 39.109336940660121 ], [ -84.48910231604475, 39.109974709752244 ], [ -84.487753500320309, 39.111430291845593 ], [ -84.486276377672567, 39.112866209643705 ], [ -84.485067631648391, 39.113812883269972 ], [ -84.484904364407882, 39.113998011202256 ], [ -84.484658057697388, 39.114249880848185 ], [ -84.482583992868783, 39.116122946530901 ], [ -84.482199928828663, 39.116419523186991 ], [ -84.481695751081176, 39.116628137475416 ], [ -84.481157300151523, 39.117001886473247 ], [ -84.480641627532378, 39.117474081337107 ], [ -84.479140450050096, 39.118221016319573 ], [ -84.47722674589113, 39.119062071426058 ], [ -84.476676485277963, 39.119336471164125 ], [ -84.476132433787271, 39.119765116381913 ], [ -84.476051510927405, 39.119809198184377 ], [ -84.475799946385024, 39.119946436614683 ], [ -84.474052291457468, 39.120660316945362 ], [ -84.472539759133639, 39.121198878259953 ], [ -84.471680189330854, 39.121473836204203 ], [ -84.471010056255125, 39.121605499948842 ], [ -84.470608753632305, 39.121622206774155 ], [ -84.470081702148207, 39.121578061236733 ], [ -84.469909730000907, 39.121528791254534 ], [ -84.469468592271539, 39.121485168627025 ], [ -84.468047509741496, 39.121688902083726 ], [ -84.465652621949118, 39.121990832020053 ], [ -84.464558351256656, 39.122023880032586 ], [ -84.463566977051826, 39.121991356810938 ], [ -84.462461301546696, 39.121892797013459 ], [ -84.461831015374727, 39.121799381367858 ], [ -84.461395199500743, 39.121766529710541 ], [ -84.460260796848075, 39.121634883393064 ] ], [ [ -84.34528228540232, 38.914267291418923 ], [ -84.346049289865903, 38.908598118770719 ], [ -84.34078299339663, 38.903247533753763 ], [ -84.340126254877816, 38.900108922017658 ], [ -84.323038740327291, 38.892445570123229 ], [ -84.308469150390906, 38.89442862933889 ], [ -84.304088472694517, 38.89586413324573 ], [ -84.304397071934204, 38.899686418892941 ], [ -84.3117373677796, 38.90302742445914 ], [ -84.318750680120729, 38.905820646103386 ], [ -84.320893582568004, 38.908049677408087 ], [ -84.321158861522406, 38.912277054797869 ], [ -84.322613958407672, 38.915743165946147 ], [ -84.326729593483932, 38.916399608975226 ], [ -84.334176397564363, 38.916627592668341 ], [ -84.338436155825548, 38.918287159984132 ], [ -84.343232882739343, 38.917498878257966 ], [ -84.34528228540232, 38.914267291418923 ] ] ] ] } }
]
}
